group_id,event_index,event_token,token_ioi_class,token_strength_class,onset_seconds,ioi_seconds,onset_strength_norm,candidate_event_id,clip_filename,clip_path,token_rule
PERF-001,1,START_WEAK,START,WEAK,0.476009,,0.010559,PERF-001-CAND-0001,PERF-001_event_0001_PERF-001-CAND-0001.wav,C:\Users\vonje\Documents\4th Year Acts\Thesis\Latest Requirements\Thesis App\data_pipeline\data\event_review\candidate_event_clips\PERF-001\PERF-001_event_0001_PERF-001-CAND-0001.wav,IOI tertile + onset-strength tertile; first event per recording uses START
PERF-001,2,LONG_STRONG,LONG,STRONG,2.693515,2.217506,0.036993,PERF-001-CAND-0002,PERF-001_event_0002_PERF-001-CAND-0002.wav,C:\Users\vonje\Documents\4th Year Acts\Thesis\Latest Requirements\Thesis App\data_pipeline\data\event_review\candidate_event_clips\PERF-001\PERF-001_event_0002_PERF-001-CAND-0002.wav,IOI tertile + onset-strength tertile; first event per recording uses START
PERF-001,3,SHORT_STRONG,SHORT,STRONG,3.239184,0.5456689999999997,0.045541,PERF-001-CAND-0003,PERF-001_event_0003_PERF-001-CAND-0003.wav,C:\Users\vonje\Documents\4th Year Acts\Thesis\Latest Requirements\Thesis App\data_pipeline\data\event_review\candidate_event_clips\PERF-001\PERF-001_event_0003_PERF-001-CAND-0003.wav,IOI tertile + onset-strength tertile; first event per recording uses START
PERF-001,4,MEDIUM_MEDIUM,MEDIUM,MEDIUM,3.831293,0.5921090000000002,0.03071,PERF-001-CAND-0004,PERF-001_event_0004_PERF-001-CAND-0004.wav,C:\Users\vonje\Documents\4th Year Acts\Thesis\Latest Requirements\Thesis App\data_pipeline\data\event_review\candidate_event_clips\PERF-001\PERF-001_event_0004_PERF-001-CAND-0004.wav,IOI tertile + onset-strength tertile; first event per recording uses START
PERF-001,5,MEDIUM_MEDIUM,MEDIUM,MEDIUM,4.95746,1.1261670000000001,0.034913,PERF-001-CAND-0005,PERF-001_event_0005_PERF-001-CAND-0005.wav,C:\Users\vonje\Documents\4th Year Acts\Thesis\Latest Requirements\Thesis App\data_pipeline\data\event_review\candidate_event_clips\PERF-001\PERF-001_event_0005_PERF-001-CAND-0005.wav,IOI tertile + onset-strength tertile; first event per recording uses START
PERF-001,6,SHORT_STRONG,SHORT,STRONG,5.514739,0.5572789999999994,0.043318,PERF-001-CAND-0006,PERF-001_event_0006_PERF-001-CAND-0006.wav,C:\Users\vonje\Documents\4th Year Acts\Thesis\Latest Requirements\Thesis App\data_pipeline\data\event_review\candidate_event_clips\PERF-001\PERF-001_event_0006_PERF-001-CAND-0006.wav,IOI tertile + onset-strength tertile; first event per recording uses START
PERF-001,7,LONG_STRONG,LONG,STRONG,6.664127,1.149388,0.038952,PERF-001-CAND-0007,PERF-001_event_0007_PERF-001-CAND-0007.wav,C:\Users\vonje\Documents\4th Year Acts\Thesis\Latest Requirements\Thesis App\data_pipeline\data\event_review\candidate_event_clips\PERF-001\PERF-001_event_0007_PERF-001-CAND-0007.wav,IOI tertile + onset-strength tertile; first event per recording uses START
PERF-001,8,MEDIUM_STRONG,MEDIUM,STRONG,7.233016,0.5688890000000004,0.046013,PERF-001-CAND-0008,PERF-001_event_0008_PERF-001-CAND-0008.wav,C:\Users\vonje\Documents\4th Year Acts\Thesis\Latest Requirements\Thesis App\data_pipeline\data\event_review\candidate_event_clips\PERF-001\PERF-001_event_0008_PERF-001-CAND-0008.wav,IOI tertile + onset-strength tertile; first event per recording uses START
PERF-001,9,MEDIUM_STRONG,MEDIUM,STRONG,7.813515,0.5804989999999997,0.045462,PERF-001-CAND-0009,PERF-001_event_0009_PERF-001-CAND-0009.wav,C:\Users\vonje\Documents\4th Year Acts\Thesis\Latest Requirements\Thesis App\data_pipeline\data\event_review\candidate_event_clips\PERF-001\PERF-001_event_0009_PERF-001-CAND-0009.wav,IOI tertile + onset-strength tertile; first event per recording uses START
PERF-001,10,SHORT_WEAK,SHORT,WEAK,8.370794,0.5572790000000003,0.025006,PERF-001-CAND-0010,PERF-001_event_0010_PERF-001-CAND-0010.wav,C:\Users\vonje\Documents\4th Year Acts\Thesis\Latest Requirements\Thesis App\data_pipeline\data\event_review\candidate_event_clips\PERF-001\PERF-001_event_0010_PERF-001-CAND-0010.wav,IOI tertile + onset-strength tertile; first event per recording uses START
PERF-001,11,MEDIUM_STRONG,MEDIUM,STRONG,9.508571,1.1377769999999998,0.042753,PERF-001-CAND-0011,PERF-001_event_0011_PERF-001-CAND-0011.wav,C:\Users\vonje\Documents\4th Year Acts\Thesis\Latest Requirements\Thesis App\data_pipeline\data\event_review\candidate_event_clips\PERF-001\PERF-001_event_0011_PERF-001-CAND-0011.wav,IOI tertile + onset-strength tertile; first event per recording uses START
PERF-001,12,LONG_MEDIUM,LONG,MEDIUM,10.669569,1.1609979999999993,0.034404,PERF-001-CAND-0012,PERF-001_event_0012_PERF-001-CAND-0012.wav,C:\Users\vonje\Documents\4th Year Acts\Thesis\Latest Requirements\Thesis App\data_pipeline\data\event_review\candidate_event_clips\PERF-001\PERF-001_event_0012_PERF-001-CAND-0012.wav,IOI tertile + onset-strength tertile; first event per recording uses START
PERF-001,13,SHORT_MEDIUM,SHORT,MEDIUM,11.226848,0.5572790000000012,0.03497,PERF-001-CAND-0013,PERF-001_event_0013_PERF-001-CAND-0013.wav,C:\Users\vonje\Documents\4th Year Acts\Thesis\Latest Requirements\Thesis App\data_pipeline\data\event_review\candidate_event_clips\PERF-001\PERF-001_event_0013_PERF-001-CAND-0013.wav,IOI tertile + onset-strength tertile; first event per recording uses START
PERF-001,14,LONG_MEDIUM,LONG,MEDIUM,12.376236,1.149388,0.033526,PERF-001-CAND-0014,PERF-001_event_0014_PERF-001-CAND-0014.wav,C:\Users\vonje\Documents\4th Year Acts\Thesis\Latest Requirements\Thesis App\data_pipeline\data\event_review\candidate_event_clips\PERF-001\PERF-001_event_0014_PERF-001-CAND-0014.wav,IOI tertile + onset-strength tertile; first event per recording uses START
PERF-001,15,LONG_STRONG,LONG,STRONG,14.094512,1.7182759999999995,0.043763,PERF-001-CAND-0015,PERF-001_event_0015_PERF-001-CAND-0015.wav,C:\Users\vonje\Documents\4th Year Acts\Thesis\Latest Requirements\Thesis App\data_pipeline\data\event_review\candidate_event_clips\PERF-001\PERF-001_event_0015_PERF-001-CAND-0015.wav,IOI tertile + onset-strength tertile; first event per recording uses START
PERF-001,16,LONG_STRONG,LONG,STRONG,15.2439,1.149388,0.036653,PERF-001-CAND-0016,PERF-001_event_0016_PERF-001-CAND-0016.wav,C:\Users\vonje\Documents\4th Year Acts\Thesis\Latest Requirements\Thesis App\data_pipeline\data\event_review\candidate_event_clips\PERF-001\PERF-001_event_0016_PERF-001-CAND-0016.wav,IOI tertile + onset-strength tertile; first event per recording uses START
PERF-001,17,LONG_MEDIUM,LONG,MEDIUM,16.915737,1.671837,0.033623,PERF-001-CAND-0017,PERF-001_event_0017_PERF-001-CAND-0017.wav,C:\Users\vonje\Documents\4th Year Acts\Thesis\Latest Requirements\Thesis App\data_pipeline\data\event_review\candidate_event_clips\PERF-001\PERF-001_event_0017_PERF-001-CAND-0017.wav,IOI tertile + onset-strength tertile; first event per recording uses START
PERF-001,18,MEDIUM_STRONG,MEDIUM,STRONG,17.531066,0.6153289999999991,0.039418,PERF-001-CAND-0018,PERF-001_event_0018_PERF-001-CAND-0018.wav,C:\Users\vonje\Documents\4th Year Acts\Thesis\Latest Requirements\Thesis App\data_pipeline\data\event_review\candidate_event_clips\PERF-001\PERF-001_event_0018_PERF-001-CAND-0018.wav,IOI tertile + onset-strength tertile; first event per recording uses START
PERF-001,19,LONG_MEDIUM,LONG,MEDIUM,18.680454,1.1493880000000019,0.031973,PERF-001-CAND-0019,PERF-001_event_0019_PERF-001-CAND-0019.wav,C:\Users\vonje\Documents\4th Year Acts\Thesis\Latest Requirements\Thesis App\data_pipeline\data\event_review\candidate_event_clips\PERF-001\PERF-001_event_0019_PERF-001-CAND-0019.wav,IOI tertile + onset-strength tertile; first event per recording uses START
PERF-001,20,SHORT_STRONG,SHORT,STRONG,19.249342,0.5688879999999976,0.040982,PERF-001-CAND-0020,PERF-001_event_0020_PERF-001-CAND-0020.wav,C:\Users\vonje\Documents\4th Year Acts\Thesis\Latest Requirements\Thesis App\data_pipeline\data\event_review\candidate_event_clips\PERF-001\PERF-001_event_0020_PERF-001-CAND-0020.wav,IOI tertile + onset-strength tertile; first event per recording uses START
PERF-001,21,LONG_MEDIUM,LONG,MEDIUM,20.967619,1.7182770000000005,0.031662,PERF-001-CAND-0021,PERF-001_event_0021_PERF-001-CAND-0021.wav,C:\Users\vonje\Documents\4th Year Acts\Thesis\Latest Requirements\Thesis App\data_pipeline\data\event_review\candidate_event_clips\PERF-001\PERF-001_event_0021_PERF-001-CAND-0021.wav,IOI tertile + onset-strength tertile; first event per recording uses START
PERF-001,22,LONG_STRONG,LONG,STRONG,22.117007,1.1493880000000019,0.049004,PERF-001-CAND-0022,PERF-001_event_0022_PERF-001-CAND-0022.wav,C:\Users\vonje\Documents\4th Year Acts\Thesis\Latest Requirements\Thesis App\data_pipeline\data\event_review\candidate_event_clips\PERF-001\PERF-001_event_0022_PERF-001-CAND-0022.wav,IOI tertile + onset-strength tertile; first event per recording uses START
PERF-001,23,MEDIUM_STRONG,MEDIUM,STRONG,22.709116,0.5921090000000007,0.051565,PERF-001-CAND-0023,PERF-001_event_0023_PERF-001-CAND-0023.wav,C:\Users\vonje\Documents\4th Year Acts\Thesis\Latest Requirements\Thesis App\data_pipeline\data\event_review\candidate_event_clips\PERF-001\PERF-001_event_0023_PERF-001-CAND-0023.wav,IOI tertile + onset-strength tertile; first event per recording uses START
PERF-001,24,LONG_MEDIUM,LONG,MEDIUM,23.870113,1.1609969999999983,0.035092,PERF-001-CAND-0024,PERF-001_event_0024_PERF-001-CAND-0024.wav,C:\Users\vonje\Documents\4th Year Acts\Thesis\Latest Requirements\Thesis App\data_pipeline\data\event_review\candidate_event_clips\PERF-001\PERF-001_event_0024_PERF-001-CAND-0024.wav,IOI tertile + onset-strength tertile; first event per recording uses START
PERF-001,25,LONG_MEDIUM,LONG,MEDIUM,26.737778,2.867664999999999,0.034998,PERF-001-CAND-0025,PERF-001_event_0025_PERF-001-CAND-0025.wav,C:\Users\vonje\Documents\4th Year Acts\Thesis\Latest Requirements\Thesis App\data_pipeline\data\event_review\candidate_event_clips\PERF-001\PERF-001_event_0025_PERF-001-CAND-0025.wav,IOI tertile + onset-strength tertile; first event per recording uses START
PERF-001,26,LONG_STRONG,LONG,STRONG,29.059773,2.321995000000001,0.037577,PERF-001-CAND-0026,PERF-001_event_0026_PERF-001-CAND-0026.wav,C:\Users\vonje\Documents\4th Year Acts\Thesis\Latest Requirements\Thesis App\data_pipeline\data\event_review\candidate_event_clips\PERF-001\PERF-001_event_0026_PERF-001-CAND-0026.wav,IOI tertile + onset-strength tertile; first event per recording uses START
PERF-001,27,LONG_MEDIUM,LONG,MEDIUM,30.78966,1.7298870000000015,0.033429,PERF-001-CAND-0027,PERF-001_event_0027_PERF-001-CAND-0027.wav,C:\Users\vonje\Documents\4th Year Acts\Thesis\Latest Requirements\Thesis App\data_pipeline\data\event_review\candidate_event_clips\PERF-001\PERF-001_event_0027_PERF-001-CAND-0027.wav,IOI tertile + onset-strength tertile; first event per recording uses START
PERF-001,28,LONG_MEDIUM,LONG,MEDIUM,31.950658,1.1609979999999993,0.029534,PERF-001-CAND-0028,PERF-001_event_0028_PERF-001-CAND-0028.wav,C:\Users\vonje\Documents\4th Year Acts\Thesis\Latest Requirements\Thesis App\data_pipeline\data\event_review\candidate_event_clips\PERF-001\PERF-001_event_0028_PERF-001-CAND-0028.wav,IOI tertile + onset-strength tertile; first event per recording uses START
PERF-001,29,LONG_STRONG,LONG,STRONG,33.680544,1.729885999999997,0.047152,PERF-001-CAND-0029,PERF-001_event_0029_PERF-001-CAND-0029.wav,C:\Users\vonje\Documents\4th Year Acts\Thesis\Latest Requirements\Thesis App\data_pipeline\data\event_review\candidate_event_clips\PERF-001\PERF-001_event_0029_PERF-001-CAND-0029.wav,IOI tertile + onset-strength tertile; first event per recording uses START
PERF-001,30,LONG_STRONG,LONG,STRONG,34.853152,1.1726080000000039,0.040954,PERF-001-CAND-0030,PERF-001_event_0030_PERF-001-CAND-0030.wav,C:\Users\vonje\Documents\4th Year Acts\Thesis\Latest Requirements\Thesis App\data_pipeline\data\event_review\candidate_event_clips\PERF-001\PERF-001_event_0030_PERF-001-CAND-0030.wav,IOI tertile + onset-strength tertile; first event per recording uses START
PERF-001,31,LONG_MEDIUM,LONG,MEDIUM,38.289705,3.4365529999999964,0.03012,PERF-001-CAND-0031,PERF-001_event_0031_PERF-001-CAND-0031.wav,C:\Users\vonje\Documents\4th Year Acts\Thesis\Latest Requirements\Thesis App\data_pipeline\data\event_review\candidate_event_clips\PERF-001\PERF-001_event_0031_PERF-001-CAND-0031.wav,IOI tertile + onset-strength tertile; first event per recording uses START
PERF-001,32,LONG_WEAK,LONG,WEAK,39.473923,1.1842180000000013,0.020975,PERF-001-CAND-0032,PERF-001_event_0032_PERF-001-CAND-0032.wav,C:\Users\vonje\Documents\4th Year Acts\Thesis\Latest Requirements\Thesis App\data_pipeline\data\event_review\candidate_event_clips\PERF-001\PERF-001_event_0032_PERF-001-CAND-0032.wav,IOI tertile + onset-strength tertile; first event per recording uses START
PERF-001,33,SHORT_MEDIUM,SHORT,MEDIUM,39.740952,0.26702900000000085,0.034789,PERF-001-CAND-0033,PERF-001_event_0033_PERF-001-CAND-0033.wav,C:\Users\vonje\Documents\4th Year Acts\Thesis\Latest Requirements\Thesis App\data_pipeline\data\event_review\candidate_event_clips\PERF-001\PERF-001_event_0033_PERF-001-CAND-0033.wav,IOI tertile + onset-strength tertile; first event per recording uses START
PERF-001,34,LONG_MEDIUM,LONG,MEDIUM,42.922086,3.181134,0.031476,PERF-001-CAND-0034,PERF-001_event_0034_PERF-001-CAND-0034.wav,C:\Users\vonje\Documents\4th Year Acts\Thesis\Latest Requirements\Thesis App\data_pipeline\data\event_review\candidate_event_clips\PERF-001\PERF-001_event_0034_PERF-001-CAND-0034.wav,IOI tertile + onset-strength tertile; first event per recording uses START
PERF-001,35,MEDIUM_STRONG,MEDIUM,STRONG,43.525805,0.6037189999999981,0.036568,PERF-001-CAND-0035,PERF-001_event_0035_PERF-001-CAND-0035.wav,C:\Users\vonje\Documents\4th Year Acts\Thesis\Latest Requirements\Thesis App\data_pipeline\data\event_review\candidate_event_clips\PERF-001\PERF-001_event_0035_PERF-001-CAND-0035.wav,IOI tertile + onset-strength tertile; first event per recording uses START
PERF-001,36,LONG_STRONG,LONG,STRONG,45.267302,1.7414970000000025,0.036767,PERF-001-CAND-0036,PERF-001_event_0036_PERF-001-CAND-0036.wav,C:\Users\vonje\Documents\4th Year Acts\Thesis\Latest Requirements\Thesis App\data_pipeline\data\event_review\candidate_event_clips\PERF-001\PERF-001_event_0036_PERF-001-CAND-0036.wav,IOI tertile + onset-strength tertile; first event per recording uses START
PERF-001,37,MEDIUM_STRONG,MEDIUM,STRONG,45.8478,0.5804979999999986,0.036645,PERF-001-CAND-0037,PERF-001_event_0037_PERF-001-CAND-0037.wav,C:\Users\vonje\Documents\4th Year Acts\Thesis\Latest Requirements\Thesis App\data_pipeline\data\event_review\candidate_event_clips\PERF-001\PERF-001_event_0037_PERF-001-CAND-0037.wav,IOI tertile + onset-strength tertile; first event per recording uses START
PERF-001,38,LONG_MEDIUM,LONG,MEDIUM,47.008798,1.1609979999999993,0.029035,PERF-001-CAND-0038,PERF-001_event_0038_PERF-001-CAND-0038.wav,C:\Users\vonje\Documents\4th Year Acts\Thesis\Latest Requirements\Thesis App\data_pipeline\data\event_review\candidate_event_clips\PERF-001\PERF-001_event_0038_PERF-001-CAND-0038.wav,IOI tertile + onset-strength tertile; first event per recording uses START
PERF-001,39,SHORT_STRONG,SHORT,STRONG,47.577687,0.5688889999999986,0.036495,PERF-001-CAND-0039,PERF-001_event_0039_PERF-001-CAND-0039.wav,C:\Users\vonje\Documents\4th Year Acts\Thesis\Latest Requirements\Thesis App\data_pipeline\data\event_review\candidate_event_clips\PERF-001\PERF-001_event_0039_PERF-001-CAND-0039.wav,IOI tertile + onset-strength tertile; first event per recording uses START
PERF-001,40,LONG_WEAK,LONG,WEAK,48.750295,1.1726080000000039,0.024137,PERF-001-CAND-0040,PERF-001_event_0040_PERF-001-CAND-0040.wav,C:\Users\vonje\Documents\4th Year Acts\Thesis\Latest Requirements\Thesis App\data_pipeline\data\event_review\candidate_event_clips\PERF-001\PERF-001_event_0040_PERF-001-CAND-0040.wav,IOI tertile + onset-strength tertile; first event per recording uses START
PERF-001,41,MEDIUM_MEDIUM,MEDIUM,MEDIUM,49.330794,0.5804989999999961,0.032194,PERF-001-CAND-0041,PERF-001_event_0041_PERF-001-CAND-0041.wav,C:\Users\vonje\Documents\4th Year Acts\Thesis\Latest Requirements\Thesis App\data_pipeline\data\event_review\candidate_event_clips\PERF-001\PERF-001_event_0041_PERF-001-CAND-0041.wav,IOI tertile + onset-strength tertile; first event per recording uses START
PERF-001,42,MEDIUM_STRONG,MEDIUM,STRONG,49.911293,0.5804990000000032,0.053862,PERF-001-CAND-0042,PERF-001_event_0042_PERF-001-CAND-0042.wav,C:\Users\vonje\Documents\4th Year Acts\Thesis\Latest Requirements\Thesis App\data_pipeline\data\event_review\candidate_event_clips\PERF-001\PERF-001_event_0042_PERF-001-CAND-0042.wav,IOI tertile + onset-strength tertile; first event per recording uses START
PERF-001,43,LONG_MEDIUM,LONG,MEDIUM,51.07229,1.1609970000000018,0.031481,PERF-001-CAND-0043,PERF-001_event_0043_PERF-001-CAND-0043.wav,C:\Users\vonje\Documents\4th Year Acts\Thesis\Latest Requirements\Thesis App\data_pipeline\data\event_review\candidate_event_clips\PERF-001\PERF-001_event_0043_PERF-001-CAND-0043.wav,IOI tertile + onset-strength tertile; first event per recording uses START
PERF-001,44,LONG_STRONG,LONG,STRONG,52.233288,1.1609979999999993,0.037746,PERF-001-CAND-0044,PERF-001_event_0044_PERF-001-CAND-0044.wav,C:\Users\vonje\Documents\4th Year Acts\Thesis\Latest Requirements\Thesis App\data_pipeline\data\event_review\candidate_event_clips\PERF-001\PERF-001_event_0044_PERF-001-CAND-0044.wav,IOI tertile + onset-strength tertile; first event per recording uses START
PERF-001,45,MEDIUM_MEDIUM,MEDIUM,MEDIUM,52.825397,0.5921090000000007,0.031905,PERF-001-CAND-0045,PERF-001_event_0045_PERF-001-CAND-0045.wav,C:\Users\vonje\Documents\4th Year Acts\Thesis\Latest Requirements\Thesis App\data_pipeline\data\event_review\candidate_event_clips\PERF-001\PERF-001_event_0045_PERF-001-CAND-0045.wav,IOI tertile + onset-strength tertile; first event per recording uses START
PERF-001,46,MEDIUM_MEDIUM,MEDIUM,MEDIUM,53.405896,0.5804989999999961,0.033844,PERF-001-CAND-0046,PERF-001_event_0046_PERF-001-CAND-0046.wav,C:\Users\vonje\Documents\4th Year Acts\Thesis\Latest Requirements\Thesis App\data_pipeline\data\event_review\candidate_event_clips\PERF-001\PERF-001_event_0046_PERF-001-CAND-0046.wav,IOI tertile + onset-strength tertile; first event per recording uses START
PERF-001,47,MEDIUM_STRONG,MEDIUM,STRONG,53.998005,0.5921090000000007,0.041809,PERF-001-CAND-0047,PERF-001_event_0047_PERF-001-CAND-0047.wav,C:\Users\vonje\Documents\4th Year Acts\Thesis\Latest Requirements\Thesis App\data_pipeline\data\event_review\candidate_event_clips\PERF-001\PERF-001_event_0047_PERF-001-CAND-0047.wav,IOI tertile + onset-strength tertile; first event per recording uses START
PERF-001,48,MEDIUM_MEDIUM,MEDIUM,MEDIUM,54.578503,0.5804979999999986,0.034408,PERF-001-CAND-0048,PERF-001_event_0048_PERF-001-CAND-0048.wav,C:\Users\vonje\Documents\4th Year Acts\Thesis\Latest Requirements\Thesis App\data_pipeline\data\event_review\candidate_event_clips\PERF-001\PERF-001_event_0048_PERF-001-CAND-0048.wav,IOI tertile + onset-strength tertile; first event per recording uses START
PERF-001,49,LONG_WEAK,LONG,WEAK,55.727891,1.1493880000000019,0.025462,PERF-001-CAND-0049,PERF-001_event_0049_PERF-001-CAND-0049.wav,C:\Users\vonje\Documents\4th Year Acts\Thesis\Latest Requirements\Thesis App\data_pipeline\data\event_review\candidate_event_clips\PERF-001\PERF-001_event_0049_PERF-001-CAND-0049.wav,IOI tertile + onset-strength tertile; first event per recording uses START
PERF-001,50,LONG_WEAK,LONG,WEAK,56.900499,1.1726080000000039,0.026711,PERF-001-CAND-0050,PERF-001_event_0050_PERF-001-CAND-0050.wav,C:\Users\vonje\Documents\4th Year Acts\Thesis\Latest Requirements\Thesis App\data_pipeline\data\event_review\candidate_event_clips\PERF-001\PERF-001_event_0050_PERF-001-CAND-0050.wav,IOI tertile + onset-strength tertile; first event per recording uses START
PERF-001,51,LONG_STRONG,LONG,STRONG,58.073107,1.1726079999999968,0.046346,PERF-001-CAND-0051,PERF-001_event_0051_PERF-001-CAND-0051.wav,C:\Users\vonje\Documents\4th Year Acts\Thesis\Latest Requirements\Thesis App\data_pipeline\data\event_review\candidate_event_clips\PERF-001\PERF-001_event_0051_PERF-001-CAND-0051.wav,IOI tertile + onset-strength tertile; first event per recording uses START
PERF-001,52,MEDIUM_WEAK,MEDIUM,WEAK,58.653605,0.5804979999999986,0.025091,PERF-001-CAND-0052,PERF-001_event_0052_PERF-001-CAND-0052.wav,C:\Users\vonje\Documents\4th Year Acts\Thesis\Latest Requirements\Thesis App\data_pipeline\data\event_review\candidate_event_clips\PERF-001\PERF-001_event_0052_PERF-001-CAND-0052.wav,IOI tertile + onset-strength tertile; first event per recording uses START
PERF-001,53,SHORT_STRONG,SHORT,STRONG,59.210884,0.5572790000000012,0.03994,PERF-001-CAND-0053,PERF-001_event_0053_PERF-001-CAND-0053.wav,C:\Users\vonje\Documents\4th Year Acts\Thesis\Latest Requirements\Thesis App\data_pipeline\data\event_review\candidate_event_clips\PERF-001\PERF-001_event_0053_PERF-001-CAND-0053.wav,IOI tertile + onset-strength tertile; first event per recording uses START
PERF-001,54,MEDIUM_MEDIUM,MEDIUM,MEDIUM,59.814603,0.6037189999999981,0.035713,PERF-001-CAND-0054,PERF-001_event_0054_PERF-001-CAND-0054.wav,C:\Users\vonje\Documents\4th Year Acts\Thesis\Latest Requirements\Thesis App\data_pipeline\data\event_review\candidate_event_clips\PERF-001\PERF-001_event_0054_PERF-001-CAND-0054.wav,IOI tertile + onset-strength tertile; first event per recording uses START
PERF-001,55,SHORT_STRONG,SHORT,STRONG,60.383492,0.5688889999999986,0.039988,PERF-001-CAND-0055,PERF-001_event_0055_PERF-001-CAND-0055.wav,C:\Users\vonje\Documents\4th Year Acts\Thesis\Latest Requirements\Thesis App\data_pipeline\data\event_review\candidate_event_clips\PERF-001\PERF-001_event_0055_PERF-001-CAND-0055.wav,IOI tertile + onset-strength tertile; first event per recording uses START
PERF-001,56,LONG_STRONG,LONG,STRONG,62.728707,2.345215000000003,0.048207,PERF-001-CAND-0056,PERF-001_event_0056_PERF-001-CAND-0056.wav,C:\Users\vonje\Documents\4th Year Acts\Thesis\Latest Requirements\Thesis App\data_pipeline\data\event_review\candidate_event_clips\PERF-001\PERF-001_event_0056_PERF-001-CAND-0056.wav,IOI tertile + onset-strength tertile; first event per recording uses START
PERF-001,57,MEDIUM_MEDIUM,MEDIUM,MEDIUM,63.320816,0.5921090000000007,0.027727,PERF-001-CAND-0057,PERF-001_event_0057_PERF-001-CAND-0057.wav,C:\Users\vonje\Documents\4th Year Acts\Thesis\Latest Requirements\Thesis App\data_pipeline\data\event_review\candidate_event_clips\PERF-001\PERF-001_event_0057_PERF-001-CAND-0057.wav,IOI tertile + onset-strength tertile; first event per recording uses START
PERF-001,58,MEDIUM_STRONG,MEDIUM,STRONG,63.901315,0.5804989999999961,0.039466,PERF-001-CAND-0058,PERF-001_event_0058_PERF-001-CAND-0058.wav,C:\Users\vonje\Documents\4th Year Acts\Thesis\Latest Requirements\Thesis App\data_pipeline\data\event_review\candidate_event_clips\PERF-001\PERF-001_event_0058_PERF-001-CAND-0058.wav,IOI tertile + onset-strength tertile; first event per recording uses START
PERF-001,59,MEDIUM_MEDIUM,MEDIUM,MEDIUM,64.493424,0.5921090000000078,0.029092,PERF-001-CAND-0059,PERF-001_event_0059_PERF-001-CAND-0059.wav,C:\Users\vonje\Documents\4th Year Acts\Thesis\Latest Requirements\Thesis App\data_pipeline\data\event_review\candidate_event_clips\PERF-001\PERF-001_event_0059_PERF-001-CAND-0059.wav,IOI tertile + onset-strength tertile; first event per recording uses START
PERF-001,60,MEDIUM_STRONG,MEDIUM,STRONG,65.073923,0.580498999999989,0.036942,PERF-001-CAND-0060,PERF-001_event_0060_PERF-001-CAND-0060.wav,C:\Users\vonje\Documents\4th Year Acts\Thesis\Latest Requirements\Thesis App\data_pipeline\data\event_review\candidate_event_clips\PERF-001\PERF-001_event_0060_PERF-001-CAND-0060.wav,IOI tertile + onset-strength tertile; first event per recording uses START
PERF-001,61,SHORT_WEAK,SHORT,WEAK,65.352562,0.2786390000000125,0.027023,PERF-001-CAND-0061,PERF-001_event_0061_PERF-001-CAND-0061.wav,C:\Users\vonje\Documents\4th Year Acts\Thesis\Latest Requirements\Thesis App\data_pipeline\data\event_review\candidate_event_clips\PERF-001\PERF-001_event_0061_PERF-001-CAND-0061.wav,IOI tertile + onset-strength tertile; first event per recording uses START
PERF-001,62,SHORT_WEAK,SHORT,WEAK,65.666032,0.31346999999999525,0.025981,PERF-001-CAND-0062,PERF-001_event_0062_PERF-001-CAND-0062.wav,C:\Users\vonje\Documents\4th Year Acts\Thesis\Latest Requirements\Thesis App\data_pipeline\data\event_review\candidate_event_clips\PERF-001\PERF-001_event_0062_PERF-001-CAND-0062.wav,IOI tertile + onset-strength tertile; first event per recording uses START
PERF-001,63,SHORT_WEAK,SHORT,WEAK,66.211701,0.5456690000000037,0.024923,PERF-001-CAND-0063,PERF-001_event_0063_PERF-001-CAND-0063.wav,C:\Users\vonje\Documents\4th Year Acts\Thesis\Latest Requirements\Thesis App\data_pipeline\data\event_review\candidate_event_clips\PERF-001\PERF-001_event_0063_PERF-001-CAND-0063.wav,IOI tertile + onset-strength tertile; first event per recording uses START
PERF-001,64,MEDIUM_MEDIUM,MEDIUM,MEDIUM,66.81542,0.6037189999999981,0.032173,PERF-001-CAND-0064,PERF-001_event_0064_PERF-001-CAND-0064.wav,C:\Users\vonje\Documents\4th Year Acts\Thesis\Latest Requirements\Thesis App\data_pipeline\data\event_review\candidate_event_clips\PERF-001\PERF-001_event_0064_PERF-001-CAND-0064.wav,IOI tertile + onset-strength tertile; first event per recording uses START
PERF-001,65,LONG_STRONG,LONG,STRONG,68.603356,1.787936000000002,0.068857,PERF-001-CAND-0065,PERF-001_event_0065_PERF-001-CAND-0065.wav,C:\Users\vonje\Documents\4th Year Acts\Thesis\Latest Requirements\Thesis App\data_pipeline\data\event_review\candidate_event_clips\PERF-001\PERF-001_event_0065_PERF-001-CAND-0065.wav,IOI tertile + onset-strength tertile; first event per recording uses START
PERF-001,66,MEDIUM_STRONG,MEDIUM,STRONG,69.717914,1.1145579999999882,0.040206,PERF-001-CAND-0066,PERF-001_event_0066_PERF-001-CAND-0066.wav,C:\Users\vonje\Documents\4th Year Acts\Thesis\Latest Requirements\Thesis App\data_pipeline\data\event_review\candidate_event_clips\PERF-001\PERF-001_event_0066_PERF-001-CAND-0066.wav,IOI tertile + onset-strength tertile; first event per recording uses START
PERF-001,67,MEDIUM_STRONG,MEDIUM,STRONG,70.333243,0.6153290000000027,0.042359,PERF-001-CAND-0067,PERF-001_event_0067_PERF-001-CAND-0067.wav,C:\Users\vonje\Documents\4th Year Acts\Thesis\Latest Requirements\Thesis App\data_pipeline\data\event_review\candidate_event_clips\PERF-001\PERF-001_event_0067_PERF-001-CAND-0067.wav,IOI tertile + onset-strength tertile; first event per recording uses START
PERF-001,68,MEDIUM_STRONG,MEDIUM,STRONG,70.913741,0.5804980000000057,0.044016,PERF-001-CAND-0068,PERF-001_event_0068_PERF-001-CAND-0068.wav,C:\Users\vonje\Documents\4th Year Acts\Thesis\Latest Requirements\Thesis App\data_pipeline\data\event_review\candidate_event_clips\PERF-001\PERF-001_event_0068_PERF-001-CAND-0068.wav,IOI tertile + onset-strength tertile; first event per recording uses START
PERF-001,69,LONG_MEDIUM,LONG,MEDIUM,72.086349,1.1726079999999968,0.0328,PERF-001-CAND-0069,PERF-001_event_0069_PERF-001-CAND-0069.wav,C:\Users\vonje\Documents\4th Year Acts\Thesis\Latest Requirements\Thesis App\data_pipeline\data\event_review\candidate_event_clips\PERF-001\PERF-001_event_0069_PERF-001-CAND-0069.wav,IOI tertile + onset-strength tertile; first event per recording uses START
PERF-001,70,LONG_STRONG,LONG,STRONG,73.235737,1.1493880000000019,0.04076,PERF-001-CAND-0070,PERF-001_event_0070_PERF-001-CAND-0070.wav,C:\Users\vonje\Documents\4th Year Acts\Thesis\Latest Requirements\Thesis App\data_pipeline\data\event_review\candidate_event_clips\PERF-001\PERF-001_event_0070_PERF-001-CAND-0070.wav,IOI tertile + onset-strength tertile; first event per recording uses START
PERF-001,71,LONG_STRONG,LONG,STRONG,75.592562,2.3568250000000006,0.037825,PERF-001-CAND-0071,PERF-001_event_0071_PERF-001-CAND-0071.wav,C:\Users\vonje\Documents\4th Year Acts\Thesis\Latest Requirements\Thesis App\data_pipeline\data\event_review\candidate_event_clips\PERF-001\PERF-001_event_0071_PERF-001-CAND-0071.wav,IOI tertile + onset-strength tertile; first event per recording uses START
PERF-001,72,LONG_STRONG,LONG,STRONG,76.74195,1.1493880000000019,0.041111,PERF-001-CAND-0072,PERF-001_event_0072_PERF-001-CAND-0072.wav,C:\Users\vonje\Documents\4th Year Acts\Thesis\Latest Requirements\Thesis App\data_pipeline\data\event_review\candidate_event_clips\PERF-001\PERF-001_event_0072_PERF-001-CAND-0072.wav,IOI tertile + onset-strength tertile; first event per recording uses START
PERF-001,73,LONG_STRONG,LONG,STRONG,77.926168,1.1842180000000013,0.060561,PERF-001-CAND-0073,PERF-001_event_0073_PERF-001-CAND-0073.wav,C:\Users\vonje\Documents\4th Year Acts\Thesis\Latest Requirements\Thesis App\data_pipeline\data\event_review\candidate_event_clips\PERF-001\PERF-001_event_0073_PERF-001-CAND-0073.wav,IOI tertile + onset-strength tertile; first event per recording uses START
PERF-001,74,LONG_MEDIUM,LONG,MEDIUM,80.224943,2.298774999999992,0.029542,PERF-001-CAND-0074,PERF-001_event_0074_PERF-001-CAND-0074.wav,C:\Users\vonje\Documents\4th Year Acts\Thesis\Latest Requirements\Thesis App\data_pipeline\data\event_review\candidate_event_clips\PERF-001\PERF-001_event_0074_PERF-001-CAND-0074.wav,IOI tertile + onset-strength tertile; first event per recording uses START
PERF-001,75,LONG_WEAK,LONG,WEAK,81.385941,1.1609980000000064,0.018331,PERF-001-CAND-0075,PERF-001_event_0075_PERF-001-CAND-0075.wav,C:\Users\vonje\Documents\4th Year Acts\Thesis\Latest Requirements\Thesis App\data_pipeline\data\event_review\candidate_event_clips\PERF-001\PERF-001_event_0075_PERF-001-CAND-0075.wav,IOI tertile + onset-strength tertile; first event per recording uses START
PERF-001,76,LONG_STRONG,LONG,STRONG,84.346485,2.9605439999999987,0.040397,PERF-001-CAND-0076,PERF-001_event_0076_PERF-001-CAND-0076.wav,C:\Users\vonje\Documents\4th Year Acts\Thesis\Latest Requirements\Thesis App\data_pipeline\data\event_review\candidate_event_clips\PERF-001\PERF-001_event_0076_PERF-001-CAND-0076.wav,IOI tertile + onset-strength tertile; first event per recording uses START
PERF-001,77,LONG_WEAK,LONG,WEAK,85.507483,1.1609979999999922,0.022584,PERF-001-CAND-0077,PERF-001_event_0077_PERF-001-CAND-0077.wav,C:\Users\vonje\Documents\4th Year Acts\Thesis\Latest Requirements\Thesis App\data_pipeline\data\event_review\candidate_event_clips\PERF-001\PERF-001_event_0077_PERF-001-CAND-0077.wav,IOI tertile + onset-strength tertile; first event per recording uses START
PERF-001,78,MEDIUM_STRONG,MEDIUM,STRONG,86.099592,0.5921090000000078,0.036655,PERF-001-CAND-0078,PERF-001_event_0078_PERF-001-CAND-0078.wav,C:\Users\vonje\Documents\4th Year Acts\Thesis\Latest Requirements\Thesis App\data_pipeline\data\event_review\candidate_event_clips\PERF-001\PERF-001_event_0078_PERF-001-CAND-0078.wav,IOI tertile + onset-strength tertile; first event per recording uses START
PERF-001,79,LONG_WEAK,LONG,WEAK,87.24898,1.1493880000000019,0.021718,PERF-001-CAND-0079,PERF-001_event_0079_PERF-001-CAND-0079.wav,C:\Users\vonje\Documents\4th Year Acts\Thesis\Latest Requirements\Thesis App\data_pipeline\data\event_review\candidate_event_clips\PERF-001\PERF-001_event_0079_PERF-001-CAND-0079.wav,IOI tertile + onset-strength tertile; first event per recording uses START
PERF-001,80,LONG_STRONG,LONG,STRONG,91.97424,4.725259999999992,0.050037,PERF-001-CAND-0080,PERF-001_event_0080_PERF-001-CAND-0080.wav,C:\Users\vonje\Documents\4th Year Acts\Thesis\Latest Requirements\Thesis App\data_pipeline\data\event_review\candidate_event_clips\PERF-001\PERF-001_event_0080_PERF-001-CAND-0080.wav,IOI tertile + onset-strength tertile; first event per recording uses START
PERF-001,81,LONG_MEDIUM,LONG,MEDIUM,93.123628,1.1493880000000019,0.027455,PERF-001-CAND-0081,PERF-001_event_0081_PERF-001-CAND-0081.wav,C:\Users\vonje\Documents\4th Year Acts\Thesis\Latest Requirements\Thesis App\data_pipeline\data\event_review\candidate_event_clips\PERF-001\PERF-001_event_0081_PERF-001-CAND-0081.wav,IOI tertile + onset-strength tertile; first event per recording uses START
PERF-001,82,MEDIUM_MEDIUM,MEDIUM,MEDIUM,93.715737,0.5921090000000078,0.032193,PERF-001-CAND-0082,PERF-001_event_0082_PERF-001-CAND-0082.wav,C:\Users\vonje\Documents\4th Year Acts\Thesis\Latest Requirements\Thesis App\data_pipeline\data\event_review\candidate_event_clips\PERF-001\PERF-001_event_0082_PERF-001-CAND-0082.wav,IOI tertile + onset-strength tertile; first event per recording uses START
PERF-001,83,MEDIUM_MEDIUM,MEDIUM,MEDIUM,94.319456,0.6037189999999981,0.028172,PERF-001-CAND-0083,PERF-001_event_0083_PERF-001-CAND-0083.wav,C:\Users\vonje\Documents\4th Year Acts\Thesis\Latest Requirements\Thesis App\data_pipeline\data\event_review\candidate_event_clips\PERF-001\PERF-001_event_0083_PERF-001-CAND-0083.wav,IOI tertile + onset-strength tertile; first event per recording uses START
PERF-001,84,LONG_STRONG,LONG,STRONG,95.793923,1.4744670000000042,0.038291,PERF-001-CAND-0084,PERF-001_event_0084_PERF-001-CAND-0084.wav,C:\Users\vonje\Documents\4th Year Acts\Thesis\Latest Requirements\Thesis App\data_pipeline\data\event_review\candidate_event_clips\PERF-001\PERF-001_event_0084_PERF-001-CAND-0084.wav,IOI tertile + onset-strength tertile; first event per recording uses START
PERF-001,85,MEDIUM_MEDIUM,MEDIUM,MEDIUM,96.653061,0.8591379999999873,0.027349,PERF-001-CAND-0085,PERF-001_event_0085_PERF-001-CAND-0085.wav,C:\Users\vonje\Documents\4th Year Acts\Thesis\Latest Requirements\Thesis App\data_pipeline\data\event_review\candidate_event_clips\PERF-001\PERF-001_event_0085_PERF-001-CAND-0085.wav,IOI tertile + onset-strength tertile; first event per recording uses START
PERF-001,86,LONG_MEDIUM,LONG,MEDIUM,97.802449,1.1493880000000019,0.031798,PERF-001-CAND-0086,PERF-001_event_0086_PERF-001-CAND-0086.wav,C:\Users\vonje\Documents\4th Year Acts\Thesis\Latest Requirements\Thesis App\data_pipeline\data\event_review\candidate_event_clips\PERF-001\PERF-001_event_0086_PERF-001-CAND-0086.wav,IOI tertile + onset-strength tertile; first event per recording uses START
PERF-001,87,LONG_STRONG,LONG,STRONG,99.021497,1.2190480000000008,0.06017,PERF-001-CAND-0087,PERF-001_event_0087_PERF-001-CAND-0087.wav,C:\Users\vonje\Documents\4th Year Acts\Thesis\Latest Requirements\Thesis App\data_pipeline\data\event_review\candidate_event_clips\PERF-001\PERF-001_event_0087_PERF-001-CAND-0087.wav,IOI tertile + onset-strength tertile; first event per recording uses START
PERF-001,88,MEDIUM_STRONG,MEDIUM,STRONG,99.613605,0.5921080000000103,0.040149,PERF-001-CAND-0088,PERF-001_event_0088_PERF-001-CAND-0088.wav,C:\Users\vonje\Documents\4th Year Acts\Thesis\Latest Requirements\Thesis App\data_pipeline\data\event_review\candidate_event_clips\PERF-001\PERF-001_event_0088_PERF-001-CAND-0088.wav,IOI tertile + onset-strength tertile; first event per recording uses START
PERF-001,89,LONG_STRONG,LONG,STRONG,100.786213,1.1726079999999968,0.042719,PERF-001-CAND-0089,PERF-001_event_0089_PERF-001-CAND-0089.wav,C:\Users\vonje\Documents\4th Year Acts\Thesis\Latest Requirements\Thesis App\data_pipeline\data\event_review\candidate_event_clips\PERF-001\PERF-001_event_0089_PERF-001-CAND-0089.wav,IOI tertile + onset-strength tertile; first event per recording uses START
PERF-001,90,SHORT_MEDIUM,SHORT,MEDIUM,101.343492,0.5572789999999941,0.032313,PERF-001-CAND-0090,PERF-001_event_0090_PERF-001-CAND-0090.wav,C:\Users\vonje\Documents\4th Year Acts\Thesis\Latest Requirements\Thesis App\data_pipeline\data\event_review\candidate_event_clips\PERF-001\PERF-001_event_0090_PERF-001-CAND-0090.wav,IOI tertile + onset-strength tertile; first event per recording uses START
PERF-001,91,LONG_STRONG,LONG,STRONG,103.711927,2.368435000000005,0.046642,PERF-001-CAND-0091,PERF-001_event_0091_PERF-001-CAND-0091.wav,C:\Users\vonje\Documents\4th Year Acts\Thesis\Latest Requirements\Thesis App\data_pipeline\data\event_review\candidate_event_clips\PERF-001\PERF-001_event_0091_PERF-001-CAND-0091.wav,IOI tertile + onset-strength tertile; first event per recording uses START
PERF-001,92,LONG_STRONG,LONG,STRONG,104.872925,1.1609979999999922,0.037584,PERF-001-CAND-0092,PERF-001_event_0092_PERF-001-CAND-0092.wav,C:\Users\vonje\Documents\4th Year Acts\Thesis\Latest Requirements\Thesis App\data_pipeline\data\event_review\candidate_event_clips\PERF-001\PERF-001_event_0092_PERF-001-CAND-0092.wav,IOI tertile + onset-strength tertile; first event per recording uses START
PERF-001,93,MEDIUM_STRONG,MEDIUM,STRONG,105.465034,0.5921090000000078,0.042161,PERF-001-CAND-0093,PERF-001_event_0093_PERF-001-CAND-0093.wav,C:\Users\vonje\Documents\4th Year Acts\Thesis\Latest Requirements\Thesis App\data_pipeline\data\event_review\candidate_event_clips\PERF-001\PERF-001_event_0093_PERF-001-CAND-0093.wav,IOI tertile + onset-strength tertile; first event per recording uses START
PERF-001,94,MEDIUM_WEAK,MEDIUM,WEAK,106.045533,0.5804990000000032,0.025384,PERF-001-CAND-0094,PERF-001_event_0094_PERF-001-CAND-0094.wav,C:\Users\vonje\Documents\4th Year Acts\Thesis\Latest Requirements\Thesis App\data_pipeline\data\event_review\candidate_event_clips\PERF-001\PERF-001_event_0094_PERF-001-CAND-0094.wav,IOI tertile + onset-strength tertile; first event per recording uses START
PERF-001,95,LONG_WEAK,LONG,WEAK,107.241361,1.1958279999999917,0.024073,PERF-001-CAND-0095,PERF-001_event_0095_PERF-001-CAND-0095.wav,C:\Users\vonje\Documents\4th Year Acts\Thesis\Latest Requirements\Thesis App\data_pipeline\data\event_review\candidate_event_clips\PERF-001\PERF-001_event_0095_PERF-001-CAND-0095.wav,IOI tertile + onset-strength tertile; first event per recording uses START
PERF-001,96,LONG_MEDIUM,LONG,MEDIUM,108.390748,1.1493870000000044,0.02827,PERF-001-CAND-0096,PERF-001_event_0096_PERF-001-CAND-0096.wav,C:\Users\vonje\Documents\4th Year Acts\Thesis\Latest Requirements\Thesis App\data_pipeline\data\event_review\candidate_event_clips\PERF-001\PERF-001_event_0096_PERF-001-CAND-0096.wav,IOI tertile + onset-strength tertile; first event per recording uses START
PERF-001,97,LONG_STRONG,LONG,STRONG,111.931791,3.541043000000002,0.042812,PERF-001-CAND-0097,PERF-001_event_0097_PERF-001-CAND-0097.wav,C:\Users\vonje\Documents\4th Year Acts\Thesis\Latest Requirements\Thesis App\data_pipeline\data\event_review\candidate_event_clips\PERF-001\PERF-001_event_0097_PERF-001-CAND-0097.wav,IOI tertile + onset-strength tertile; first event per recording uses START
PERF-001,98,SHORT_MEDIUM,SHORT,MEDIUM,112.48907,0.5572789999999941,0.034847,PERF-001-CAND-0098,PERF-001_event_0098_PERF-001-CAND-0098.wav,C:\Users\vonje\Documents\4th Year Acts\Thesis\Latest Requirements\Thesis App\data_pipeline\data\event_review\candidate_event_clips\PERF-001\PERF-001_event_0098_PERF-001-CAND-0098.wav,IOI tertile + onset-strength tertile; first event per recording uses START
PERF-001,99,MEDIUM_STRONG,MEDIUM,STRONG,113.116009,0.6269390000000072,0.049785,PERF-001-CAND-0099,PERF-001_event_0099_PERF-001-CAND-0099.wav,C:\Users\vonje\Documents\4th Year Acts\Thesis\Latest Requirements\Thesis App\data_pipeline\data\event_review\candidate_event_clips\PERF-001\PERF-001_event_0099_PERF-001-CAND-0099.wav,IOI tertile + onset-strength tertile; first event per recording uses START
PERF-001,100,LONG_STRONG,LONG,STRONG,117.81805,4.702040999999994,0.037971,PERF-001-CAND-0100,PERF-001_event_0100_PERF-001-CAND-0100.wav,C:\Users\vonje\Documents\4th Year Acts\Thesis\Latest Requirements\Thesis App\data_pipeline\data\event_review\candidate_event_clips\PERF-001\PERF-001_event_0100_PERF-001-CAND-0100.wav,IOI tertile + onset-strength tertile; first event per recording uses START
PERF-001,101,LONG_STRONG,LONG,STRONG,119.002268,1.1842180000000013,0.048416,PERF-001-CAND-0101,PERF-001_event_0101_PERF-001-CAND-0101.wav,C:\Users\vonje\Documents\4th Year Acts\Thesis\Latest Requirements\Thesis App\data_pipeline\data\event_review\candidate_event_clips\PERF-001\PERF-001_event_0101_PERF-001-CAND-0101.wav,IOI tertile + onset-strength tertile; first event per recording uses START
PERF-001,102,LONG_STRONG,LONG,STRONG,120.163265,1.1609969999999947,0.045992,PERF-001-CAND-0102,PERF-001_event_0102_PERF-001-CAND-0102.wav,C:\Users\vonje\Documents\4th Year Acts\Thesis\Latest Requirements\Thesis App\data_pipeline\data\event_review\candidate_event_clips\PERF-001\PERF-001_event_0102_PERF-001-CAND-0102.wav,IOI tertile + onset-strength tertile; first event per recording uses START
PERF-001,103,MEDIUM_MEDIUM,MEDIUM,MEDIUM,120.766984,0.6037189999999981,0.029954,PERF-001-CAND-0103,PERF-001_event_0103_PERF-001-CAND-0103.wav,C:\Users\vonje\Documents\4th Year Acts\Thesis\Latest Requirements\Thesis App\data_pipeline\data\event_review\candidate_event_clips\PERF-001\PERF-001_event_0103_PERF-001-CAND-0103.wav,IOI tertile + onset-strength tertile; first event per recording uses START
PERF-001,104,LONG_STRONG,LONG,STRONG,122.543311,1.776327000000009,0.057162,PERF-001-CAND-0104,PERF-001_event_0104_PERF-001-CAND-0104.wav,C:\Users\vonje\Documents\4th Year Acts\Thesis\Latest Requirements\Thesis App\data_pipeline\data\event_review\candidate_event_clips\PERF-001\PERF-001_event_0104_PERF-001-CAND-0104.wav,IOI tertile + onset-strength tertile; first event per recording uses START
PERF-001,105,MEDIUM_MEDIUM,MEDIUM,MEDIUM,123.12381,0.5804990000000032,0.028314,PERF-001-CAND-0105,PERF-001_event_0105_PERF-001-CAND-0105.wav,C:\Users\vonje\Documents\4th Year Acts\Thesis\Latest Requirements\Thesis App\data_pipeline\data\event_review\candidate_event_clips\PERF-001\PERF-001_event_0105_PERF-001-CAND-0105.wav,IOI tertile + onset-strength tertile; first event per recording uses START
PERF-001,106,MEDIUM_STRONG,MEDIUM,STRONG,123.715918,0.5921079999999961,0.044465,PERF-001-CAND-0106,PERF-001_event_0106_PERF-001-CAND-0106.wav,C:\Users\vonje\Documents\4th Year Acts\Thesis\Latest Requirements\Thesis App\data_pipeline\data\event_review\candidate_event_clips\PERF-001\PERF-001_event_0106_PERF-001-CAND-0106.wav,IOI tertile + onset-strength tertile; first event per recording uses START
PERF-001,107,SHORT_WEAK,SHORT,WEAK,124.284807,0.5688889999999986,0.026209,PERF-001-CAND-0107,PERF-001_event_0107_PERF-001-CAND-0107.wav,C:\Users\vonje\Documents\4th Year Acts\Thesis\Latest Requirements\Thesis App\data_pipeline\data\event_review\candidate_event_clips\PERF-001\PERF-001_event_0107_PERF-001-CAND-0107.wav,IOI tertile + onset-strength tertile; first event per recording uses START
PERF-001,108,MEDIUM_STRONG,MEDIUM,STRONG,124.876916,0.5921089999999936,0.052273,PERF-001-CAND-0108,PERF-001_event_0108_PERF-001-CAND-0108.wav,C:\Users\vonje\Documents\4th Year Acts\Thesis\Latest Requirements\Thesis App\data_pipeline\data\event_review\candidate_event_clips\PERF-001\PERF-001_event_0108_PERF-001-CAND-0108.wav,IOI tertile + onset-strength tertile; first event per recording uses START
PERF-001,109,LONG_MEDIUM,LONG,MEDIUM,126.061134,1.1842180000000013,0.033783,PERF-001-CAND-0109,PERF-001_event_0109_PERF-001-CAND-0109.wav,C:\Users\vonje\Documents\4th Year Acts\Thesis\Latest Requirements\Thesis App\data_pipeline\data\event_review\candidate_event_clips\PERF-001\PERF-001_event_0109_PERF-001-CAND-0109.wav,IOI tertile + onset-strength tertile; first event per recording uses START
PERF-001,110,MEDIUM_MEDIUM,MEDIUM,MEDIUM,126.641633,0.5804990000000032,0.032328,PERF-001-CAND-0110,PERF-001_event_0110_PERF-001-CAND-0110.wav,C:\Users\vonje\Documents\4th Year Acts\Thesis\Latest Requirements\Thesis App\data_pipeline\data\event_review\candidate_event_clips\PERF-001\PERF-001_event_0110_PERF-001-CAND-0110.wav,IOI tertile + onset-strength tertile; first event per recording uses START
PERF-001,111,MEDIUM_STRONG,MEDIUM,STRONG,127.256961,0.6153280000000052,0.037872,PERF-001-CAND-0111,PERF-001_event_0111_PERF-001-CAND-0111.wav,C:\Users\vonje\Documents\4th Year Acts\Thesis\Latest Requirements\Thesis App\data_pipeline\data\event_review\candidate_event_clips\PERF-001\PERF-001_event_0111_PERF-001-CAND-0111.wav,IOI tertile + onset-strength tertile; first event per recording uses START
PERF-001,112,LONG_WEAK,LONG,WEAK,129.613787,2.356825999999998,0.024553,PERF-001-CAND-0112,PERF-001_event_0112_PERF-001-CAND-0112.wav,C:\Users\vonje\Documents\4th Year Acts\Thesis\Latest Requirements\Thesis App\data_pipeline\data\event_review\candidate_event_clips\PERF-001\PERF-001_event_0112_PERF-001-CAND-0112.wav,IOI tertile + onset-strength tertile; first event per recording uses START
PERF-001,113,LONG_MEDIUM,LONG,MEDIUM,130.798005,1.1842179999999871,0.02718,PERF-001-CAND-0113,PERF-001_event_0113_PERF-001-CAND-0113.wav,C:\Users\vonje\Documents\4th Year Acts\Thesis\Latest Requirements\Thesis App\data_pipeline\data\event_review\candidate_event_clips\PERF-001\PERF-001_event_0113_PERF-001-CAND-0113.wav,IOI tertile + onset-strength tertile; first event per recording uses START
PERF-001,114,LONG_STRONG,LONG,STRONG,133.16644,2.368435000000005,0.048395,PERF-001-CAND-0114,PERF-001_event_0114_PERF-001-CAND-0114.wav,C:\Users\vonje\Documents\4th Year Acts\Thesis\Latest Requirements\Thesis App\data_pipeline\data\event_review\candidate_event_clips\PERF-001\PERF-001_event_0114_PERF-001-CAND-0114.wav,IOI tertile + onset-strength tertile; first event per recording uses START
PERF-001,115,LONG_STRONG,LONG,STRONG,135.500045,2.3336050000000057,0.03679,PERF-001-CAND-0115,PERF-001_event_0115_PERF-001-CAND-0115.wav,C:\Users\vonje\Documents\4th Year Acts\Thesis\Latest Requirements\Thesis App\data_pipeline\data\event_review\candidate_event_clips\PERF-001\PERF-001_event_0115_PERF-001-CAND-0115.wav,IOI tertile + onset-strength tertile; first event per recording uses START
PERF-001,116,LONG_MEDIUM,LONG,MEDIUM,136.684263,1.1842179999999871,0.033227,PERF-001-CAND-0116,PERF-001_event_0116_PERF-001-CAND-0116.wav,C:\Users\vonje\Documents\4th Year Acts\Thesis\Latest Requirements\Thesis App\data_pipeline\data\event_review\candidate_event_clips\PERF-001\PERF-001_event_0116_PERF-001-CAND-0116.wav,IOI tertile + onset-strength tertile; first event per recording uses START
PERF-001,117,LONG_STRONG,LONG,STRONG,139.041088,2.356825000000015,0.039327,PERF-001-CAND-0117,PERF-001_event_0117_PERF-001-CAND-0117.wav,C:\Users\vonje\Documents\4th Year Acts\Thesis\Latest Requirements\Thesis App\data_pipeline\data\event_review\candidate_event_clips\PERF-001\PERF-001_event_0117_PERF-001-CAND-0117.wav,IOI tertile + onset-strength tertile; first event per recording uses START
PERF-001,118,MEDIUM_MEDIUM,MEDIUM,MEDIUM,139.644807,0.6037189999999839,0.033469,PERF-001-CAND-0118,PERF-001_event_0118_PERF-001-CAND-0118.wav,C:\Users\vonje\Documents\4th Year Acts\Thesis\Latest Requirements\Thesis App\data_pipeline\data\event_review\candidate_event_clips\PERF-001\PERF-001_event_0118_PERF-001-CAND-0118.wav,IOI tertile + onset-strength tertile; first event per recording uses START
PERF-001,119,LONG_MEDIUM,LONG,MEDIUM,141.421134,1.776327000000009,0.034861,PERF-001-CAND-0119,PERF-001_event_0119_PERF-001-CAND-0119.wav,C:\Users\vonje\Documents\4th Year Acts\Thesis\Latest Requirements\Thesis App\data_pipeline\data\event_review\candidate_event_clips\PERF-001\PERF-001_event_0119_PERF-001-CAND-0119.wav,IOI tertile + onset-strength tertile; first event per recording uses START
PERF-001,120,LONG_STRONG,LONG,STRONG,142.628571,1.2074369999999988,0.039843,PERF-001-CAND-0120,PERF-001_event_0120_PERF-001-CAND-0120.wav,C:\Users\vonje\Documents\4th Year Acts\Thesis\Latest Requirements\Thesis App\data_pipeline\data\event_review\candidate_event_clips\PERF-001\PERF-001_event_0120_PERF-001-CAND-0120.wav,IOI tertile + onset-strength tertile; first event per recording uses START
PERF-001,121,LONG_MEDIUM,LONG,MEDIUM,143.812789,1.1842180000000155,0.034905,PERF-001-CAND-0121,PERF-001_event_0121_PERF-001-CAND-0121.wav,C:\Users\vonje\Documents\4th Year Acts\Thesis\Latest Requirements\Thesis App\data_pipeline\data\event_review\candidate_event_clips\PERF-001\PERF-001_event_0121_PERF-001-CAND-0121.wav,IOI tertile + onset-strength tertile; first event per recording uses START
PERF-001,122,LONG_STRONG,LONG,STRONG,148.886349,5.073559999999986,0.051448,PERF-001-CAND-0122,PERF-001_event_0122_PERF-001-CAND-0122.wav,C:\Users\vonje\Documents\4th Year Acts\Thesis\Latest Requirements\Thesis App\data_pipeline\data\event_review\candidate_event_clips\PERF-001\PERF-001_event_0122_PERF-001-CAND-0122.wav,IOI tertile + onset-strength tertile; first event per recording uses START
PERF-001,123,MEDIUM_WEAK,MEDIUM,WEAK,149.490068,0.6037190000000123,0.024541,PERF-001-CAND-0123,PERF-001_event_0123_PERF-001-CAND-0123.wav,C:\Users\vonje\Documents\4th Year Acts\Thesis\Latest Requirements\Thesis App\data_pipeline\data\event_review\candidate_event_clips\PERF-001\PERF-001_event_0123_PERF-001-CAND-0123.wav,IOI tertile + onset-strength tertile; first event per recording uses START
PERF-001,124,MEDIUM_STRONG,MEDIUM,STRONG,150.093787,0.6037189999999839,0.036824,PERF-001-CAND-0124,PERF-001_event_0124_PERF-001-CAND-0124.wav,C:\Users\vonje\Documents\4th Year Acts\Thesis\Latest Requirements\Thesis App\data_pipeline\data\event_review\candidate_event_clips\PERF-001\PERF-001_event_0124_PERF-001-CAND-0124.wav,IOI tertile + onset-strength tertile; first event per recording uses START
PERF-001,125,MEDIUM_STRONG,MEDIUM,STRONG,150.720726,0.6269390000000215,0.042815,PERF-001-CAND-0125,PERF-001_event_0125_PERF-001-CAND-0125.wav,C:\Users\vonje\Documents\4th Year Acts\Thesis\Latest Requirements\Thesis App\data_pipeline\data\event_review\candidate_event_clips\PERF-001\PERF-001_event_0125_PERF-001-CAND-0125.wav,IOI tertile + onset-strength tertile; first event per recording uses START
PERF-001,126,MEDIUM_STRONG,MEDIUM,STRONG,151.301224,0.5804979999999773,0.045147,PERF-001-CAND-0126,PERF-001_event_0126_PERF-001-CAND-0126.wav,C:\Users\vonje\Documents\4th Year Acts\Thesis\Latest Requirements\Thesis App\data_pipeline\data\event_review\candidate_event_clips\PERF-001\PERF-001_event_0126_PERF-001-CAND-0126.wav,IOI tertile + onset-strength tertile; first event per recording uses START
PERF-001,127,MEDIUM_MEDIUM,MEDIUM,MEDIUM,151.904943,0.6037190000000123,0.027733,PERF-001-CAND-0127,PERF-001_event_0127_PERF-001-CAND-0127.wav,C:\Users\vonje\Documents\4th Year Acts\Thesis\Latest Requirements\Thesis App\data_pipeline\data\event_review\candidate_event_clips\PERF-001\PERF-001_event_0127_PERF-001-CAND-0127.wav,IOI tertile + onset-strength tertile; first event per recording uses START
PERF-001,128,MEDIUM_STRONG,MEDIUM,STRONG,152.520272,0.6153290000000027,0.044273,PERF-001-CAND-0128,PERF-001_event_0128_PERF-001-CAND-0128.wav,C:\Users\vonje\Documents\4th Year Acts\Thesis\Latest Requirements\Thesis App\data_pipeline\data\event_review\candidate_event_clips\PERF-001\PERF-001_event_0128_PERF-001-CAND-0128.wav,IOI tertile + onset-strength tertile; first event per recording uses START
PERF-001,129,MEDIUM_STRONG,MEDIUM,STRONG,153.147211,0.626938999999993,0.061264,PERF-001-CAND-0129,PERF-001_event_0129_PERF-001-CAND-0129.wav,C:\Users\vonje\Documents\4th Year Acts\Thesis\Latest Requirements\Thesis App\data_pipeline\data\event_review\candidate_event_clips\PERF-001\PERF-001_event_0129_PERF-001-CAND-0129.wav,IOI tertile + onset-strength tertile; first event per recording uses START
PERF-001,130,MEDIUM_STRONG,MEDIUM,STRONG,153.75093,0.6037190000000123,0.066786,PERF-001-CAND-0130,PERF-001_event_0130_PERF-001-CAND-0130.wav,C:\Users\vonje\Documents\4th Year Acts\Thesis\Latest Requirements\Thesis App\data_pipeline\data\event_review\candidate_event_clips\PERF-001\PERF-001_event_0130_PERF-001-CAND-0130.wav,IOI tertile + onset-strength tertile; first event per recording uses START
PERF-001,131,LONG_WEAK,LONG,WEAK,154.946757,1.19582699999998,0.016012,PERF-001-CAND-0131,PERF-001_event_0131_PERF-001-CAND-0131.wav,C:\Users\vonje\Documents\4th Year Acts\Thesis\Latest Requirements\Thesis App\data_pipeline\data\event_review\candidate_event_clips\PERF-001\PERF-001_event_0131_PERF-001-CAND-0131.wav,IOI tertile + onset-strength tertile; first event per recording uses START
PERF-001,132,MEDIUM_STRONG,MEDIUM,STRONG,155.550476,0.6037190000000123,0.042216,PERF-001-CAND-0132,PERF-001_event_0132_PERF-001-CAND-0132.wav,C:\Users\vonje\Documents\4th Year Acts\Thesis\Latest Requirements\Thesis App\data_pipeline\data\event_review\candidate_event_clips\PERF-001\PERF-001_event_0132_PERF-001-CAND-0132.wav,IOI tertile + onset-strength tertile; first event per recording uses START
PERF-001,133,MEDIUM_MEDIUM,MEDIUM,MEDIUM,156.165805,0.6153290000000027,0.032848,PERF-001-CAND-0133,PERF-001_event_0133_PERF-001-CAND-0133.wav,C:\Users\vonje\Documents\4th Year Acts\Thesis\Latest Requirements\Thesis App\data_pipeline\data\event_review\candidate_event_clips\PERF-001\PERF-001_event_0133_PERF-001-CAND-0133.wav,IOI tertile + onset-strength tertile; first event per recording uses START
PERF-001,134,LONG_STRONG,LONG,STRONG,157.338413,1.1726079999999968,0.039514,PERF-001-CAND-0134,PERF-001_event_0134_PERF-001-CAND-0134.wav,C:\Users\vonje\Documents\4th Year Acts\Thesis\Latest Requirements\Thesis App\data_pipeline\data\event_review\candidate_event_clips\PERF-001\PERF-001_event_0134_PERF-001-CAND-0134.wav,IOI tertile + onset-strength tertile; first event per recording uses START
PERF-001,135,MEDIUM_MEDIUM,MEDIUM,MEDIUM,157.965351,0.6269379999999956,0.031356,PERF-001-CAND-0135,PERF-001_event_0135_PERF-001-CAND-0135.wav,C:\Users\vonje\Documents\4th Year Acts\Thesis\Latest Requirements\Thesis App\data_pipeline\data\event_review\candidate_event_clips\PERF-001\PERF-001_event_0135_PERF-001-CAND-0135.wav,IOI tertile + onset-strength tertile; first event per recording uses START
PERF-001,136,MEDIUM_STRONG,MEDIUM,STRONG,158.58068,0.6153290000000027,0.037712,PERF-001-CAND-0136,PERF-001_event_0136_PERF-001-CAND-0136.wav,C:\Users\vonje\Documents\4th Year Acts\Thesis\Latest Requirements\Thesis App\data_pipeline\data\event_review\candidate_event_clips\PERF-001\PERF-001_event_0136_PERF-001-CAND-0136.wav,IOI tertile + onset-strength tertile; first event per recording uses START
PERF-001,137,LONG_STRONG,LONG,STRONG,160.368617,1.7879369999999994,0.036983,PERF-001-CAND-0137,PERF-001_event_0137_PERF-001-CAND-0137.wav,C:\Users\vonje\Documents\4th Year Acts\Thesis\Latest Requirements\Thesis App\data_pipeline\data\event_review\candidate_event_clips\PERF-001\PERF-001_event_0137_PERF-001-CAND-0137.wav,IOI tertile + onset-strength tertile; first event per recording uses START
PERF-001,138,LONG_STRONG,LONG,STRONG,163.422041,3.053424000000007,0.050017,PERF-001-CAND-0138,PERF-001_event_0138_PERF-001-CAND-0138.wav,C:\Users\vonje\Documents\4th Year Acts\Thesis\Latest Requirements\Thesis App\data_pipeline\data\event_review\candidate_event_clips\PERF-001\PERF-001_event_0138_PERF-001-CAND-0138.wav,IOI tertile + onset-strength tertile; first event per recording uses START
PERF-001,139,MEDIUM_MEDIUM,MEDIUM,MEDIUM,164.02576,0.6037189999999839,0.030468,PERF-001-CAND-0139,PERF-001_event_0139_PERF-001-CAND-0139.wav,C:\Users\vonje\Documents\4th Year Acts\Thesis\Latest Requirements\Thesis App\data_pipeline\data\event_review\candidate_event_clips\PERF-001\PERF-001_event_0139_PERF-001-CAND-0139.wav,IOI tertile + onset-strength tertile; first event per recording uses START
PERF-001,140,MEDIUM_STRONG,MEDIUM,STRONG,164.629478,0.6037180000000149,0.041957,PERF-001-CAND-0140,PERF-001_event_0140_PERF-001-CAND-0140.wav,C:\Users\vonje\Documents\4th Year Acts\Thesis\Latest Requirements\Thesis App\data_pipeline\data\event_review\candidate_event_clips\PERF-001\PERF-001_event_0140_PERF-001-CAND-0140.wav,IOI tertile + onset-strength tertile; first event per recording uses START
PERF-001,141,MEDIUM_STRONG,MEDIUM,STRONG,165.244807,0.6153290000000027,0.043704,PERF-001-CAND-0141,PERF-001_event_0141_PERF-001-CAND-0141.wav,C:\Users\vonje\Documents\4th Year Acts\Thesis\Latest Requirements\Thesis App\data_pipeline\data\event_review\candidate_event_clips\PERF-001\PERF-001_event_0141_PERF-001-CAND-0141.wav,IOI tertile + onset-strength tertile; first event per recording uses START
PERF-001,142,LONG_STRONG,LONG,STRONG,167.067574,1.822766999999999,0.045437,PERF-001-CAND-0142,PERF-001_event_0142_PERF-001-CAND-0142.wav,C:\Users\vonje\Documents\4th Year Acts\Thesis\Latest Requirements\Thesis App\data_pipeline\data\event_review\candidate_event_clips\PERF-001\PERF-001_event_0142_PERF-001-CAND-0142.wav,IOI tertile + onset-strength tertile; first event per recording uses START
PERF-001,143,MEDIUM_STRONG,MEDIUM,STRONG,167.961542,0.893968000000001,0.04977,PERF-001-CAND-0143,PERF-001_event_0143_PERF-001-CAND-0143.wav,C:\Users\vonje\Documents\4th Year Acts\Thesis\Latest Requirements\Thesis App\data_pipeline\data\event_review\candidate_event_clips\PERF-001\PERF-001_event_0143_PERF-001-CAND-0143.wav,IOI tertile + onset-strength tertile; first event per recording uses START
PERF-001,144,SHORT_MEDIUM,SHORT,MEDIUM,168.263401,0.301858999999979,0.033993,PERF-001-CAND-0144,PERF-001_event_0144_PERF-001-CAND-0144.wav,C:\Users\vonje\Documents\4th Year Acts\Thesis\Latest Requirements\Thesis App\data_pipeline\data\event_review\candidate_event_clips\PERF-001\PERF-001_event_0144_PERF-001-CAND-0144.wav,IOI tertile + onset-strength tertile; first event per recording uses START
PERF-001,145,LONG_MEDIUM,LONG,MEDIUM,170.062948,1.7995470000000182,0.028833,PERF-001-CAND-0145,PERF-001_event_0145_PERF-001-CAND-0145.wav,C:\Users\vonje\Documents\4th Year Acts\Thesis\Latest Requirements\Thesis App\data_pipeline\data\event_review\candidate_event_clips\PERF-001\PERF-001_event_0145_PERF-001-CAND-0145.wav,IOI tertile + onset-strength tertile; first event per recording uses START
PERF-001,146,MEDIUM_STRONG,MEDIUM,STRONG,170.666667,0.6037189999999839,0.037504,PERF-001-CAND-0146,PERF-001_event_0146_PERF-001-CAND-0146.wav,C:\Users\vonje\Documents\4th Year Acts\Thesis\Latest Requirements\Thesis App\data_pipeline\data\event_review\candidate_event_clips\PERF-001\PERF-001_event_0146_PERF-001-CAND-0146.wav,IOI tertile + onset-strength tertile; first event per recording uses START
PERF-001,147,MEDIUM_STRONG,MEDIUM,STRONG,171.293605,0.626938000000024,0.037189,PERF-001-CAND-0147,PERF-001_event_0147_PERF-001-CAND-0147.wav,C:\Users\vonje\Documents\4th Year Acts\Thesis\Latest Requirements\Thesis App\data_pipeline\data\event_review\candidate_event_clips\PERF-001\PERF-001_event_0147_PERF-001-CAND-0147.wav,IOI tertile + onset-strength tertile; first event per recording uses START
PERF-001,148,LONG_MEDIUM,LONG,MEDIUM,172.466213,1.1726079999999968,0.035311,PERF-001-CAND-0148,PERF-001_event_0148_PERF-001-CAND-0148.wav,C:\Users\vonje\Documents\4th Year Acts\Thesis\Latest Requirements\Thesis App\data_pipeline\data\event_review\candidate_event_clips\PERF-001\PERF-001_event_0148_PERF-001-CAND-0148.wav,IOI tertile + onset-strength tertile; first event per recording uses START
PERF-001,149,LONG_STRONG,LONG,STRONG,174.3122,1.8459869999999796,0.046959,PERF-001-CAND-0149,PERF-001_event_0149_PERF-001-CAND-0149.wav,C:\Users\vonje\Documents\4th Year Acts\Thesis\Latest Requirements\Thesis App\data_pipeline\data\event_review\candidate_event_clips\PERF-001\PERF-001_event_0149_PERF-001-CAND-0149.wav,IOI tertile + onset-strength tertile; first event per recording uses START
PERF-001,150,LONG_STRONG,LONG,STRONG,176.727075,2.4148750000000234,0.045758,PERF-001-CAND-0150,PERF-001_event_0150_PERF-001-CAND-0150.wav,C:\Users\vonje\Documents\4th Year Acts\Thesis\Latest Requirements\Thesis App\data_pipeline\data\event_review\candidate_event_clips\PERF-001\PERF-001_event_0150_PERF-001-CAND-0150.wav,IOI tertile + onset-strength tertile; first event per recording uses START
PERF-001,151,MEDIUM_STRONG,MEDIUM,STRONG,177.342404,0.6153289999999743,0.046716,PERF-001-CAND-0151,PERF-001_event_0151_PERF-001-CAND-0151.wav,C:\Users\vonje\Documents\4th Year Acts\Thesis\Latest Requirements\Thesis App\data_pipeline\data\event_review\candidate_event_clips\PERF-001\PERF-001_event_0151_PERF-001-CAND-0151.wav,IOI tertile + onset-strength tertile; first event per recording uses START
PERF-001,152,MEDIUM_STRONG,MEDIUM,STRONG,177.934512,0.5921080000000245,0.041037,PERF-001-CAND-0152,PERF-001_event_0152_PERF-001-CAND-0152.wav,C:\Users\vonje\Documents\4th Year Acts\Thesis\Latest Requirements\Thesis App\data_pipeline\data\event_review\candidate_event_clips\PERF-001\PERF-001_event_0152_PERF-001-CAND-0152.wav,IOI tertile + onset-strength tertile; first event per recording uses START
PERF-001,153,LONG_STRONG,LONG,STRONG,179.768889,1.8343769999999893,0.048244,PERF-001-CAND-0153,PERF-001_event_0153_PERF-001-CAND-0153.wav,C:\Users\vonje\Documents\4th Year Acts\Thesis\Latest Requirements\Thesis App\data_pipeline\data\event_review\candidate_event_clips\PERF-001\PERF-001_event_0153_PERF-001-CAND-0153.wav,IOI tertile + onset-strength tertile; first event per recording uses START
PERF-001,154,LONG_STRONG,LONG,STRONG,181.289796,1.520906999999994,0.038373,PERF-001-CAND-0154,PERF-001_event_0154_PERF-001-CAND-0154.wav,C:\Users\vonje\Documents\4th Year Acts\Thesis\Latest Requirements\Thesis App\data_pipeline\data\event_review\candidate_event_clips\PERF-001\PERF-001_event_0154_PERF-001-CAND-0154.wav,IOI tertile + onset-strength tertile; first event per recording uses START
PERF-001,155,MEDIUM_STRONG,MEDIUM,STRONG,181.881905,0.5921089999999936,0.039345,PERF-001-CAND-0155,PERF-001_event_0155_PERF-001-CAND-0155.wav,C:\Users\vonje\Documents\4th Year Acts\Thesis\Latest Requirements\Thesis App\data_pipeline\data\event_review\candidate_event_clips\PERF-001\PERF-001_event_0155_PERF-001-CAND-0155.wav,IOI tertile + onset-strength tertile; first event per recording uses START
PERF-001,156,LONG_STRONG,LONG,STRONG,183.112562,1.2306570000000079,0.045451,PERF-001-CAND-0156,PERF-001_event_0156_PERF-001-CAND-0156.wav,C:\Users\vonje\Documents\4th Year Acts\Thesis\Latest Requirements\Thesis App\data_pipeline\data\event_review\candidate_event_clips\PERF-001\PERF-001_event_0156_PERF-001-CAND-0156.wav,IOI tertile + onset-strength tertile; first event per recording uses START
PERF-001,157,LONG_MEDIUM,LONG,MEDIUM,184.656689,1.5441270000000031,0.033506,PERF-001-CAND-0157,PERF-001_event_0157_PERF-001-CAND-0157.wav,C:\Users\vonje\Documents\4th Year Acts\Thesis\Latest Requirements\Thesis App\data_pipeline\data\event_review\candidate_event_clips\PERF-001\PERF-001_event_0157_PERF-001-CAND-0157.wav,IOI tertile + onset-strength tertile; first event per recording uses START
PERF-001,158,SHORT_STRONG,SHORT,STRONG,184.958549,0.3018600000000049,0.040428,PERF-001-CAND-0158,PERF-001_event_0158_PERF-001-CAND-0158.wav,C:\Users\vonje\Documents\4th Year Acts\Thesis\Latest Requirements\Thesis App\data_pipeline\data\event_review\candidate_event_clips\PERF-001\PERF-001_event_0158_PERF-001-CAND-0158.wav,IOI tertile + onset-strength tertile; first event per recording uses START
PERF-001,159,MEDIUM_WEAK,MEDIUM,WEAK,185.550658,0.5921089999999936,0.019552,PERF-001-CAND-0159,PERF-001_event_0159_PERF-001-CAND-0159.wav,C:\Users\vonje\Documents\4th Year Acts\Thesis\Latest Requirements\Thesis App\data_pipeline\data\event_review\candidate_event_clips\PERF-001\PERF-001_event_0159_PERF-001-CAND-0159.wav,IOI tertile + onset-strength tertile; first event per recording uses START
PERF-001,160,LONG_STRONG,LONG,STRONG,186.781315,1.2306570000000079,0.052279,PERF-001-CAND-0160,PERF-001_event_0160_PERF-001-CAND-0160.wav,C:\Users\vonje\Documents\4th Year Acts\Thesis\Latest Requirements\Thesis App\data_pipeline\data\event_review\candidate_event_clips\PERF-001\PERF-001_event_0160_PERF-001-CAND-0160.wav,IOI tertile + onset-strength tertile; first event per recording uses START
PERF-001,161,MEDIUM_MEDIUM,MEDIUM,MEDIUM,187.385034,0.6037189999999839,0.034108,PERF-001-CAND-0161,PERF-001_event_0161_PERF-001-CAND-0161.wav,C:\Users\vonje\Documents\4th Year Acts\Thesis\Latest Requirements\Thesis App\data_pipeline\data\event_review\candidate_event_clips\PERF-001\PERF-001_event_0161_PERF-001-CAND-0161.wav,IOI tertile + onset-strength tertile; first event per recording uses START
PERF-001,162,MEDIUM_MEDIUM,MEDIUM,MEDIUM,188.000363,0.6153290000000027,0.032654,PERF-001-CAND-0162,PERF-001_event_0162_PERF-001-CAND-0162.wav,C:\Users\vonje\Documents\4th Year Acts\Thesis\Latest Requirements\Thesis App\data_pipeline\data\event_review\candidate_event_clips\PERF-001\PERF-001_event_0162_PERF-001-CAND-0162.wav,IOI tertile + onset-strength tertile; first event per recording uses START
PERF-001,163,LONG_STRONG,LONG,STRONG,189.52127,1.520906999999994,0.042669,PERF-001-CAND-0163,PERF-001_event_0163_PERF-001-CAND-0163.wav,C:\Users\vonje\Documents\4th Year Acts\Thesis\Latest Requirements\Thesis App\data_pipeline\data\event_review\candidate_event_clips\PERF-001\PERF-001_event_0163_PERF-001-CAND-0163.wav,IOI tertile + onset-strength tertile; first event per recording uses START
PERF-001,164,LONG_MEDIUM,LONG,MEDIUM,191.611066,2.089796000000007,0.033204,PERF-001-CAND-0164,PERF-001_event_0164_PERF-001-CAND-0164.wav,C:\Users\vonje\Documents\4th Year Acts\Thesis\Latest Requirements\Thesis App\data_pipeline\data\event_review\candidate_event_clips\PERF-001\PERF-001_event_0164_PERF-001-CAND-0164.wav,IOI tertile + onset-strength tertile; first event per recording uses START
PERF-001,165,LONG_STRONG,LONG,STRONG,192.888163,1.2770969999999977,0.046568,PERF-001-CAND-0165,PERF-001_event_0165_PERF-001-CAND-0165.wav,C:\Users\vonje\Documents\4th Year Acts\Thesis\Latest Requirements\Thesis App\data_pipeline\data\event_review\candidate_event_clips\PERF-001\PERF-001_event_0165_PERF-001-CAND-0165.wav,IOI tertile + onset-strength tertile; first event per recording uses START
PERF-001,166,LONG_STRONG,LONG,STRONG,194.095601,1.2074379999999962,0.040238,PERF-001-CAND-0166,PERF-001_event_0166_PERF-001-CAND-0166.wav,C:\Users\vonje\Documents\4th Year Acts\Thesis\Latest Requirements\Thesis App\data_pipeline\data\event_review\candidate_event_clips\PERF-001\PERF-001_event_0166_PERF-001-CAND-0166.wav,IOI tertile + onset-strength tertile; first event per recording uses START
PERF-001,167,LONG_MEDIUM,LONG,MEDIUM,195.326259,1.2306580000000054,0.03224,PERF-001-CAND-0167,PERF-001_event_0167_PERF-001-CAND-0167.wav,C:\Users\vonje\Documents\4th Year Acts\Thesis\Latest Requirements\Thesis App\data_pipeline\data\event_review\candidate_event_clips\PERF-001\PERF-001_event_0167_PERF-001-CAND-0167.wav,IOI tertile + onset-strength tertile; first event per recording uses START
PERF-001,168,MEDIUM_STRONG,MEDIUM,STRONG,195.953197,0.6269379999999956,0.038496,PERF-001-CAND-0168,PERF-001_event_0168_PERF-001-CAND-0168.wav,C:\Users\vonje\Documents\4th Year Acts\Thesis\Latest Requirements\Thesis App\data_pipeline\data\event_review\candidate_event_clips\PERF-001\PERF-001_event_0168_PERF-001-CAND-0168.wav,IOI tertile + onset-strength tertile; first event per recording uses START
PERF-001,169,MEDIUM_STRONG,MEDIUM,STRONG,196.556916,0.6037190000000123,0.041729,PERF-001-CAND-0169,PERF-001_event_0169_PERF-001-CAND-0169.wav,C:\Users\vonje\Documents\4th Year Acts\Thesis\Latest Requirements\Thesis App\data_pipeline\data\event_review\candidate_event_clips\PERF-001\PERF-001_event_0169_PERF-001-CAND-0169.wav,IOI tertile + onset-strength tertile; first event per recording uses START
PERF-001,170,MEDIUM_MEDIUM,MEDIUM,MEDIUM,197.172245,0.6153290000000027,0.033717,PERF-001-CAND-0170,PERF-001_event_0170_PERF-001-CAND-0170.wav,C:\Users\vonje\Documents\4th Year Acts\Thesis\Latest Requirements\Thesis App\data_pipeline\data\event_review\candidate_event_clips\PERF-001\PERF-001_event_0170_PERF-001-CAND-0170.wav,IOI tertile + onset-strength tertile; first event per recording uses START
PERF-001,171,LONG_MEDIUM,LONG,MEDIUM,198.402902,1.2306570000000079,0.027348,PERF-001-CAND-0171,PERF-001_event_0171_PERF-001-CAND-0171.wav,C:\Users\vonje\Documents\4th Year Acts\Thesis\Latest Requirements\Thesis App\data_pipeline\data\event_review\candidate_event_clips\PERF-001\PERF-001_event_0171_PERF-001-CAND-0171.wav,IOI tertile + onset-strength tertile; first event per recording uses START
PERF-001,172,MEDIUM_STRONG,MEDIUM,STRONG,199.006621,0.6037189999999839,0.051155,PERF-001-CAND-0172,PERF-001_event_0172_PERF-001-CAND-0172.wav,C:\Users\vonje\Documents\4th Year Acts\Thesis\Latest Requirements\Thesis App\data_pipeline\data\event_review\candidate_event_clips\PERF-001\PERF-001_event_0172_PERF-001-CAND-0172.wav,IOI tertile + onset-strength tertile; first event per recording uses START
PERF-001,173,MEDIUM_MEDIUM,MEDIUM,MEDIUM,199.62195,0.6153290000000027,0.034154,PERF-001-CAND-0173,PERF-001_event_0173_PERF-001-CAND-0173.wav,C:\Users\vonje\Documents\4th Year Acts\Thesis\Latest Requirements\Thesis App\data_pipeline\data\event_review\candidate_event_clips\PERF-001\PERF-001_event_0173_PERF-001-CAND-0173.wav,IOI tertile + onset-strength tertile; first event per recording uses START
PERF-001,174,MEDIUM_STRONG,MEDIUM,STRONG,200.260499,0.6385490000000118,0.041247,PERF-001-CAND-0174,PERF-001_event_0174_PERF-001-CAND-0174.wav,C:\Users\vonje\Documents\4th Year Acts\Thesis\Latest Requirements\Thesis App\data_pipeline\data\event_review\candidate_event_clips\PERF-001\PERF-001_event_0174_PERF-001-CAND-0174.wav,IOI tertile + onset-strength tertile; first event per recording uses START
PERF-001,175,MEDIUM_STRONG,MEDIUM,STRONG,200.875828,0.6153290000000027,0.03978,PERF-001-CAND-0175,PERF-001_event_0175_PERF-001-CAND-0175.wav,C:\Users\vonje\Documents\4th Year Acts\Thesis\Latest Requirements\Thesis App\data_pipeline\data\event_review\candidate_event_clips\PERF-001\PERF-001_event_0175_PERF-001-CAND-0175.wav,IOI tertile + onset-strength tertile; first event per recording uses START
PERF-001,176,MEDIUM_STRONG,MEDIUM,STRONG,201.479546,0.6037179999999864,0.046912,PERF-001-CAND-0176,PERF-001_event_0176_PERF-001-CAND-0176.wav,C:\Users\vonje\Documents\4th Year Acts\Thesis\Latest Requirements\Thesis App\data_pipeline\data\event_review\candidate_event_clips\PERF-001\PERF-001_event_0176_PERF-001-CAND-0176.wav,IOI tertile + onset-strength tertile; first event per recording uses START
PERF-001,177,MEDIUM_STRONG,MEDIUM,STRONG,202.106485,0.626938999999993,0.041573,PERF-001-CAND-0177,PERF-001_event_0177_PERF-001-CAND-0177.wav,C:\Users\vonje\Documents\4th Year Acts\Thesis\Latest Requirements\Thesis App\data_pipeline\data\event_review\candidate_event_clips\PERF-001\PERF-001_event_0177_PERF-001-CAND-0177.wav,IOI tertile + onset-strength tertile; first event per recording uses START
PERF-001,178,MEDIUM_STRONG,MEDIUM,STRONG,202.721814,0.6153290000000027,0.056427,PERF-001-CAND-0178,PERF-001_event_0178_PERF-001-CAND-0178.wav,C:\Users\vonje\Documents\4th Year Acts\Thesis\Latest Requirements\Thesis App\data_pipeline\data\event_review\candidate_event_clips\PERF-001\PERF-001_event_0178_PERF-001-CAND-0178.wav,IOI tertile + onset-strength tertile; first event per recording uses START
PERF-001,179,MEDIUM_MEDIUM,MEDIUM,MEDIUM,203.313923,0.5921089999999936,0.027506,PERF-001-CAND-0179,PERF-001_event_0179_PERF-001-CAND-0179.wav,C:\Users\vonje\Documents\4th Year Acts\Thesis\Latest Requirements\Thesis App\data_pipeline\data\event_review\candidate_event_clips\PERF-001\PERF-001_event_0179_PERF-001-CAND-0179.wav,IOI tertile + onset-strength tertile; first event per recording uses START
PERF-001,180,MEDIUM_STRONG,MEDIUM,STRONG,203.952472,0.6385490000000118,0.047529,PERF-001-CAND-0180,PERF-001_event_0180_PERF-001-CAND-0180.wav,C:\Users\vonje\Documents\4th Year Acts\Thesis\Latest Requirements\Thesis App\data_pipeline\data\event_review\candidate_event_clips\PERF-001\PERF-001_event_0180_PERF-001-CAND-0180.wav,IOI tertile + onset-strength tertile; first event per recording uses START
PERF-001,181,MEDIUM_STRONG,MEDIUM,STRONG,204.57941,0.6269379999999956,0.066305,PERF-001-CAND-0181,PERF-001_event_0181_PERF-001-CAND-0181.wav,C:\Users\vonje\Documents\4th Year Acts\Thesis\Latest Requirements\Thesis App\data_pipeline\data\event_review\candidate_event_clips\PERF-001\PERF-001_event_0181_PERF-001-CAND-0181.wav,IOI tertile + onset-strength tertile; first event per recording uses START
PERF-001,182,LONG_STRONG,LONG,STRONG,205.798458,1.219048000000015,0.036266,PERF-001-CAND-0182,PERF-001_event_0182_PERF-001-CAND-0182.wav,C:\Users\vonje\Documents\4th Year Acts\Thesis\Latest Requirements\Thesis App\data_pipeline\data\event_review\candidate_event_clips\PERF-001\PERF-001_event_0182_PERF-001-CAND-0182.wav,IOI tertile + onset-strength tertile; first event per recording uses START
PERF-001,183,LONG_MEDIUM,LONG,MEDIUM,207.029116,1.230657999999977,0.034985,PERF-001-CAND-0183,PERF-001_event_0183_PERF-001-CAND-0183.wav,C:\Users\vonje\Documents\4th Year Acts\Thesis\Latest Requirements\Thesis App\data_pipeline\data\event_review\candidate_event_clips\PERF-001\PERF-001_event_0183_PERF-001-CAND-0183.wav,IOI tertile + onset-strength tertile; first event per recording uses START
PERF-001,184,LONG_MEDIUM,LONG,MEDIUM,208.282993,1.253877000000017,0.032742,PERF-001-CAND-0184,PERF-001_event_0184_PERF-001-CAND-0184.wav,C:\Users\vonje\Documents\4th Year Acts\Thesis\Latest Requirements\Thesis App\data_pipeline\data\event_review\candidate_event_clips\PERF-001\PERF-001_event_0184_PERF-001-CAND-0184.wav,IOI tertile + onset-strength tertile; first event per recording uses START
PERF-001,185,MEDIUM_STRONG,MEDIUM,STRONG,208.909932,0.626938999999993,0.039242,PERF-001-CAND-0185,PERF-001_event_0185_PERF-001-CAND-0185.wav,C:\Users\vonje\Documents\4th Year Acts\Thesis\Latest Requirements\Thesis App\data_pipeline\data\event_review\candidate_event_clips\PERF-001\PERF-001_event_0185_PERF-001-CAND-0185.wav,IOI tertile + onset-strength tertile; first event per recording uses START
PERF-001,186,MEDIUM_STRONG,MEDIUM,STRONG,209.513651,0.6037190000000123,0.045766,PERF-001-CAND-0186,PERF-001_event_0186_PERF-001-CAND-0186.wav,C:\Users\vonje\Documents\4th Year Acts\Thesis\Latest Requirements\Thesis App\data_pipeline\data\event_review\candidate_event_clips\PERF-001\PERF-001_event_0186_PERF-001-CAND-0186.wav,IOI tertile + onset-strength tertile; first event per recording uses START
PERF-001,187,MEDIUM_WEAK,MEDIUM,WEAK,210.14059,0.626938999999993,0.026882,PERF-001-CAND-0187,PERF-001_event_0187_PERF-001-CAND-0187.wav,C:\Users\vonje\Documents\4th Year Acts\Thesis\Latest Requirements\Thesis App\data_pipeline\data\event_review\candidate_event_clips\PERF-001\PERF-001_event_0187_PERF-001-CAND-0187.wav,IOI tertile + onset-strength tertile; first event per recording uses START
PERF-001,188,MEDIUM_MEDIUM,MEDIUM,MEDIUM,211.080998,0.9404079999999908,0.031033,PERF-001-CAND-0188,PERF-001_event_0188_PERF-001-CAND-0188.wav,C:\Users\vonje\Documents\4th Year Acts\Thesis\Latest Requirements\Thesis App\data_pipeline\data\event_review\candidate_event_clips\PERF-001\PERF-001_event_0188_PERF-001-CAND-0188.wav,IOI tertile + onset-strength tertile; first event per recording uses START
PERF-001,189,LONG_WEAK,LONG,WEAK,212.567075,1.4860769999999945,0.02186,PERF-001-CAND-0189,PERF-001_event_0189_PERF-001-CAND-0189.wav,C:\Users\vonje\Documents\4th Year Acts\Thesis\Latest Requirements\Thesis App\data_pipeline\data\event_review\candidate_event_clips\PERF-001\PERF-001_event_0189_PERF-001-CAND-0189.wav,IOI tertile + onset-strength tertile; first event per recording uses START
PERF-001,190,MEDIUM_WEAK,MEDIUM,WEAK,213.194014,0.6269390000000215,0.02631,PERF-001-CAND-0190,PERF-001_event_0190_PERF-001-CAND-0190.wav,C:\Users\vonje\Documents\4th Year Acts\Thesis\Latest Requirements\Thesis App\data_pipeline\data\event_review\candidate_event_clips\PERF-001\PERF-001_event_0190_PERF-001-CAND-0190.wav,IOI tertile + onset-strength tertile; first event per recording uses START
PERF-001,191,MEDIUM_STRONG,MEDIUM,STRONG,213.809342,0.6153279999999768,0.038271,PERF-001-CAND-0191,PERF-001_event_0191_PERF-001-CAND-0191.wav,C:\Users\vonje\Documents\4th Year Acts\Thesis\Latest Requirements\Thesis App\data_pipeline\data\event_review\candidate_event_clips\PERF-001\PERF-001_event_0191_PERF-001-CAND-0191.wav,IOI tertile + onset-strength tertile; first event per recording uses START
PERF-001,192,LONG_MEDIUM,LONG,MEDIUM,215.04,1.2306580000000054,0.031716,PERF-001-CAND-0192,PERF-001_event_0192_PERF-001-CAND-0192.wav,C:\Users\vonje\Documents\4th Year Acts\Thesis\Latest Requirements\Thesis App\data_pipeline\data\event_review\candidate_event_clips\PERF-001\PERF-001_event_0192_PERF-001-CAND-0192.wav,IOI tertile + onset-strength tertile; first event per recording uses START
PERF-001,193,LONG_MEDIUM,LONG,MEDIUM,216.259048,1.219048000000015,0.027626,PERF-001-CAND-0193,PERF-001_event_0193_PERF-001-CAND-0193.wav,C:\Users\vonje\Documents\4th Year Acts\Thesis\Latest Requirements\Thesis App\data_pipeline\data\event_review\candidate_event_clips\PERF-001\PERF-001_event_0193_PERF-001-CAND-0193.wav,IOI tertile + onset-strength tertile; first event per recording uses START
PERF-001,194,LONG_STRONG,LONG,STRONG,217.489705,1.2306569999999795,0.036548,PERF-001-CAND-0194,PERF-001_event_0194_PERF-001-CAND-0194.wav,C:\Users\vonje\Documents\4th Year Acts\Thesis\Latest Requirements\Thesis App\data_pipeline\data\event_review\candidate_event_clips\PERF-001\PERF-001_event_0194_PERF-001-CAND-0194.wav,IOI tertile + onset-strength tertile; first event per recording uses START
PERF-001,195,MEDIUM_STRONG,MEDIUM,STRONG,218.128254,0.6385490000000118,0.040232,PERF-001-CAND-0195,PERF-001_event_0195_PERF-001-CAND-0195.wav,C:\Users\vonje\Documents\4th Year Acts\Thesis\Latest Requirements\Thesis App\data_pipeline\data\event_review\candidate_event_clips\PERF-001\PERF-001_event_0195_PERF-001-CAND-0195.wav,IOI tertile + onset-strength tertile; first event per recording uses START
PERF-001,196,LONG_STRONG,LONG,STRONG,219.358912,1.2306580000000054,0.046119,PERF-001-CAND-0196,PERF-001_event_0196_PERF-001-CAND-0196.wav,C:\Users\vonje\Documents\4th Year Acts\Thesis\Latest Requirements\Thesis App\data_pipeline\data\event_review\candidate_event_clips\PERF-001\PERF-001_event_0196_PERF-001-CAND-0196.wav,IOI tertile + onset-strength tertile; first event per recording uses START
PERF-001,197,MEDIUM_STRONG,MEDIUM,STRONG,219.97424,0.6153280000000052,0.043912,PERF-001-CAND-0197,PERF-001_event_0197_PERF-001-CAND-0197.wav,C:\Users\vonje\Documents\4th Year Acts\Thesis\Latest Requirements\Thesis App\data_pipeline\data\event_review\candidate_event_clips\PERF-001\PERF-001_event_0197_PERF-001-CAND-0197.wav,IOI tertile + onset-strength tertile; first event per recording uses START
PERF-001,198,MEDIUM_STRONG,MEDIUM,STRONG,220.577959,0.6037189999999839,0.040235,PERF-001-CAND-0198,PERF-001_event_0198_PERF-001-CAND-0198.wav,C:\Users\vonje\Documents\4th Year Acts\Thesis\Latest Requirements\Thesis App\data_pipeline\data\event_review\candidate_event_clips\PERF-001\PERF-001_event_0198_PERF-001-CAND-0198.wav,IOI tertile + onset-strength tertile; first event per recording uses START
PERF-001,199,LONG_MEDIUM,LONG,MEDIUM,221.820227,1.2422679999999957,0.030774,PERF-001-CAND-0199,PERF-001_event_0199_PERF-001-CAND-0199.wav,C:\Users\vonje\Documents\4th Year Acts\Thesis\Latest Requirements\Thesis App\data_pipeline\data\event_review\candidate_event_clips\PERF-001\PERF-001_event_0199_PERF-001-CAND-0199.wav,IOI tertile + onset-strength tertile; first event per recording uses START
PERF-001,200,LONG_MEDIUM,LONG,MEDIUM,223.050884,1.2306570000000079,0.029392,PERF-001-CAND-0200,PERF-001_event_0200_PERF-001-CAND-0200.wav,C:\Users\vonje\Documents\4th Year Acts\Thesis\Latest Requirements\Thesis App\data_pipeline\data\event_review\candidate_event_clips\PERF-001\PERF-001_event_0200_PERF-001-CAND-0200.wav,IOI tertile + onset-strength tertile; first event per recording uses START
PERF-001,201,MEDIUM_STRONG,MEDIUM,STRONG,223.689433,0.6385490000000118,0.046212,PERF-001-CAND-0201,PERF-001_event_0201_PERF-001-CAND-0201.wav,C:\Users\vonje\Documents\4th Year Acts\Thesis\Latest Requirements\Thesis App\data_pipeline\data\event_review\candidate_event_clips\PERF-001\PERF-001_event_0201_PERF-001-CAND-0201.wav,IOI tertile + onset-strength tertile; first event per recording uses START
PERF-001,202,MEDIUM_STRONG,MEDIUM,STRONG,224.293152,0.6037189999999839,0.040107,PERF-001-CAND-0202,PERF-001_event_0202_PERF-001-CAND-0202.wav,C:\Users\vonje\Documents\4th Year Acts\Thesis\Latest Requirements\Thesis App\data_pipeline\data\event_review\candidate_event_clips\PERF-001\PERF-001_event_0202_PERF-001-CAND-0202.wav,IOI tertile + onset-strength tertile; first event per recording uses START
PERF-001,203,LONG_STRONG,LONG,STRONG,226.777687,2.484534999999994,0.056477,PERF-001-CAND-0203,PERF-001_event_0203_PERF-001-CAND-0203.wav,C:\Users\vonje\Documents\4th Year Acts\Thesis\Latest Requirements\Thesis App\data_pipeline\data\event_review\candidate_event_clips\PERF-001\PERF-001_event_0203_PERF-001-CAND-0203.wav,IOI tertile + onset-strength tertile; first event per recording uses START
PERF-001,204,LONG_STRONG,LONG,STRONG,228.019955,1.2422680000000241,0.047623,PERF-001-CAND-0204,PERF-001_event_0204_PERF-001-CAND-0204.wav,C:\Users\vonje\Documents\4th Year Acts\Thesis\Latest Requirements\Thesis App\data_pipeline\data\event_review\candidate_event_clips\PERF-001\PERF-001_event_0204_PERF-001-CAND-0204.wav,IOI tertile + onset-strength tertile; first event per recording uses START
PERF-001,205,LONG_STRONG,LONG,STRONG,230.45805,2.4380949999999757,0.042515,PERF-001-CAND-0205,PERF-001_event_0205_PERF-001-CAND-0205.wav,C:\Users\vonje\Documents\4th Year Acts\Thesis\Latest Requirements\Thesis App\data_pipeline\data\event_review\candidate_event_clips\PERF-001\PERF-001_event_0205_PERF-001-CAND-0205.wav,IOI tertile + onset-strength tertile; first event per recording uses START
PERF-001,206,LONG_MEDIUM,LONG,MEDIUM,231.700317,1.2422670000000267,0.035825,PERF-001-CAND-0206,PERF-001_event_0206_PERF-001-CAND-0206.wav,C:\Users\vonje\Documents\4th Year Acts\Thesis\Latest Requirements\Thesis App\data_pipeline\data\event_review\candidate_event_clips\PERF-001\PERF-001_event_0206_PERF-001-CAND-0206.wav,IOI tertile + onset-strength tertile; first event per recording uses START
PERF-001,207,LONG_STRONG,LONG,STRONG,234.776961,3.0766439999999875,0.038642,PERF-001-CAND-0207,PERF-001_event_0207_PERF-001-CAND-0207.wav,C:\Users\vonje\Documents\4th Year Acts\Thesis\Latest Requirements\Thesis App\data_pipeline\data\event_review\candidate_event_clips\PERF-001\PERF-001_event_0207_PERF-001-CAND-0207.wav,IOI tertile + onset-strength tertile; first event per recording uses START
PERF-001,208,MEDIUM_STRONG,MEDIUM,STRONG,235.39229,0.6153290000000027,0.046464,PERF-001-CAND-0208,PERF-001_event_0208_PERF-001-CAND-0208.wav,C:\Users\vonje\Documents\4th Year Acts\Thesis\Latest Requirements\Thesis App\data_pipeline\data\event_review\candidate_event_clips\PERF-001\PERF-001_event_0208_PERF-001-CAND-0208.wav,IOI tertile + onset-strength tertile; first event per recording uses START
PERF-001,209,MEDIUM_MEDIUM,MEDIUM,MEDIUM,235.996009,0.6037189999999839,0.033985,PERF-001-CAND-0209,PERF-001_event_0209_PERF-001-CAND-0209.wav,C:\Users\vonje\Documents\4th Year Acts\Thesis\Latest Requirements\Thesis App\data_pipeline\data\event_review\candidate_event_clips\PERF-001\PERF-001_event_0209_PERF-001-CAND-0209.wav,IOI tertile + onset-strength tertile; first event per recording uses START
PERF-001,210,LONG_STRONG,LONG,STRONG,240.314921,4.318912000000012,0.039852,PERF-001-CAND-0210,PERF-001_event_0210_PERF-001-CAND-0210.wav,C:\Users\vonje\Documents\4th Year Acts\Thesis\Latest Requirements\Thesis App\data_pipeline\data\event_review\candidate_event_clips\PERF-001\PERF-001_event_0210_PERF-001-CAND-0210.wav,IOI tertile + onset-strength tertile; first event per recording uses START
PERF-001,211,LONG_STRONG,LONG,STRONG,250.83356,10.518639000000007,0.041032,PERF-001-CAND-0211,PERF-001_event_0211_PERF-001-CAND-0211.wav,C:\Users\vonje\Documents\4th Year Acts\Thesis\Latest Requirements\Thesis App\data_pipeline\data\event_review\candidate_event_clips\PERF-001\PERF-001_event_0211_PERF-001-CAND-0211.wav,IOI tertile + onset-strength tertile; first event per recording uses START
PERF-001,212,LONG_STRONG,LONG,STRONG,254.537143,3.7035829999999805,0.036697,PERF-001-CAND-0212,PERF-001_event_0212_PERF-001-CAND-0212.wav,C:\Users\vonje\Documents\4th Year Acts\Thesis\Latest Requirements\Thesis App\data_pipeline\data\event_review\candidate_event_clips\PERF-001\PERF-001_event_0212_PERF-001-CAND-0212.wav,IOI tertile + onset-strength tertile; first event per recording uses START
PERF-001,213,MEDIUM_MEDIUM,MEDIUM,MEDIUM,255.489161,0.9520180000000096,0.033565,PERF-001-CAND-0213,PERF-001_event_0213_PERF-001-CAND-0213.wav,C:\Users\vonje\Documents\4th Year Acts\Thesis\Latest Requirements\Thesis App\data_pipeline\data\event_review\candidate_event_clips\PERF-001\PERF-001_event_0213_PERF-001-CAND-0213.wav,IOI tertile + onset-strength tertile; first event per recording uses START
PERF-001,214,LONG_WEAK,LONG,WEAK,258.612245,3.1230839999999773,0.027058,PERF-001-CAND-0214,PERF-001_event_0214_PERF-001-CAND-0214.wav,C:\Users\vonje\Documents\4th Year Acts\Thesis\Latest Requirements\Thesis App\data_pipeline\data\event_review\candidate_event_clips\PERF-001\PERF-001_event_0214_PERF-001-CAND-0214.wav,IOI tertile + onset-strength tertile; first event per recording uses START
PERF-001,215,SHORT_STRONG,SHORT,STRONG,258.925714,0.3134690000000546,0.044169,PERF-001-CAND-0215,PERF-001_event_0215_PERF-001-CAND-0215.wav,C:\Users\vonje\Documents\4th Year Acts\Thesis\Latest Requirements\Thesis App\data_pipeline\data\event_review\candidate_event_clips\PERF-001\PERF-001_event_0215_PERF-001-CAND-0215.wav,IOI tertile + onset-strength tertile; first event per recording uses START
PERF-001,216,SHORT_MEDIUM,SHORT,MEDIUM,259.239184,0.31346999999999525,0.03435,PERF-001-CAND-0216,PERF-001_event_0216_PERF-001-CAND-0216.wav,C:\Users\vonje\Documents\4th Year Acts\Thesis\Latest Requirements\Thesis App\data_pipeline\data\event_review\candidate_event_clips\PERF-001\PERF-001_event_0216_PERF-001-CAND-0216.wav,IOI tertile + onset-strength tertile; first event per recording uses START
PERF-001,217,MEDIUM_STRONG,MEDIUM,STRONG,260.179592,0.9404079999999908,0.047126,PERF-001-CAND-0217,PERF-001_event_0217_PERF-001-CAND-0217.wav,C:\Users\vonje\Documents\4th Year Acts\Thesis\Latest Requirements\Thesis App\data_pipeline\data\event_review\candidate_event_clips\PERF-001\PERF-001_event_0217_PERF-001-CAND-0217.wav,IOI tertile + onset-strength tertile; first event per recording uses START
PERF-001,218,LONG_WEAK,LONG,WEAK,262.060408,1.8808159999999816,0.024305,PERF-001-CAND-0218,PERF-001_event_0218_PERF-001-CAND-0218.wav,C:\Users\vonje\Documents\4th Year Acts\Thesis\Latest Requirements\Thesis App\data_pipeline\data\event_review\candidate_event_clips\PERF-001\PERF-001_event_0218_PERF-001-CAND-0218.wav,IOI tertile + onset-strength tertile; first event per recording uses START
PERF-001,219,SHORT_STRONG,SHORT,STRONG,262.362268,0.3018599999999765,0.043582,PERF-001-CAND-0219,PERF-001_event_0219_PERF-001-CAND-0219.wav,C:\Users\vonje\Documents\4th Year Acts\Thesis\Latest Requirements\Thesis App\data_pipeline\data\event_review\candidate_event_clips\PERF-001\PERF-001_event_0219_PERF-001-CAND-0219.wav,IOI tertile + onset-strength tertile; first event per recording uses START
PERF-001,220,MEDIUM_STRONG,MEDIUM,STRONG,262.965986,0.6037180000000149,0.047037,PERF-001-CAND-0220,PERF-001_event_0220_PERF-001-CAND-0220.wav,C:\Users\vonje\Documents\4th Year Acts\Thesis\Latest Requirements\Thesis App\data_pipeline\data\event_review\candidate_event_clips\PERF-001\PERF-001_event_0220_PERF-001-CAND-0220.wav,IOI tertile + onset-strength tertile; first event per recording uses START
PERF-001,221,LONG_STRONG,LONG,STRONG,265.160272,2.1942860000000337,0.041067,PERF-001-CAND-0221,PERF-001_event_0221_PERF-001-CAND-0221.wav,C:\Users\vonje\Documents\4th Year Acts\Thesis\Latest Requirements\Thesis App\data_pipeline\data\event_review\candidate_event_clips\PERF-001\PERF-001_event_0221_PERF-001-CAND-0221.wav,IOI tertile + onset-strength tertile; first event per recording uses START
PERF-001,222,MEDIUM_STRONG,MEDIUM,STRONG,266.08907,0.928797999999972,0.06407,PERF-001-CAND-0222,PERF-001_event_0222_PERF-001-CAND-0222.wav,C:\Users\vonje\Documents\4th Year Acts\Thesis\Latest Requirements\Thesis App\data_pipeline\data\event_review\candidate_event_clips\PERF-001\PERF-001_event_0222_PERF-001-CAND-0222.wav,IOI tertile + onset-strength tertile; first event per recording uses START
PERF-001,223,MEDIUM_WEAK,MEDIUM,WEAK,266.704399,0.6153290000000311,0.021047,PERF-001-CAND-0223,PERF-001_event_0223_PERF-001-CAND-0223.wav,C:\Users\vonje\Documents\4th Year Acts\Thesis\Latest Requirements\Thesis App\data_pipeline\data\event_review\candidate_event_clips\PERF-001\PERF-001_event_0223_PERF-001-CAND-0223.wav,IOI tertile + onset-strength tertile; first event per recording uses START
PERF-001,224,LONG_STRONG,LONG,STRONG,267.923447,1.2190479999999866,0.03933,PERF-001-CAND-0224,PERF-001_event_0224_PERF-001-CAND-0224.wav,C:\Users\vonje\Documents\4th Year Acts\Thesis\Latest Requirements\Thesis App\data_pipeline\data\event_review\candidate_event_clips\PERF-001\PERF-001_event_0224_PERF-001-CAND-0224.wav,IOI tertile + onset-strength tertile; first event per recording uses START
PERF-001,225,LONG_MEDIUM,LONG,MEDIUM,269.200544,1.2770969999999693,0.035079,PERF-001-CAND-0225,PERF-001_event_0225_PERF-001-CAND-0225.wav,C:\Users\vonje\Documents\4th Year Acts\Thesis\Latest Requirements\Thesis App\data_pipeline\data\event_review\candidate_event_clips\PERF-001\PERF-001_event_0225_PERF-001-CAND-0225.wav,IOI tertile + onset-strength tertile; first event per recording uses START
PERF-001,226,LONG_MEDIUM,LONG,MEDIUM,271.673469,2.472925000000032,0.027754,PERF-001-CAND-0226,PERF-001_event_0226_PERF-001-CAND-0226.wav,C:\Users\vonje\Documents\4th Year Acts\Thesis\Latest Requirements\Thesis App\data_pipeline\data\event_review\candidate_event_clips\PERF-001\PERF-001_event_0226_PERF-001-CAND-0226.wav,IOI tertile + onset-strength tertile; first event per recording uses START
PERF-001,227,LONG_MEDIUM,LONG,MEDIUM,272.904127,1.2306580000000054,0.034695,PERF-001-CAND-0227,PERF-001_event_0227_PERF-001-CAND-0227.wav,C:\Users\vonje\Documents\4th Year Acts\Thesis\Latest Requirements\Thesis App\data_pipeline\data\event_review\candidate_event_clips\PERF-001\PERF-001_event_0227_PERF-001-CAND-0227.wav,IOI tertile + onset-strength tertile; first event per recording uses START
PERF-001,228,MEDIUM_STRONG,MEDIUM,STRONG,273.519456,0.6153289999999743,0.045522,PERF-001-CAND-0228,PERF-001_event_0228_PERF-001-CAND-0228.wav,C:\Users\vonje\Documents\4th Year Acts\Thesis\Latest Requirements\Thesis App\data_pipeline\data\event_review\candidate_event_clips\PERF-001\PERF-001_event_0228_PERF-001-CAND-0228.wav,IOI tertile + onset-strength tertile; first event per recording uses START
PERF-001,229,LONG_STRONG,LONG,STRONG,275.411882,1.8924260000000004,0.043843,PERF-001-CAND-0229,PERF-001_event_0229_PERF-001-CAND-0229.wav,C:\Users\vonje\Documents\4th Year Acts\Thesis\Latest Requirements\Thesis App\data_pipeline\data\event_review\candidate_event_clips\PERF-001\PERF-001_event_0229_PERF-001-CAND-0229.wav,IOI tertile + onset-strength tertile; first event per recording uses START
PERF-001,230,LONG_STRONG,LONG,STRONG,276.67737,1.2654880000000048,0.086469,PERF-001-CAND-0230,PERF-001_event_0230_PERF-001-CAND-0230.wav,C:\Users\vonje\Documents\4th Year Acts\Thesis\Latest Requirements\Thesis App\data_pipeline\data\event_review\candidate_event_clips\PERF-001\PERF-001_event_0230_PERF-001-CAND-0230.wav,IOI tertile + onset-strength tertile; first event per recording uses START
PERF-001,231,LONG_MEDIUM,LONG,MEDIUM,284.432834,7.755464000000018,0.034778,PERF-001-CAND-0231,PERF-001_event_0231_PERF-001-CAND-0231.wav,C:\Users\vonje\Documents\4th Year Acts\Thesis\Latest Requirements\Thesis App\data_pipeline\data\event_review\candidate_event_clips\PERF-001\PERF-001_event_0231_PERF-001-CAND-0231.wav,IOI tertile + onset-strength tertile; first event per recording uses START
PERF-001,232,MEDIUM_MEDIUM,MEDIUM,MEDIUM,285.036553,0.6037190000000123,0.029014,PERF-001-CAND-0232,PERF-001_event_0232_PERF-001-CAND-0232.wav,C:\Users\vonje\Documents\4th Year Acts\Thesis\Latest Requirements\Thesis App\data_pipeline\data\event_review\candidate_event_clips\PERF-001\PERF-001_event_0232_PERF-001-CAND-0232.wav,IOI tertile + onset-strength tertile; first event per recording uses START
PERF-001,233,LONG_STRONG,LONG,STRONG,287.544308,2.5077549999999746,0.052316,PERF-001-CAND-0233,PERF-001_event_0233_PERF-001-CAND-0233.wav,C:\Users\vonje\Documents\4th Year Acts\Thesis\Latest Requirements\Thesis App\data_pipeline\data\event_review\candidate_event_clips\PERF-001\PERF-001_event_0233_PERF-001-CAND-0233.wav,IOI tertile + onset-strength tertile; first event per recording uses START
PERF-001,234,MEDIUM_MEDIUM,MEDIUM,MEDIUM,288.159637,0.6153289999999743,0.032109,PERF-001-CAND-0234,PERF-001_event_0234_PERF-001-CAND-0234.wav,C:\Users\vonje\Documents\4th Year Acts\Thesis\Latest Requirements\Thesis App\data_pipeline\data\event_review\candidate_event_clips\PERF-001\PERF-001_event_0234_PERF-001-CAND-0234.wav,IOI tertile + onset-strength tertile; first event per recording uses START
PERF-001,235,LONG_STRONG,LONG,STRONG,289.436735,1.2770980000000236,0.044337,PERF-001-CAND-0235,PERF-001_event_0235_PERF-001-CAND-0235.wav,C:\Users\vonje\Documents\4th Year Acts\Thesis\Latest Requirements\Thesis App\data_pipeline\data\event_review\candidate_event_clips\PERF-001\PERF-001_event_0235_PERF-001-CAND-0235.wav,IOI tertile + onset-strength tertile; first event per recording uses START
PERF-002,1,START_WEAK,START,WEAK,0.02322,,0.0,PERF-002-CAND-0001,PERF-002_event_0001_PERF-002-CAND-0001.wav,C:\Users\vonje\Documents\4th Year Acts\Thesis\Latest Requirements\Thesis App\data_pipeline\data\event_review\candidate_event_clips\PERF-002\PERF-002_event_0001_PERF-002-CAND-0001.wav,IOI tertile + onset-strength tertile; first event per recording uses START
PERF-002,2,LONG_MEDIUM,LONG,MEDIUM,5.909478,5.886258,0.034026,PERF-002-CAND-0002,PERF-002_event_0002_PERF-002-CAND-0002.wav,C:\Users\vonje\Documents\4th Year Acts\Thesis\Latest Requirements\Thesis App\data_pipeline\data\event_review\candidate_event_clips\PERF-002\PERF-002_event_0002_PERF-002-CAND-0002.wav,IOI tertile + onset-strength tertile; first event per recording uses START
PERF-002,3,MEDIUM_WEAK,MEDIUM,WEAK,6.791837,0.8823590000000001,0.015075,PERF-002-CAND-0003,PERF-002_event_0003_PERF-002-CAND-0003.wav,C:\Users\vonje\Documents\4th Year Acts\Thesis\Latest Requirements\Thesis App\data_pipeline\data\event_review\candidate_event_clips\PERF-002\PERF-002_event_0003_PERF-002-CAND-0003.wav,IOI tertile + onset-strength tertile; first event per recording uses START
PERF-002,4,SHORT_MEDIUM,SHORT,MEDIUM,7.244626,0.4527890000000001,0.032545,PERF-002-CAND-0004,PERF-002_event_0004_PERF-002-CAND-0004.wav,C:\Users\vonje\Documents\4th Year Acts\Thesis\Latest Requirements\Thesis App\data_pipeline\data\event_review\candidate_event_clips\PERF-002\PERF-002_event_0004_PERF-002-CAND-0004.wav,IOI tertile + onset-strength tertile; first event per recording uses START
PERF-002,5,LONG_MEDIUM,LONG,MEDIUM,10.797279,3.5526529999999994,0.027543,PERF-002-CAND-0005,PERF-002_event_0005_PERF-002-CAND-0005.wav,C:\Users\vonje\Documents\4th Year Acts\Thesis\Latest Requirements\Thesis App\data_pipeline\data\event_review\candidate_event_clips\PERF-002\PERF-002_event_0005_PERF-002-CAND-0005.wav,IOI tertile + onset-strength tertile; first event per recording uses START
PERF-002,6,MEDIUM_STRONG,MEDIUM,STRONG,11.691247,0.893968000000001,0.041279,PERF-002-CAND-0006,PERF-002_event_0006_PERF-002-CAND-0006.wav,C:\Users\vonje\Documents\4th Year Acts\Thesis\Latest Requirements\Thesis App\data_pipeline\data\event_review\candidate_event_clips\PERF-002\PERF-002_event_0006_PERF-002-CAND-0006.wav,IOI tertile + onset-strength tertile; first event per recording uses START
PERF-002,7,MEDIUM_MEDIUM,MEDIUM,MEDIUM,12.608435,0.9171879999999994,0.030048,PERF-002-CAND-0007,PERF-002_event_0007_PERF-002-CAND-0007.wav,C:\Users\vonje\Documents\4th Year Acts\Thesis\Latest Requirements\Thesis App\data_pipeline\data\event_review\candidate_event_clips\PERF-002\PERF-002_event_0007_PERF-002-CAND-0007.wav,IOI tertile + onset-strength tertile; first event per recording uses START
PERF-002,8,SHORT_STRONG,SHORT,STRONG,13.072834,0.46439900000000023,0.04561,PERF-002-CAND-0008,PERF-002_event_0008_PERF-002-CAND-0008.wav,C:\Users\vonje\Documents\4th Year Acts\Thesis\Latest Requirements\Thesis App\data_pipeline\data\event_review\candidate_event_clips\PERF-002\PERF-002_event_0008_PERF-002-CAND-0008.wav,IOI tertile + onset-strength tertile; first event per recording uses START
PERF-002,9,SHORT_STRONG,SHORT,STRONG,13.502404,0.42957,0.036545,PERF-002-CAND-0009,PERF-002_event_0009_PERF-002-CAND-0009.wav,C:\Users\vonje\Documents\4th Year Acts\Thesis\Latest Requirements\Thesis App\data_pipeline\data\event_review\candidate_event_clips\PERF-002\PERF-002_event_0009_PERF-002-CAND-0009.wav,IOI tertile + onset-strength tertile; first event per recording uses START
PERF-002,10,MEDIUM_STRONG,MEDIUM,STRONG,14.419592,0.9171879999999994,0.041969,PERF-002-CAND-0010,PERF-002_event_0010_PERF-002-CAND-0010.wav,C:\Users\vonje\Documents\4th Year Acts\Thesis\Latest Requirements\Thesis App\data_pipeline\data\event_review\candidate_event_clips\PERF-002\PERF-002_event_0010_PERF-002-CAND-0010.wav,IOI tertile + onset-strength tertile; first event per recording uses START
PERF-002,11,MEDIUM_MEDIUM,MEDIUM,MEDIUM,15.31356,0.893968000000001,0.033263,PERF-002-CAND-0011,PERF-002_event_0011_PERF-002-CAND-0011.wav,C:\Users\vonje\Documents\4th Year Acts\Thesis\Latest Requirements\Thesis App\data_pipeline\data\event_review\candidate_event_clips\PERF-002\PERF-002_event_0011_PERF-002-CAND-0011.wav,IOI tertile + onset-strength tertile; first event per recording uses START
PERF-002,12,MEDIUM_STRONG,MEDIUM,STRONG,16.230748,0.9171879999999977,0.046566,PERF-002-CAND-0012,PERF-002_event_0012_PERF-002-CAND-0012.wav,C:\Users\vonje\Documents\4th Year Acts\Thesis\Latest Requirements\Thesis App\data_pipeline\data\event_review\candidate_event_clips\PERF-002\PERF-002_event_0012_PERF-002-CAND-0012.wav,IOI tertile + onset-strength tertile; first event per recording uses START
PERF-002,13,LONG_STRONG,LONG,STRONG,24.473832,8.243084000000003,0.051126,PERF-002-CAND-0013,PERF-002_event_0013_PERF-002-CAND-0013.wav,C:\Users\vonje\Documents\4th Year Acts\Thesis\Latest Requirements\Thesis App\data_pipeline\data\event_review\candidate_event_clips\PERF-002\PERF-002_event_0013_PERF-002-CAND-0013.wav,IOI tertile + onset-strength tertile; first event per recording uses START
PERF-002,14,MEDIUM_MEDIUM,MEDIUM,MEDIUM,25.40263,0.9287979999999969,0.035494,PERF-002-CAND-0014,PERF-002_event_0014_PERF-002-CAND-0014.wav,C:\Users\vonje\Documents\4th Year Acts\Thesis\Latest Requirements\Thesis App\data_pipeline\data\event_review\candidate_event_clips\PERF-002\PERF-002_event_0014_PERF-002-CAND-0014.wav,IOI tertile + onset-strength tertile; first event per recording uses START
PERF-002,15,MEDIUM_STRONG,MEDIUM,STRONG,26.343039,0.9404090000000025,0.113887,PERF-002-CAND-0015,PERF-002_event_0015_PERF-002-CAND-0015.wav,C:\Users\vonje\Documents\4th Year Acts\Thesis\Latest Requirements\Thesis App\data_pipeline\data\event_review\candidate_event_clips\PERF-002\PERF-002_event_0015_PERF-002-CAND-0015.wav,IOI tertile + onset-strength tertile; first event per recording uses START
PERF-002,16,LONG_MEDIUM,LONG,MEDIUM,28.154195,1.8111560000000004,0.032212,PERF-002-CAND-0016,PERF-002_event_0016_PERF-002-CAND-0016.wav,C:\Users\vonje\Documents\4th Year Acts\Thesis\Latest Requirements\Thesis App\data_pipeline\data\event_review\candidate_event_clips\PERF-002\PERF-002_event_0016_PERF-002-CAND-0016.wav,IOI tertile + onset-strength tertile; first event per recording uses START
PERF-002,17,MEDIUM_STRONG,MEDIUM,STRONG,29.094603,0.9404079999999979,0.06377,PERF-002-CAND-0017,PERF-002_event_0017_PERF-002-CAND-0017.wav,C:\Users\vonje\Documents\4th Year Acts\Thesis\Latest Requirements\Thesis App\data_pipeline\data\event_review\candidate_event_clips\PERF-002\PERF-002_event_0017_PERF-002-CAND-0017.wav,IOI tertile + onset-strength tertile; first event per recording uses START
PERF-002,18,LONG_STRONG,LONG,STRONG,35.6078,6.513196999999998,0.038648,PERF-002-CAND-0018,PERF-002_event_0018_PERF-002-CAND-0018.wav,C:\Users\vonje\Documents\4th Year Acts\Thesis\Latest Requirements\Thesis App\data_pipeline\data\event_review\candidate_event_clips\PERF-002\PERF-002_event_0018_PERF-002-CAND-0018.wav,IOI tertile + onset-strength tertile; first event per recording uses START
PERF-002,19,LONG_STRONG,LONG,STRONG,41.261859,5.654059000000004,0.049504,PERF-002-CAND-0019,PERF-002_event_0019_PERF-002-CAND-0019.wav,C:\Users\vonje\Documents\4th Year Acts\Thesis\Latest Requirements\Thesis App\data_pipeline\data\event_review\candidate_event_clips\PERF-002\PERF-002_event_0019_PERF-002-CAND-0019.wav,IOI tertile + onset-strength tertile; first event per recording uses START
PERF-002,20,LONG_STRONG,LONG,STRONG,52.616417,11.354557999999997,0.042408,PERF-002-CAND-0020,PERF-002_event_0020_PERF-002-CAND-0020.wav,C:\Users\vonje\Documents\4th Year Acts\Thesis\Latest Requirements\Thesis App\data_pipeline\data\event_review\candidate_event_clips\PERF-002\PERF-002_event_0020_PERF-002-CAND-0020.wav,IOI tertile + onset-strength tertile; first event per recording uses START
PERF-002,21,LONG_WEAK,LONG,WEAK,67.314649,14.698232000000004,0.025852,PERF-002-CAND-0021,PERF-002_event_0021_PERF-002-CAND-0021.wav,C:\Users\vonje\Documents\4th Year Acts\Thesis\Latest Requirements\Thesis App\data_pipeline\data\event_review\candidate_event_clips\PERF-002\PERF-002_event_0021_PERF-002-CAND-0021.wav,IOI tertile + onset-strength tertile; first event per recording uses START
PERF-002,22,LONG_STRONG,LONG,STRONG,69.183855,1.8692059999999913,0.038826,PERF-002-CAND-0022,PERF-002_event_0022_PERF-002-CAND-0022.wav,C:\Users\vonje\Documents\4th Year Acts\Thesis\Latest Requirements\Thesis App\data_pipeline\data\event_review\candidate_event_clips\PERF-002\PERF-002_event_0022_PERF-002-CAND-0022.wav,IOI tertile + onset-strength tertile; first event per recording uses START
PERF-002,23,SHORT_STRONG,SHORT,STRONG,69.648254,0.46439900000000023,0.045409,PERF-002-CAND-0023,PERF-002_event_0023_PERF-002-CAND-0023.wav,C:\Users\vonje\Documents\4th Year Acts\Thesis\Latest Requirements\Thesis App\data_pipeline\data\event_review\candidate_event_clips\PERF-002\PERF-002_event_0023_PERF-002-CAND-0023.wav,IOI tertile + onset-strength tertile; first event per recording uses START
PERF-002,24,LONG_MEDIUM,LONG,MEDIUM,71.087891,1.4396370000000047,0.028304,PERF-002-CAND-0024,PERF-002_event_0024_PERF-002-CAND-0024.wav,C:\Users\vonje\Documents\4th Year Acts\Thesis\Latest Requirements\Thesis App\data_pipeline\data\event_review\candidate_event_clips\PERF-002\PERF-002_event_0024_PERF-002-CAND-0024.wav,IOI tertile + onset-strength tertile; first event per recording uses START
PERF-002,25,SHORT_WEAK,SHORT,WEAK,71.55229,0.46439900000000023,0.026694,PERF-002-CAND-0025,PERF-002_event_0025_PERF-002-CAND-0025.wav,C:\Users\vonje\Documents\4th Year Acts\Thesis\Latest Requirements\Thesis App\data_pipeline\data\event_review\candidate_event_clips\PERF-002\PERF-002_event_0025_PERF-002-CAND-0025.wav,IOI tertile + onset-strength tertile; first event per recording uses START
PERF-002,26,LONG_STRONG,LONG,STRONG,75.859592,4.307302000000007,0.036911,PERF-002-CAND-0026,PERF-002_event_0026_PERF-002-CAND-0026.wav,C:\Users\vonje\Documents\4th Year Acts\Thesis\Latest Requirements\Thesis App\data_pipeline\data\event_review\candidate_event_clips\PERF-002\PERF-002_event_0026_PERF-002-CAND-0026.wav,IOI tertile + onset-strength tertile; first event per recording uses START
PERF-002,27,MEDIUM_WEAK,MEDIUM,WEAK,76.8,0.9404079999999908,0.026556,PERF-002-CAND-0027,PERF-002_event_0027_PERF-002-CAND-0027.wav,C:\Users\vonje\Documents\4th Year Acts\Thesis\Latest Requirements\Thesis App\data_pipeline\data\event_review\candidate_event_clips\PERF-002\PERF-002_event_0027_PERF-002-CAND-0027.wav,IOI tertile + onset-strength tertile; first event per recording uses START
PERF-002,28,LONG_MEDIUM,LONG,MEDIUM,78.239637,1.4396370000000047,0.035145,PERF-002-CAND-0028,PERF-002_event_0028_PERF-002-CAND-0028.wav,C:\Users\vonje\Documents\4th Year Acts\Thesis\Latest Requirements\Thesis App\data_pipeline\data\event_review\candidate_event_clips\PERF-002\PERF-002_event_0028_PERF-002-CAND-0028.wav,IOI tertile + onset-strength tertile; first event per recording uses START
PERF-002,29,LONG_STRONG,LONG,STRONG,84.474195,6.234557999999993,0.03703,PERF-002-CAND-0029,PERF-002_event_0029_PERF-002-CAND-0029.wav,C:\Users\vonje\Documents\4th Year Acts\Thesis\Latest Requirements\Thesis App\data_pipeline\data\event_review\candidate_event_clips\PERF-002\PERF-002_event_0029_PERF-002-CAND-0029.wav,IOI tertile + onset-strength tertile; first event per recording uses START
PERF-002,30,LONG_MEDIUM,LONG,MEDIUM,88.293878,3.819683000000012,0.029996,PERF-002-CAND-0030,PERF-002_event_0030_PERF-002-CAND-0030.wav,C:\Users\vonje\Documents\4th Year Acts\Thesis\Latest Requirements\Thesis App\data_pipeline\data\event_review\candidate_event_clips\PERF-002\PERF-002_event_0030_PERF-002-CAND-0030.wav,IOI tertile + onset-strength tertile; first event per recording uses START
PERF-002,31,MEDIUM_STRONG,MEDIUM,STRONG,89.257506,0.9636279999999999,0.036404,PERF-002-CAND-0031,PERF-002_event_0031_PERF-002-CAND-0031.wav,C:\Users\vonje\Documents\4th Year Acts\Thesis\Latest Requirements\Thesis App\data_pipeline\data\event_review\candidate_event_clips\PERF-002\PERF-002_event_0031_PERF-002-CAND-0031.wav,IOI tertile + onset-strength tertile; first event per recording uses START
PERF-002,32,LONG_MEDIUM,LONG,MEDIUM,91.196372,1.9388659999999902,0.031863,PERF-002-CAND-0032,PERF-002_event_0032_PERF-002-CAND-0032.wav,C:\Users\vonje\Documents\4th Year Acts\Thesis\Latest Requirements\Thesis App\data_pipeline\data\event_review\candidate_event_clips\PERF-002\PERF-002_event_0032_PERF-002-CAND-0032.wav,IOI tertile + onset-strength tertile; first event per recording uses START
PERF-002,33,LONG_MEDIUM,LONG,MEDIUM,93.135238,1.9388660000000044,0.036082,PERF-002-CAND-0033,PERF-002_event_0033_PERF-002-CAND-0033.wav,C:\Users\vonje\Documents\4th Year Acts\Thesis\Latest Requirements\Thesis App\data_pipeline\data\event_review\candidate_event_clips\PERF-002\PERF-002_event_0033_PERF-002-CAND-0033.wav,IOI tertile + onset-strength tertile; first event per recording uses START
PERF-002,34,LONG_STRONG,LONG,STRONG,95.341134,2.2058959999999956,0.058454,PERF-002-CAND-0034,PERF-002_event_0034_PERF-002-CAND-0034.wav,C:\Users\vonje\Documents\4th Year Acts\Thesis\Latest Requirements\Thesis App\data_pipeline\data\event_review\candidate_event_clips\PERF-002\PERF-002_event_0034_PERF-002-CAND-0034.wav,IOI tertile + onset-strength tertile; first event per recording uses START
PERF-002,35,SHORT_STRONG,SHORT,STRONG,95.538503,0.197369000000009,0.037696,PERF-002-CAND-0035,PERF-002_event_0035_PERF-002-CAND-0035.wav,C:\Users\vonje\Documents\4th Year Acts\Thesis\Latest Requirements\Thesis App\data_pipeline\data\event_review\candidate_event_clips\PERF-002\PERF-002_event_0035_PERF-002-CAND-0035.wav,IOI tertile + onset-strength tertile; first event per recording uses START
PERF-002,36,LONG_MEDIUM,LONG,MEDIUM,96.978141,1.439637999999988,0.031011,PERF-002-CAND-0036,PERF-002_event_0036_PERF-002-CAND-0036.wav,C:\Users\vonje\Documents\4th Year Acts\Thesis\Latest Requirements\Thesis App\data_pipeline\data\event_review\candidate_event_clips\PERF-002\PERF-002_event_0036_PERF-002-CAND-0036.wav,IOI tertile + onset-strength tertile; first event per recording uses START
PERF-002,37,LONG_STRONG,LONG,STRONG,103.758367,6.780226000000013,0.065847,PERF-002-CAND-0037,PERF-002_event_0037_PERF-002-CAND-0037.wav,C:\Users\vonje\Documents\4th Year Acts\Thesis\Latest Requirements\Thesis App\data_pipeline\data\event_review\candidate_event_clips\PERF-002\PERF-002_event_0037_PERF-002-CAND-0037.wav,IOI tertile + onset-strength tertile; first event per recording uses START
PERF-002,38,MEDIUM_MEDIUM,MEDIUM,MEDIUM,104.489796,0.7314289999999914,0.034091,PERF-002-CAND-0038,PERF-002_event_0038_PERF-002-CAND-0038.wav,C:\Users\vonje\Documents\4th Year Acts\Thesis\Latest Requirements\Thesis App\data_pipeline\data\event_review\candidate_event_clips\PERF-002\PERF-002_event_0038_PERF-002-CAND-0038.wav,IOI tertile + onset-strength tertile; first event per recording uses START
PERF-002,39,LONG_STRONG,LONG,STRONG,105.697234,1.2074379999999962,0.044233,PERF-002-CAND-0039,PERF-002_event_0039_PERF-002-CAND-0039.wav,C:\Users\vonje\Documents\4th Year Acts\Thesis\Latest Requirements\Thesis App\data_pipeline\data\event_review\candidate_event_clips\PERF-002\PERF-002_event_0039_PERF-002-CAND-0039.wav,IOI tertile + onset-strength tertile; first event per recording uses START
PERF-003,1,START_WEAK,START,WEAK,0.02322,,0.0,PERF-003-CAND-0001,PERF-003_event_0001_PERF-003-CAND-0001.wav,C:\Users\vonje\Documents\4th Year Acts\Thesis\Latest Requirements\Thesis App\data_pipeline\data\event_review\candidate_event_clips\PERF-003\PERF-003_event_0001_PERF-003-CAND-0001.wav,IOI tertile + onset-strength tertile; first event per recording uses START
PERF-003,2,LONG_STRONG,LONG,STRONG,4.191202,4.167981999999999,0.048321,PERF-003-CAND-0002,PERF-003_event_0002_PERF-003-CAND-0002.wav,C:\Users\vonje\Documents\4th Year Acts\Thesis\Latest Requirements\Thesis App\data_pipeline\data\event_review\candidate_event_clips\PERF-003\PERF-003_event_0002_PERF-003-CAND-0002.wav,IOI tertile + onset-strength tertile; first event per recording uses START
PERF-003,3,LONG_STRONG,LONG,STRONG,8.301134,4.109932,0.045401,PERF-003-CAND-0003,PERF-003_event_0003_PERF-003-CAND-0003.wav,C:\Users\vonje\Documents\4th Year Acts\Thesis\Latest Requirements\Thesis App\data_pipeline\data\event_review\candidate_event_clips\PERF-003\PERF-003_event_0003_PERF-003-CAND-0003.wav,IOI tertile + onset-strength tertile; first event per recording uses START
PERF-003,4,MEDIUM_MEDIUM,MEDIUM,MEDIUM,9.229932,0.9287980000000005,0.030528,PERF-003-CAND-0004,PERF-003_event_0004_PERF-003-CAND-0004.wav,C:\Users\vonje\Documents\4th Year Acts\Thesis\Latest Requirements\Thesis App\data_pipeline\data\event_review\candidate_event_clips\PERF-003\PERF-003_event_0004_PERF-003-CAND-0004.wav,IOI tertile + onset-strength tertile; first event per recording uses START
PERF-003,5,SHORT_MEDIUM,SHORT,MEDIUM,9.671111,0.441179,0.035009,PERF-003-CAND-0005,PERF-003_event_0005_PERF-003-CAND-0005.wav,C:\Users\vonje\Documents\4th Year Acts\Thesis\Latest Requirements\Thesis App\data_pipeline\data\event_review\candidate_event_clips\PERF-003\PERF-003_event_0005_PERF-003-CAND-0005.wav,IOI tertile + onset-strength tertile; first event per recording uses START
PERF-003,6,LONG_STRONG,LONG,STRONG,11.528707,1.857596000000001,0.043284,PERF-003-CAND-0006,PERF-003_event_0006_PERF-003-CAND-0006.wav,C:\Users\vonje\Documents\4th Year Acts\Thesis\Latest Requirements\Thesis App\data_pipeline\data\event_review\candidate_event_clips\PERF-003\PERF-003_event_0006_PERF-003-CAND-0006.wav,IOI tertile + onset-strength tertile; first event per recording uses START
PERF-003,7,LONG_MEDIUM,LONG,MEDIUM,13.839093,2.3103859999999994,0.032501,PERF-003-CAND-0007,PERF-003_event_0007_PERF-003-CAND-0007.wav,C:\Users\vonje\Documents\4th Year Acts\Thesis\Latest Requirements\Thesis App\data_pipeline\data\event_review\candidate_event_clips\PERF-003\PERF-003_event_0007_PERF-003-CAND-0007.wav,IOI tertile + onset-strength tertile; first event per recording uses START
PERF-003,8,MEDIUM_MEDIUM,MEDIUM,MEDIUM,14.767891,0.9287980000000005,0.029708,PERF-003-CAND-0008,PERF-003_event_0008_PERF-003-CAND-0008.wav,C:\Users\vonje\Documents\4th Year Acts\Thesis\Latest Requirements\Thesis App\data_pipeline\data\event_review\candidate_event_clips\PERF-003\PERF-003_event_0008_PERF-003-CAND-0008.wav,IOI tertile + onset-strength tertile; first event per recording uses START
PERF-003,9,LONG_STRONG,LONG,STRONG,17.565896,2.798004999999998,0.044711,PERF-003-CAND-0009,PERF-003_event_0009_PERF-003-CAND-0009.wav,C:\Users\vonje\Documents\4th Year Acts\Thesis\Latest Requirements\Thesis App\data_pipeline\data\event_review\candidate_event_clips\PERF-003\PERF-003_event_0009_PERF-003-CAND-0009.wav,IOI tertile + onset-strength tertile; first event per recording uses START
PERF-003,10,LONG_MEDIUM,LONG,MEDIUM,19.876281,2.310385,0.032278,PERF-003-CAND-0010,PERF-003_event_0010_PERF-003-CAND-0010.wav,C:\Users\vonje\Documents\4th Year Acts\Thesis\Latest Requirements\Thesis App\data_pipeline\data\event_review\candidate_event_clips\PERF-003\PERF-003_event_0010_PERF-003-CAND-0010.wav,IOI tertile + onset-strength tertile; first event per recording uses START
PERF-003,11,SHORT_STRONG,SHORT,STRONG,20.35229,0.47600900000000124,0.037874,PERF-003-CAND-0011,PERF-003_event_0011_PERF-003-CAND-0011.wav,C:\Users\vonje\Documents\4th Year Acts\Thesis\Latest Requirements\Thesis App\data_pipeline\data\event_review\candidate_event_clips\PERF-003\PERF-003_event_0011_PERF-003-CAND-0011.wav,IOI tertile + onset-strength tertile; first event per recording uses START
PERF-003,12,LONG_STRONG,LONG,STRONG,23.150295,2.798005,0.043221,PERF-003-CAND-0012,PERF-003_event_0012_PERF-003-CAND-0012.wav,C:\Users\vonje\Documents\4th Year Acts\Thesis\Latest Requirements\Thesis App\data_pipeline\data\event_review\candidate_event_clips\PERF-003\PERF-003_event_0012_PERF-003-CAND-0012.wav,IOI tertile + onset-strength tertile; first event per recording uses START
PERF-003,13,LONG_STRONG,LONG,STRONG,25.971519,2.821224000000001,0.046204,PERF-003-CAND-0013,PERF-003_event_0013_PERF-003-CAND-0013.wav,C:\Users\vonje\Documents\4th Year Acts\Thesis\Latest Requirements\Thesis App\data_pipeline\data\event_review\candidate_event_clips\PERF-003\PERF-003_event_0013_PERF-003-CAND-0013.wav,IOI tertile + onset-strength tertile; first event per recording uses START
PERF-003,14,LONG_MEDIUM,LONG,MEDIUM,27.353107,1.3815880000000007,0.027257,PERF-003-CAND-0014,PERF-003_event_0014_PERF-003-CAND-0014.wav,C:\Users\vonje\Documents\4th Year Acts\Thesis\Latest Requirements\Thesis App\data_pipeline\data\event_review\candidate_event_clips\PERF-003\PERF-003_event_0014_PERF-003-CAND-0014.wav,IOI tertile + onset-strength tertile; first event per recording uses START
PERF-003,15,MEDIUM_STRONG,MEDIUM,STRONG,28.328345,0.9752379999999974,0.052604,PERF-003-CAND-0015,PERF-003_event_0015_PERF-003-CAND-0015.wav,C:\Users\vonje\Documents\4th Year Acts\Thesis\Latest Requirements\Thesis App\data_pipeline\data\event_review\candidate_event_clips\PERF-003\PERF-003_event_0015_PERF-003-CAND-0015.wav,IOI tertile + onset-strength tertile; first event per recording uses START
PERF-003,16,SHORT_MEDIUM,SHORT,MEDIUM,28.781134,0.4527890000000028,0.028629,PERF-003-CAND-0016,PERF-003_event_0016_PERF-003-CAND-0016.wav,C:\Users\vonje\Documents\4th Year Acts\Thesis\Latest Requirements\Thesis App\data_pipeline\data\event_review\candidate_event_clips\PERF-003\PERF-003_event_0016_PERF-003-CAND-0016.wav,IOI tertile + onset-strength tertile; first event per recording uses START
PERF-003,17,LONG_MEDIUM,LONG,MEDIUM,31.137959,2.356824999999997,0.033072,PERF-003-CAND-0017,PERF-003_event_0017_PERF-003-CAND-0017.wav,C:\Users\vonje\Documents\4th Year Acts\Thesis\Latest Requirements\Thesis App\data_pipeline\data\event_review\candidate_event_clips\PERF-003\PERF-003_event_0017_PERF-003-CAND-0017.wav,IOI tertile + onset-strength tertile; first event per recording uses START
PERF-003,18,LONG_MEDIUM,LONG,MEDIUM,34.887982,3.7500230000000023,0.031755,PERF-003-CAND-0018,PERF-003_event_0018_PERF-003-CAND-0018.wav,C:\Users\vonje\Documents\4th Year Acts\Thesis\Latest Requirements\Thesis App\data_pipeline\data\event_review\candidate_event_clips\PERF-003\PERF-003_event_0018_PERF-003-CAND-0018.wav,IOI tertile + onset-strength tertile; first event per recording uses START
PERF-003,19,LONG_MEDIUM,LONG,MEDIUM,37.755646,2.8676639999999978,0.032314,PERF-003-CAND-0019,PERF-003_event_0019_PERF-003-CAND-0019.wav,C:\Users\vonje\Documents\4th Year Acts\Thesis\Latest Requirements\Thesis App\data_pipeline\data\event_review\candidate_event_clips\PERF-003\PERF-003_event_0019_PERF-003-CAND-0019.wav,IOI tertile + onset-strength tertile; first event per recording uses START
PERF-003,20,SHORT_STRONG,SHORT,STRONG,38.220045,0.46439900000000023,0.043446,PERF-003-CAND-0020,PERF-003_event_0020_PERF-003-CAND-0020.wav,C:\Users\vonje\Documents\4th Year Acts\Thesis\Latest Requirements\Thesis App\data_pipeline\data\event_review\candidate_event_clips\PERF-003\PERF-003_event_0020_PERF-003-CAND-0020.wav,IOI tertile + onset-strength tertile; first event per recording uses START
PERF-003,21,MEDIUM_STRONG,MEDIUM,STRONG,38.916644,0.6965989999999991,0.048589,PERF-003-CAND-0021,PERF-003_event_0021_PERF-003-CAND-0021.wav,C:\Users\vonje\Documents\4th Year Acts\Thesis\Latest Requirements\Thesis App\data_pipeline\data\event_review\candidate_event_clips\PERF-003\PERF-003_event_0021_PERF-003-CAND-0021.wav,IOI tertile + onset-strength tertile; first event per recording uses START
PERF-003,22,MEDIUM_STRONG,MEDIUM,STRONG,39.624853,0.7082090000000036,0.03999,PERF-003-CAND-0022,PERF-003_event_0022_PERF-003-CAND-0022.wav,C:\Users\vonje\Documents\4th Year Acts\Thesis\Latest Requirements\Thesis App\data_pipeline\data\event_review\candidate_event_clips\PERF-003\PERF-003_event_0022_PERF-003-CAND-0022.wav,IOI tertile + onset-strength tertile; first event per recording uses START
PERF-003,23,SHORT_MEDIUM,SHORT,MEDIUM,40.089252,0.46439900000000023,0.034097,PERF-003-CAND-0023,PERF-003_event_0023_PERF-003-CAND-0023.wav,C:\Users\vonje\Documents\4th Year Acts\Thesis\Latest Requirements\Thesis App\data_pipeline\data\event_review\candidate_event_clips\PERF-003\PERF-003_event_0023_PERF-003-CAND-0023.wav,IOI tertile + onset-strength tertile; first event per recording uses START
PERF-003,24,LONG_STRONG,LONG,STRONG,41.505669,1.4164169999999956,0.038808,PERF-003-CAND-0024,PERF-003_event_0024_PERF-003-CAND-0024.wav,C:\Users\vonje\Documents\4th Year Acts\Thesis\Latest Requirements\Thesis App\data_pipeline\data\event_review\candidate_event_clips\PERF-003\PERF-003_event_0024_PERF-003-CAND-0024.wav,IOI tertile + onset-strength tertile; first event per recording uses START
PERF-003,25,LONG_STRONG,LONG,STRONG,42.922086,1.4164170000000027,0.04037,PERF-003-CAND-0025,PERF-003_event_0025_PERF-003-CAND-0025.wav,C:\Users\vonje\Documents\4th Year Acts\Thesis\Latest Requirements\Thesis App\data_pipeline\data\event_review\candidate_event_clips\PERF-003\PERF-003_event_0025_PERF-003-CAND-0025.wav,IOI tertile + onset-strength tertile; first event per recording uses START
PERF-003,26,SHORT_STRONG,SHORT,STRONG,43.386485,0.46439900000000023,0.061032,PERF-003-CAND-0026,PERF-003_event_0026_PERF-003-CAND-0026.wav,C:\Users\vonje\Documents\4th Year Acts\Thesis\Latest Requirements\Thesis App\data_pipeline\data\event_review\candidate_event_clips\PERF-003\PERF-003_event_0026_PERF-003-CAND-0026.wav,IOI tertile + onset-strength tertile; first event per recording uses START
PERF-003,27,LONG_MEDIUM,LONG,MEDIUM,45.267302,1.8808170000000004,0.028885,PERF-003-CAND-0027,PERF-003_event_0027_PERF-003-CAND-0027.wav,C:\Users\vonje\Documents\4th Year Acts\Thesis\Latest Requirements\Thesis App\data_pipeline\data\event_review\candidate_event_clips\PERF-003\PERF-003_event_0027_PERF-003-CAND-0027.wav,IOI tertile + onset-strength tertile; first event per recording uses START
PERF-003,28,LONG_WEAK,LONG,WEAK,46.695329,1.4280270000000002,0.020253,PERF-003-CAND-0028,PERF-003_event_0028_PERF-003-CAND-0028.wav,C:\Users\vonje\Documents\4th Year Acts\Thesis\Latest Requirements\Thesis App\data_pipeline\data\event_review\candidate_event_clips\PERF-003\PERF-003_event_0028_PERF-003-CAND-0028.wav,IOI tertile + onset-strength tertile; first event per recording uses START
PERF-003,29,SHORT_MEDIUM,SHORT,MEDIUM,47.159728,0.46439900000000023,0.031435,PERF-003-CAND-0029,PERF-003_event_0029_PERF-003-CAND-0029.wav,C:\Users\vonje\Documents\4th Year Acts\Thesis\Latest Requirements\Thesis App\data_pipeline\data\event_review\candidate_event_clips\PERF-003\PERF-003_event_0029_PERF-003-CAND-0029.wav,IOI tertile + onset-strength tertile; first event per recording uses START
PERF-003,30,LONG_MEDIUM,LONG,MEDIUM,52.395828,5.2361,0.03456,PERF-003-CAND-0030,PERF-003_event_0030_PERF-003-CAND-0030.wav,C:\Users\vonje\Documents\4th Year Acts\Thesis\Latest Requirements\Thesis App\data_pipeline\data\event_review\candidate_event_clips\PERF-003\PERF-003_event_0030_PERF-003-CAND-0030.wav,IOI tertile + onset-strength tertile; first event per recording uses START
PERF-003,31,SHORT_MEDIUM,SHORT,MEDIUM,52.871837,0.4760089999999977,0.03204,PERF-003-CAND-0031,PERF-003_event_0031_PERF-003-CAND-0031.wav,C:\Users\vonje\Documents\4th Year Acts\Thesis\Latest Requirements\Thesis App\data_pipeline\data\event_review\candidate_event_clips\PERF-003\PERF-003_event_0031_PERF-003-CAND-0031.wav,IOI tertile + onset-strength tertile; first event per recording uses START
PERF-003,32,SHORT_STRONG,SHORT,STRONG,53.359456,0.48761900000000225,0.036615,PERF-003-CAND-0032,PERF-003_event_0032_PERF-003-CAND-0032.wav,C:\Users\vonje\Documents\4th Year Acts\Thesis\Latest Requirements\Thesis App\data_pipeline\data\event_review\candidate_event_clips\PERF-003\PERF-003_event_0032_PERF-003-CAND-0032.wav,IOI tertile + onset-strength tertile; first event per recording uses START
PERF-003,33,LONG_WEAK,LONG,WEAK,65.306122,11.946666,0.023906,PERF-003-CAND-0033,PERF-003_event_0033_PERF-003-CAND-0033.wav,C:\Users\vonje\Documents\4th Year Acts\Thesis\Latest Requirements\Thesis App\data_pipeline\data\event_review\candidate_event_clips\PERF-003\PERF-003_event_0033_PERF-003-CAND-0033.wav,IOI tertile + onset-strength tertile; first event per recording uses START
PERF-003,34,SHORT_MEDIUM,SHORT,MEDIUM,65.816961,0.5108390000000043,0.035023,PERF-003-CAND-0034,PERF-003_event_0034_PERF-003-CAND-0034.wav,C:\Users\vonje\Documents\4th Year Acts\Thesis\Latest Requirements\Thesis App\data_pipeline\data\event_review\candidate_event_clips\PERF-003\PERF-003_event_0034_PERF-003-CAND-0034.wav,IOI tertile + onset-strength tertile; first event per recording uses START
PERF-004,1,START_WEAK,START,WEAK,0.16254,,0.024433,PERF-004-CAND-0001,PERF-004_event_0001_PERF-004-CAND-0001.wav,C:\Users\vonje\Documents\4th Year Acts\Thesis\Latest Requirements\Thesis App\data_pipeline\data\event_review\candidate_event_clips\PERF-004\PERF-004_event_0001_PERF-004-CAND-0001.wav,IOI tertile + onset-strength tertile; first event per recording uses START
PERF-004,2,SHORT_WEAK,SHORT,WEAK,0.673379,0.5108389999999999,0.020957,PERF-004-CAND-0002,PERF-004_event_0002_PERF-004-CAND-0002.wav,C:\Users\vonje\Documents\4th Year Acts\Thesis\Latest Requirements\Thesis App\data_pipeline\data\event_review\candidate_event_clips\PERF-004\PERF-004_event_0002_PERF-004-CAND-0002.wav,IOI tertile + onset-strength tertile; first event per recording uses START
PERF-004,3,SHORT_MEDIUM,SHORT,MEDIUM,0.986848,0.313469,0.033522,PERF-004-CAND-0003,PERF-004_event_0003_PERF-004-CAND-0003.wav,C:\Users\vonje\Documents\4th Year Acts\Thesis\Latest Requirements\Thesis App\data_pipeline\data\event_review\candidate_event_clips\PERF-004\PERF-004_event_0003_PERF-004-CAND-0003.wav,IOI tertile + onset-strength tertile; first event per recording uses START
PERF-004,4,SHORT_MEDIUM,SHORT,MEDIUM,1.242268,0.25542,0.034822,PERF-004-CAND-0004,PERF-004_event_0004_PERF-004-CAND-0004.wav,C:\Users\vonje\Documents\4th Year Acts\Thesis\Latest Requirements\Thesis App\data_pipeline\data\event_review\candidate_event_clips\PERF-004\PERF-004_event_0004_PERF-004-CAND-0004.wav,IOI tertile + onset-strength tertile; first event per recording uses START
PERF-004,5,MEDIUM_MEDIUM,MEDIUM,MEDIUM,1.834376,0.5921080000000001,0.02778,PERF-004-CAND-0005,PERF-004_event_0005_PERF-004-CAND-0005.wav,C:\Users\vonje\Documents\4th Year Acts\Thesis\Latest Requirements\Thesis App\data_pipeline\data\event_review\candidate_event_clips\PERF-004\PERF-004_event_0005_PERF-004-CAND-0005.wav,IOI tertile + onset-strength tertile; first event per recording uses START
PERF-004,6,SHORT_WEAK,SHORT,WEAK,2.380045,0.545669,0.016098,PERF-004-CAND-0006,PERF-004_event_0006_PERF-004-CAND-0006.wav,C:\Users\vonje\Documents\4th Year Acts\Thesis\Latest Requirements\Thesis App\data_pipeline\data\event_review\candidate_event_clips\PERF-004\PERF-004_event_0006_PERF-004-CAND-0006.wav,IOI tertile + onset-strength tertile; first event per recording uses START
PERF-004,7,MEDIUM_MEDIUM,MEDIUM,MEDIUM,3.506213,1.1261679999999998,0.029746,PERF-004-CAND-0007,PERF-004_event_0007_PERF-004-CAND-0007.wav,C:\Users\vonje\Documents\4th Year Acts\Thesis\Latest Requirements\Thesis App\data_pipeline\data\event_review\candidate_event_clips\PERF-004\PERF-004_event_0007_PERF-004-CAND-0007.wav,IOI tertile + onset-strength tertile; first event per recording uses START
PERF-004,8,MEDIUM_MEDIUM,MEDIUM,MEDIUM,4.075102,0.5688890000000004,0.033186,PERF-004-CAND-0008,PERF-004_event_0008_PERF-004-CAND-0008.wav,C:\Users\vonje\Documents\4th Year Acts\Thesis\Latest Requirements\Thesis App\data_pipeline\data\event_review\candidate_event_clips\PERF-004\PERF-004_event_0008_PERF-004-CAND-0008.wav,IOI tertile + onset-strength tertile; first event per recording uses START
PERF-004,9,MEDIUM_STRONG,MEDIUM,STRONG,4.655601,0.5804989999999997,0.040346,PERF-004-CAND-0009,PERF-004_event_0009_PERF-004-CAND-0009.wav,C:\Users\vonje\Documents\4th Year Acts\Thesis\Latest Requirements\Thesis App\data_pipeline\data\event_review\candidate_event_clips\PERF-004\PERF-004_event_0009_PERF-004-CAND-0009.wav,IOI tertile + onset-strength tertile; first event per recording uses START
PERF-004,10,SHORT_WEAK,SHORT,WEAK,4.93424,0.2786390000000001,0.024758,PERF-004-CAND-0010,PERF-004_event_0010_PERF-004-CAND-0010.wav,C:\Users\vonje\Documents\4th Year Acts\Thesis\Latest Requirements\Thesis App\data_pipeline\data\event_review\candidate_event_clips\PERF-004\PERF-004_event_0010_PERF-004-CAND-0010.wav,IOI tertile + onset-strength tertile; first event per recording uses START
PERF-004,11,SHORT_WEAK,SHORT,WEAK,5.491519,0.5572790000000003,0.017286,PERF-004-CAND-0011,PERF-004_event_0011_PERF-004-CAND-0011.wav,C:\Users\vonje\Documents\4th Year Acts\Thesis\Latest Requirements\Thesis App\data_pipeline\data\event_review\candidate_event_clips\PERF-004\PERF-004_event_0011_PERF-004-CAND-0011.wav,IOI tertile + onset-strength tertile; first event per recording uses START
PERF-004,12,SHORT_MEDIUM,SHORT,MEDIUM,5.758549,0.2670300000000001,0.033874,PERF-004-CAND-0012,PERF-004_event_0012_PERF-004-CAND-0012.wav,C:\Users\vonje\Documents\4th Year Acts\Thesis\Latest Requirements\Thesis App\data_pipeline\data\event_review\candidate_event_clips\PERF-004\PERF-004_event_0012_PERF-004-CAND-0012.wav,IOI tertile + onset-strength tertile; first event per recording uses START
PERF-004,13,SHORT_MEDIUM,SHORT,MEDIUM,6.025578,0.26702899999999996,0.02743,PERF-004-CAND-0013,PERF-004_event_0013_PERF-004-CAND-0013.wav,C:\Users\vonje\Documents\4th Year Acts\Thesis\Latest Requirements\Thesis App\data_pipeline\data\event_review\candidate_event_clips\PERF-004\PERF-004_event_0013_PERF-004-CAND-0013.wav,IOI tertile + onset-strength tertile; first event per recording uses START
PERF-004,14,MEDIUM_WEAK,MEDIUM,WEAK,6.606077,0.5804989999999997,0.015418,PERF-004-CAND-0014,PERF-004_event_0014_PERF-004-CAND-0014.wav,C:\Users\vonje\Documents\4th Year Acts\Thesis\Latest Requirements\Thesis App\data_pipeline\data\event_review\candidate_event_clips\PERF-004\PERF-004_event_0014_PERF-004-CAND-0014.wav,IOI tertile + onset-strength tertile; first event per recording uses START
PERF-004,15,SHORT_WEAK,SHORT,WEAK,6.884717,0.2786400000000002,0.025067,PERF-004-CAND-0015,PERF-004_event_0015_PERF-004-CAND-0015.wav,C:\Users\vonje\Documents\4th Year Acts\Thesis\Latest Requirements\Thesis App\data_pipeline\data\event_review\candidate_event_clips\PERF-004\PERF-004_event_0015_PERF-004-CAND-0015.wav,IOI tertile + onset-strength tertile; first event per recording uses START
PERF-004,16,SHORT_WEAK,SHORT,WEAK,7.174966,0.2902490000000002,0.021428,PERF-004-CAND-0016,PERF-004_event_0016_PERF-004-CAND-0016.wav,C:\Users\vonje\Documents\4th Year Acts\Thesis\Latest Requirements\Thesis App\data_pipeline\data\event_review\candidate_event_clips\PERF-004\PERF-004_event_0016_PERF-004-CAND-0016.wav,IOI tertile + onset-strength tertile; first event per recording uses START
PERF-004,17,SHORT_MEDIUM,SHORT,MEDIUM,7.732245,0.5572789999999994,0.030942,PERF-004-CAND-0017,PERF-004_event_0017_PERF-004-CAND-0017.wav,C:\Users\vonje\Documents\4th Year Acts\Thesis\Latest Requirements\Thesis App\data_pipeline\data\event_review\candidate_event_clips\PERF-004\PERF-004_event_0017_PERF-004-CAND-0017.wav,IOI tertile + onset-strength tertile; first event per recording uses START
PERF-004,18,SHORT_MEDIUM,SHORT,MEDIUM,8.010884,0.27863900000000097,0.03091,PERF-004-CAND-0018,PERF-004_event_0018_PERF-004-CAND-0018.wav,C:\Users\vonje\Documents\4th Year Acts\Thesis\Latest Requirements\Thesis App\data_pipeline\data\event_review\candidate_event_clips\PERF-004\PERF-004_event_0018_PERF-004-CAND-0018.wav,IOI tertile + onset-strength tertile; first event per recording uses START
PERF-004,19,SHORT_MEDIUM,SHORT,MEDIUM,8.289524,0.27863999999999933,0.029961,PERF-004-CAND-0019,PERF-004_event_0019_PERF-004-CAND-0019.wav,C:\Users\vonje\Documents\4th Year Acts\Thesis\Latest Requirements\Thesis App\data_pipeline\data\event_review\candidate_event_clips\PERF-004\PERF-004_event_0019_PERF-004-CAND-0019.wav,IOI tertile + onset-strength tertile; first event per recording uses START
PERF-004,20,SHORT_WEAK,SHORT,WEAK,8.568163,0.2786390000000001,0.024791,PERF-004-CAND-0020,PERF-004_event_0020_PERF-004-CAND-0020.wav,C:\Users\vonje\Documents\4th Year Acts\Thesis\Latest Requirements\Thesis App\data_pipeline\data\event_review\candidate_event_clips\PERF-004\PERF-004_event_0020_PERF-004-CAND-0020.wav,IOI tertile + onset-strength tertile; first event per recording uses START
PERF-004,21,SHORT_WEAK,SHORT,WEAK,9.125442,0.5572789999999994,0.025919,PERF-004-CAND-0021,PERF-004_event_0021_PERF-004-CAND-0021.wav,C:\Users\vonje\Documents\4th Year Acts\Thesis\Latest Requirements\Thesis App\data_pipeline\data\event_review\candidate_event_clips\PERF-004\PERF-004_event_0021_PERF-004-CAND-0021.wav,IOI tertile + onset-strength tertile; first event per recording uses START
PERF-004,22,SHORT_MEDIUM,SHORT,MEDIUM,9.427302,0.3018599999999996,0.030096,PERF-004-CAND-0022,PERF-004_event_0022_PERF-004-CAND-0022.wav,C:\Users\vonje\Documents\4th Year Acts\Thesis\Latest Requirements\Thesis App\data_pipeline\data\event_review\candidate_event_clips\PERF-004\PERF-004_event_0022_PERF-004-CAND-0022.wav,IOI tertile + onset-strength tertile; first event per recording uses START
PERF-004,23,SHORT_MEDIUM,SHORT,MEDIUM,9.98458,0.5572780000000002,0.030632,PERF-004-CAND-0023,PERF-004_event_0023_PERF-004-CAND-0023.wav,C:\Users\vonje\Documents\4th Year Acts\Thesis\Latest Requirements\Thesis App\data_pipeline\data\event_review\candidate_event_clips\PERF-004\PERF-004_event_0023_PERF-004-CAND-0023.wav,IOI tertile + onset-strength tertile; first event per recording uses START
PERF-004,24,LONG_MEDIUM,LONG,MEDIUM,11.633197,1.6486169999999998,0.03259,PERF-004-CAND-0024,PERF-004_event_0024_PERF-004-CAND-0024.wav,C:\Users\vonje\Documents\4th Year Acts\Thesis\Latest Requirements\Thesis App\data_pipeline\data\event_review\candidate_event_clips\PERF-004\PERF-004_event_0024_PERF-004-CAND-0024.wav,IOI tertile + onset-strength tertile; first event per recording uses START
PERF-004,25,SHORT_WEAK,SHORT,WEAK,11.900227,0.2670300000000001,0.021841,PERF-004-CAND-0025,PERF-004_event_0025_PERF-004-CAND-0025.wav,C:\Users\vonje\Documents\4th Year Acts\Thesis\Latest Requirements\Thesis App\data_pipeline\data\event_review\candidate_event_clips\PERF-004\PERF-004_event_0025_PERF-004-CAND-0025.wav,IOI tertile + onset-strength tertile; first event per recording uses START
PERF-004,26,SHORT_WEAK,SHORT,WEAK,12.434286,0.534059000000001,0.021914,PERF-004-CAND-0026,PERF-004_event_0026_PERF-004-CAND-0026.wav,C:\Users\vonje\Documents\4th Year Acts\Thesis\Latest Requirements\Thesis App\data_pipeline\data\event_review\candidate_event_clips\PERF-004\PERF-004_event_0026_PERF-004-CAND-0026.wav,IOI tertile + onset-strength tertile; first event per recording uses START
PERF-004,27,SHORT_WEAK,SHORT,WEAK,12.968345,0.5340589999999992,0.024558,PERF-004-CAND-0027,PERF-004_event_0027_PERF-004-CAND-0027.wav,C:\Users\vonje\Documents\4th Year Acts\Thesis\Latest Requirements\Thesis App\data_pipeline\data\event_review\candidate_event_clips\PERF-004\PERF-004_event_0027_PERF-004-CAND-0027.wav,IOI tertile + onset-strength tertile; first event per recording uses START
PERF-004,28,LONG_WEAK,LONG,WEAK,14.628571,1.6602260000000015,0.023184,PERF-004-CAND-0028,PERF-004_event_0028_PERF-004-CAND-0028.wav,C:\Users\vonje\Documents\4th Year Acts\Thesis\Latest Requirements\Thesis App\data_pipeline\data\event_review\candidate_event_clips\PERF-004\PERF-004_event_0028_PERF-004-CAND-0028.wav,IOI tertile + onset-strength tertile; first event per recording uses START
PERF-004,29,SHORT_WEAK,SHORT,WEAK,15.18585,0.5572789999999994,0.019765,PERF-004-CAND-0029,PERF-004_event_0029_PERF-004-CAND-0029.wav,C:\Users\vonje\Documents\4th Year Acts\Thesis\Latest Requirements\Thesis App\data_pipeline\data\event_review\candidate_event_clips\PERF-004\PERF-004_event_0029_PERF-004-CAND-0029.wav,IOI tertile + onset-strength tertile; first event per recording uses START
PERF-004,30,SHORT_WEAK,SHORT,WEAK,15.719909,0.5340589999999992,0.021412,PERF-004-CAND-0030,PERF-004_event_0030_PERF-004-CAND-0030.wav,C:\Users\vonje\Documents\4th Year Acts\Thesis\Latest Requirements\Thesis App\data_pipeline\data\event_review\candidate_event_clips\PERF-004\PERF-004_event_0030_PERF-004-CAND-0030.wav,IOI tertile + onset-strength tertile; first event per recording uses START
PERF-004,31,MEDIUM_WEAK,MEDIUM,WEAK,16.834467,1.1145580000000006,0.025314,PERF-004-CAND-0031,PERF-004_event_0031_PERF-004-CAND-0031.wav,C:\Users\vonje\Documents\4th Year Acts\Thesis\Latest Requirements\Thesis App\data_pipeline\data\event_review\candidate_event_clips\PERF-004\PERF-004_event_0031_PERF-004-CAND-0031.wav,IOI tertile + onset-strength tertile; first event per recording uses START
PERF-004,32,LONG_STRONG,LONG,STRONG,17.983855,1.1493879999999983,0.052143,PERF-004-CAND-0032,PERF-004_event_0032_PERF-004-CAND-0032.wav,C:\Users\vonje\Documents\4th Year Acts\Thesis\Latest Requirements\Thesis App\data_pipeline\data\event_review\candidate_event_clips\PERF-004\PERF-004_event_0032_PERF-004-CAND-0032.wav,IOI tertile + onset-strength tertile; first event per recording uses START
PERF-004,33,SHORT_WEAK,SHORT,WEAK,18.250884,0.26702900000000085,0.023399,PERF-004-CAND-0033,PERF-004_event_0033_PERF-004-CAND-0033.wav,C:\Users\vonje\Documents\4th Year Acts\Thesis\Latest Requirements\Thesis App\data_pipeline\data\event_review\candidate_event_clips\PERF-004\PERF-004_event_0033_PERF-004-CAND-0033.wav,IOI tertile + onset-strength tertile; first event per recording uses START
PERF-004,34,SHORT_MEDIUM,SHORT,MEDIUM,18.529524,0.27863999999999933,0.027093,PERF-004-CAND-0034,PERF-004_event_0034_PERF-004-CAND-0034.wav,C:\Users\vonje\Documents\4th Year Acts\Thesis\Latest Requirements\Thesis App\data_pipeline\data\event_review\candidate_event_clips\PERF-004\PERF-004_event_0034_PERF-004-CAND-0034.wav,IOI tertile + onset-strength tertile; first event per recording uses START
PERF-004,35,SHORT_WEAK,SHORT,WEAK,18.819773,0.29024900000000287,0.022675,PERF-004-CAND-0035,PERF-004_event_0035_PERF-004-CAND-0035.wav,C:\Users\vonje\Documents\4th Year Acts\Thesis\Latest Requirements\Thesis App\data_pipeline\data\event_review\candidate_event_clips\PERF-004\PERF-004_event_0035_PERF-004-CAND-0035.wav,IOI tertile + onset-strength tertile; first event per recording uses START
PERF-004,36,MEDIUM_STRONG,MEDIUM,STRONG,19.655692,0.835918999999997,0.043372,PERF-004-CAND-0036,PERF-004_event_0036_PERF-004-CAND-0036.wav,C:\Users\vonje\Documents\4th Year Acts\Thesis\Latest Requirements\Thesis App\data_pipeline\data\event_review\candidate_event_clips\PERF-004\PERF-004_event_0036_PERF-004-CAND-0036.wav,IOI tertile + onset-strength tertile; first event per recording uses START
PERF-004,37,LONG_WEAK,LONG,WEAK,21.025669,1.3699770000000022,0.021403,PERF-004-CAND-0037,PERF-004_event_0037_PERF-004-CAND-0037.wav,C:\Users\vonje\Documents\4th Year Acts\Thesis\Latest Requirements\Thesis App\data_pipeline\data\event_review\candidate_event_clips\PERF-004\PERF-004_event_0037_PERF-004-CAND-0037.wav,IOI tertile + onset-strength tertile; first event per recording uses START
PERF-004,38,MEDIUM_WEAK,MEDIUM,WEAK,22.105397,1.0797279999999994,0.018787,PERF-004-CAND-0038,PERF-004_event_0038_PERF-004-CAND-0038.wav,C:\Users\vonje\Documents\4th Year Acts\Thesis\Latest Requirements\Thesis App\data_pipeline\data\event_review\candidate_event_clips\PERF-004\PERF-004_event_0038_PERF-004-CAND-0038.wav,IOI tertile + onset-strength tertile; first event per recording uses START
PERF-004,39,SHORT_MEDIUM,SHORT,MEDIUM,22.674286,0.5688889999999986,0.028448,PERF-004-CAND-0039,PERF-004_event_0039_PERF-004-CAND-0039.wav,C:\Users\vonje\Documents\4th Year Acts\Thesis\Latest Requirements\Thesis App\data_pipeline\data\event_review\candidate_event_clips\PERF-004\PERF-004_event_0039_PERF-004-CAND-0039.wav,IOI tertile + onset-strength tertile; first event per recording uses START
PERF-004,40,SHORT_WEAK,SHORT,WEAK,22.941315,0.26702900000000085,0.02195,PERF-004-CAND-0040,PERF-004_event_0040_PERF-004-CAND-0040.wav,C:\Users\vonje\Documents\4th Year Acts\Thesis\Latest Requirements\Thesis App\data_pipeline\data\event_review\candidate_event_clips\PERF-004\PERF-004_event_0040_PERF-004-CAND-0040.wav,IOI tertile + onset-strength tertile; first event per recording uses START
PERF-004,41,MEDIUM_MEDIUM,MEDIUM,MEDIUM,23.754014,0.8126990000000021,0.030292,PERF-004-CAND-0041,PERF-004_event_0041_PERF-004-CAND-0041.wav,C:\Users\vonje\Documents\4th Year Acts\Thesis\Latest Requirements\Thesis App\data_pipeline\data\event_review\candidate_event_clips\PERF-004\PERF-004_event_0041_PERF-004-CAND-0041.wav,IOI tertile + onset-strength tertile; first event per recording uses START
PERF-004,42,SHORT_WEAK,SHORT,WEAK,24.044263,0.2902489999999993,0.020213,PERF-004-CAND-0042,PERF-004_event_0042_PERF-004-CAND-0042.wav,C:\Users\vonje\Documents\4th Year Acts\Thesis\Latest Requirements\Thesis App\data_pipeline\data\event_review\candidate_event_clips\PERF-004\PERF-004_event_0042_PERF-004-CAND-0042.wav,IOI tertile + onset-strength tertile; first event per recording uses START
PERF-004,43,SHORT_MEDIUM,SHORT,MEDIUM,24.311293,0.2670299999999983,0.029029,PERF-004-CAND-0043,PERF-004_event_0043_PERF-004-CAND-0043.wav,C:\Users\vonje\Documents\4th Year Acts\Thesis\Latest Requirements\Thesis App\data_pipeline\data\event_review\candidate_event_clips\PERF-004\PERF-004_event_0043_PERF-004-CAND-0043.wav,IOI tertile + onset-strength tertile; first event per recording uses START
PERF-004,44,SHORT_WEAK,SHORT,WEAK,24.845351,0.5340580000000017,0.02444,PERF-004-CAND-0044,PERF-004_event_0044_PERF-004-CAND-0044.wav,C:\Users\vonje\Documents\4th Year Acts\Thesis\Latest Requirements\Thesis App\data_pipeline\data\event_review\candidate_event_clips\PERF-004\PERF-004_event_0044_PERF-004-CAND-0044.wav,IOI tertile + onset-strength tertile; first event per recording uses START
PERF-004,45,SHORT_WEAK,SHORT,WEAK,25.123991,0.27863999999999933,0.021805,PERF-004-CAND-0045,PERF-004_event_0045_PERF-004-CAND-0045.wav,C:\Users\vonje\Documents\4th Year Acts\Thesis\Latest Requirements\Thesis App\data_pipeline\data\event_review\candidate_event_clips\PERF-004\PERF-004_event_0045_PERF-004-CAND-0045.wav,IOI tertile + onset-strength tertile; first event per recording uses START
PERF-004,46,MEDIUM_STRONG,MEDIUM,STRONG,26.261769,1.1377780000000008,0.079802,PERF-004-CAND-0046,PERF-004_event_0046_PERF-004-CAND-0046.wav,C:\Users\vonje\Documents\4th Year Acts\Thesis\Latest Requirements\Thesis App\data_pipeline\data\event_review\candidate_event_clips\PERF-004\PERF-004_event_0046_PERF-004-CAND-0046.wav,IOI tertile + onset-strength tertile; first event per recording uses START
PERF-004,47,SHORT_WEAK,SHORT,WEAK,26.784218,0.5224489999999982,0.026905,PERF-004-CAND-0047,PERF-004_event_0047_PERF-004-CAND-0047.wav,C:\Users\vonje\Documents\4th Year Acts\Thesis\Latest Requirements\Thesis App\data_pipeline\data\event_review\candidate_event_clips\PERF-004\PERF-004_event_0047_PERF-004-CAND-0047.wav,IOI tertile + onset-strength tertile; first event per recording uses START
PERF-004,48,SHORT_WEAK,SHORT,WEAK,27.051247,0.26702900000000085,0.026232,PERF-004-CAND-0048,PERF-004_event_0048_PERF-004-CAND-0048.wav,C:\Users\vonje\Documents\4th Year Acts\Thesis\Latest Requirements\Thesis App\data_pipeline\data\event_review\candidate_event_clips\PERF-004\PERF-004_event_0048_PERF-004-CAND-0048.wav,IOI tertile + onset-strength tertile; first event per recording uses START
PERF-004,49,SHORT_WEAK,SHORT,WEAK,27.329887,0.27863999999999933,0.024812,PERF-004-CAND-0049,PERF-004_event_0049_PERF-004-CAND-0049.wav,C:\Users\vonje\Documents\4th Year Acts\Thesis\Latest Requirements\Thesis App\data_pipeline\data\event_review\candidate_event_clips\PERF-004\PERF-004_event_0049_PERF-004-CAND-0049.wav,IOI tertile + onset-strength tertile; first event per recording uses START
PERF-004,50,SHORT_MEDIUM,SHORT,MEDIUM,27.608526,0.27863900000000186,0.027154,PERF-004-CAND-0050,PERF-004_event_0050_PERF-004-CAND-0050.wav,C:\Users\vonje\Documents\4th Year Acts\Thesis\Latest Requirements\Thesis App\data_pipeline\data\event_review\candidate_event_clips\PERF-004\PERF-004_event_0050_PERF-004-CAND-0050.wav,IOI tertile + onset-strength tertile; first event per recording uses START
PERF-004,51,SHORT_WEAK,SHORT,WEAK,27.887166,0.27863999999999933,0.021951,PERF-004-CAND-0051,PERF-004_event_0051_PERF-004-CAND-0051.wav,C:\Users\vonje\Documents\4th Year Acts\Thesis\Latest Requirements\Thesis App\data_pipeline\data\event_review\candidate_event_clips\PERF-004\PERF-004_event_0051_PERF-004-CAND-0051.wav,IOI tertile + onset-strength tertile; first event per recording uses START
PERF-004,52,SHORT_WEAK,SHORT,WEAK,28.154195,0.26702900000000085,0.020674,PERF-004-CAND-0052,PERF-004_event_0052_PERF-004-CAND-0052.wav,C:\Users\vonje\Documents\4th Year Acts\Thesis\Latest Requirements\Thesis App\data_pipeline\data\event_review\candidate_event_clips\PERF-004\PERF-004_event_0052_PERF-004-CAND-0052.wav,IOI tertile + onset-strength tertile; first event per recording uses START
PERF-004,53,SHORT_WEAK,SHORT,WEAK,28.699864,0.5456690000000002,0.026085,PERF-004-CAND-0053,PERF-004_event_0053_PERF-004-CAND-0053.wav,C:\Users\vonje\Documents\4th Year Acts\Thesis\Latest Requirements\Thesis App\data_pipeline\data\event_review\candidate_event_clips\PERF-004\PERF-004_event_0053_PERF-004-CAND-0053.wav,IOI tertile + onset-strength tertile; first event per recording uses START
PERF-004,54,MEDIUM_WEAK,MEDIUM,WEAK,29.280363,0.5804989999999997,0.02209,PERF-004-CAND-0054,PERF-004_event_0054_PERF-004-CAND-0054.wav,C:\Users\vonje\Documents\4th Year Acts\Thesis\Latest Requirements\Thesis App\data_pipeline\data\event_review\candidate_event_clips\PERF-004\PERF-004_event_0054_PERF-004-CAND-0054.wav,IOI tertile + onset-strength tertile; first event per recording uses START
PERF-004,55,SHORT_WEAK,SHORT,WEAK,29.547392,0.2670289999999973,0.024117,PERF-004-CAND-0055,PERF-004_event_0055_PERF-004-CAND-0055.wav,C:\Users\vonje\Documents\4th Year Acts\Thesis\Latest Requirements\Thesis App\data_pipeline\data\event_review\candidate_event_clips\PERF-004\PERF-004_event_0055_PERF-004-CAND-0055.wav,IOI tertile + onset-strength tertile; first event per recording uses START
PERF-004,56,SHORT_WEAK,SHORT,WEAK,29.849252,0.30186000000000135,0.024136,PERF-004-CAND-0056,PERF-004_event_0056_PERF-004-CAND-0056.wav,C:\Users\vonje\Documents\4th Year Acts\Thesis\Latest Requirements\Thesis App\data_pipeline\data\event_review\candidate_event_clips\PERF-004\PERF-004_event_0056_PERF-004-CAND-0056.wav,IOI tertile + onset-strength tertile; first event per recording uses START
PERF-004,57,LONG_WEAK,LONG,WEAK,31.196009,1.3467570000000002,0.025725,PERF-004-CAND-0057,PERF-004_event_0057_PERF-004-CAND-0057.wav,C:\Users\vonje\Documents\4th Year Acts\Thesis\Latest Requirements\Thesis App\data_pipeline\data\event_review\candidate_event_clips\PERF-004\PERF-004_event_0057_PERF-004-CAND-0057.wav,IOI tertile + onset-strength tertile; first event per recording uses START
PERF-004,58,SHORT_WEAK,SHORT,WEAK,31.764898,0.5688889999999986,0.019788,PERF-004-CAND-0058,PERF-004_event_0058_PERF-004-CAND-0058.wav,C:\Users\vonje\Documents\4th Year Acts\Thesis\Latest Requirements\Thesis App\data_pipeline\data\event_review\candidate_event_clips\PERF-004\PERF-004_event_0058_PERF-004-CAND-0058.wav,IOI tertile + onset-strength tertile; first event per recording uses START
PERF-004,59,SHORT_STRONG,SHORT,STRONG,32.008707,0.24380900000000238,0.03679,PERF-004-CAND-0059,PERF-004_event_0059_PERF-004-CAND-0059.wav,C:\Users\vonje\Documents\4th Year Acts\Thesis\Latest Requirements\Thesis App\data_pipeline\data\event_review\candidate_event_clips\PERF-004\PERF-004_event_0059_PERF-004-CAND-0059.wav,IOI tertile + onset-strength tertile; first event per recording uses START
PERF-004,60,SHORT_MEDIUM,SHORT,MEDIUM,32.310567,0.3018599999999978,0.031579,PERF-004-CAND-0060,PERF-004_event_0060_PERF-004-CAND-0060.wav,C:\Users\vonje\Documents\4th Year Acts\Thesis\Latest Requirements\Thesis App\data_pipeline\data\event_review\candidate_event_clips\PERF-004\PERF-004_event_0060_PERF-004-CAND-0060.wav,IOI tertile + onset-strength tertile; first event per recording uses START
PERF-004,61,SHORT_WEAK,SHORT,WEAK,32.844626,0.5340589999999992,0.0194,PERF-004-CAND-0061,PERF-004_event_0061_PERF-004-CAND-0061.wav,C:\Users\vonje\Documents\4th Year Acts\Thesis\Latest Requirements\Thesis App\data_pipeline\data\event_review\candidate_event_clips\PERF-004\PERF-004_event_0061_PERF-004-CAND-0061.wav,IOI tertile + onset-strength tertile; first event per recording uses START
PERF-004,62,LONG_MEDIUM,LONG,MEDIUM,34.818322,1.973696000000004,0.034416,PERF-004-CAND-0062,PERF-004_event_0062_PERF-004-CAND-0062.wav,C:\Users\vonje\Documents\4th Year Acts\Thesis\Latest Requirements\Thesis App\data_pipeline\data\event_review\candidate_event_clips\PERF-004\PERF-004_event_0062_PERF-004-CAND-0062.wav,IOI tertile + onset-strength tertile; first event per recording uses START
PERF-004,63,LONG_MEDIUM,LONG,MEDIUM,36.188299,1.3699769999999987,0.029044,PERF-004-CAND-0063,PERF-004_event_0063_PERF-004-CAND-0063.wav,C:\Users\vonje\Documents\4th Year Acts\Thesis\Latest Requirements\Thesis App\data_pipeline\data\event_review\candidate_event_clips\PERF-004\PERF-004_event_0063_PERF-004-CAND-0063.wav,IOI tertile + onset-strength tertile; first event per recording uses START
PERF-004,64,MEDIUM_WEAK,MEDIUM,WEAK,37.314467,1.1261679999999998,0.024757,PERF-004-CAND-0064,PERF-004_event_0064_PERF-004-CAND-0064.wav,C:\Users\vonje\Documents\4th Year Acts\Thesis\Latest Requirements\Thesis App\data_pipeline\data\event_review\candidate_event_clips\PERF-004\PERF-004_event_0064_PERF-004-CAND-0064.wav,IOI tertile + onset-strength tertile; first event per recording uses START
PERF-004,65,SHORT_MEDIUM,SHORT,MEDIUM,37.871746,0.5572790000000012,0.035712,PERF-004-CAND-0065,PERF-004_event_0065_PERF-004-CAND-0065.wav,C:\Users\vonje\Documents\4th Year Acts\Thesis\Latest Requirements\Thesis App\data_pipeline\data\event_review\candidate_event_clips\PERF-004\PERF-004_event_0065_PERF-004-CAND-0065.wav,IOI tertile + onset-strength tertile; first event per recording uses START
PERF-004,66,LONG_WEAK,LONG,WEAK,40.089252,2.217506,0.018516,PERF-004-CAND-0066,PERF-004_event_0066_PERF-004-CAND-0066.wav,C:\Users\vonje\Documents\4th Year Acts\Thesis\Latest Requirements\Thesis App\data_pipeline\data\event_review\candidate_event_clips\PERF-004\PERF-004_event_0066_PERF-004-CAND-0066.wav,IOI tertile + onset-strength tertile; first event per recording uses START
PERF-004,67,MEDIUM_WEAK,MEDIUM,WEAK,40.90195,0.8126979999999975,0.025212,PERF-004-CAND-0067,PERF-004_event_0067_PERF-004-CAND-0067.wav,C:\Users\vonje\Documents\4th Year Acts\Thesis\Latest Requirements\Thesis App\data_pipeline\data\event_review\candidate_event_clips\PERF-004\PERF-004_event_0067_PERF-004-CAND-0067.wav,IOI tertile + onset-strength tertile; first event per recording uses START
PERF-004,68,SHORT_MEDIUM,SHORT,MEDIUM,41.470839,0.5688889999999986,0.032944,PERF-004-CAND-0068,PERF-004_event_0068_PERF-004-CAND-0068.wav,C:\Users\vonje\Documents\4th Year Acts\Thesis\Latest Requirements\Thesis App\data_pipeline\data\event_review\candidate_event_clips\PERF-004\PERF-004_event_0068_PERF-004-CAND-0068.wav,IOI tertile + onset-strength tertile; first event per recording uses START
PERF-004,69,SHORT_MEDIUM,SHORT,MEDIUM,41.737868,0.26702900000000085,0.030913,PERF-004-CAND-0069,PERF-004_event_0069_PERF-004-CAND-0069.wav,C:\Users\vonje\Documents\4th Year Acts\Thesis\Latest Requirements\Thesis App\data_pipeline\data\event_review\candidate_event_clips\PERF-004\PERF-004_event_0069_PERF-004-CAND-0069.wav,IOI tertile + onset-strength tertile; first event per recording uses START
PERF-004,70,SHORT_WEAK,SHORT,WEAK,42.306757,0.5688889999999986,0.024086,PERF-004-CAND-0070,PERF-004_event_0070_PERF-004-CAND-0070.wav,C:\Users\vonje\Documents\4th Year Acts\Thesis\Latest Requirements\Thesis App\data_pipeline\data\event_review\candidate_event_clips\PERF-004\PERF-004_event_0070_PERF-004-CAND-0070.wav,IOI tertile + onset-strength tertile; first event per recording uses START
PERF-004,71,MEDIUM_STRONG,MEDIUM,STRONG,43.154286,0.8475290000000015,0.298676,PERF-004-CAND-0071,PERF-004_event_0071_PERF-004-CAND-0071.wav,C:\Users\vonje\Documents\4th Year Acts\Thesis\Latest Requirements\Thesis App\data_pipeline\data\event_review\candidate_event_clips\PERF-004\PERF-004_event_0071_PERF-004-CAND-0071.wav,IOI tertile + onset-strength tertile; first event per recording uses START
PERF-004,72,SHORT_WEAK,SHORT,WEAK,43.665125,0.5108390000000043,0.016948,PERF-004-CAND-0072,PERF-004_event_0072_PERF-004-CAND-0072.wav,C:\Users\vonje\Documents\4th Year Acts\Thesis\Latest Requirements\Thesis App\data_pipeline\data\event_review\candidate_event_clips\PERF-004\PERF-004_event_0072_PERF-004-CAND-0072.wav,IOI tertile + onset-strength tertile; first event per recording uses START
PERF-004,73,SHORT_WEAK,SHORT,WEAK,43.920544,0.2554189999999963,0.020911,PERF-004-CAND-0073,PERF-004_event_0073_PERF-004-CAND-0073.wav,C:\Users\vonje\Documents\4th Year Acts\Thesis\Latest Requirements\Thesis App\data_pipeline\data\event_review\candidate_event_clips\PERF-004\PERF-004_event_0073_PERF-004-CAND-0073.wav,IOI tertile + onset-strength tertile; first event per recording uses START
PERF-004,74,SHORT_MEDIUM,SHORT,MEDIUM,44.477823,0.5572790000000012,0.029883,PERF-004-CAND-0074,PERF-004_event_0074_PERF-004-CAND-0074.wav,C:\Users\vonje\Documents\4th Year Acts\Thesis\Latest Requirements\Thesis App\data_pipeline\data\event_review\candidate_event_clips\PERF-004\PERF-004_event_0074_PERF-004-CAND-0074.wav,IOI tertile + onset-strength tertile; first event per recording uses START
PERF-004,75,MEDIUM_MEDIUM,MEDIUM,MEDIUM,45.302132,0.8243089999999995,0.030428,PERF-004-CAND-0075,PERF-004_event_0075_PERF-004-CAND-0075.wav,C:\Users\vonje\Documents\4th Year Acts\Thesis\Latest Requirements\Thesis App\data_pipeline\data\event_review\candidate_event_clips\PERF-004\PERF-004_event_0075_PERF-004-CAND-0075.wav,IOI tertile + onset-strength tertile; first event per recording uses START
PERF-004,76,SHORT_WEAK,SHORT,WEAK,45.83619,0.5340580000000017,0.020918,PERF-004-CAND-0076,PERF-004_event_0076_PERF-004-CAND-0076.wav,C:\Users\vonje\Documents\4th Year Acts\Thesis\Latest Requirements\Thesis App\data_pipeline\data\event_review\candidate_event_clips\PERF-004\PERF-004_event_0076_PERF-004-CAND-0076.wav,IOI tertile + onset-strength tertile; first event per recording uses START
PERF-004,77,SHORT_MEDIUM,SHORT,MEDIUM,46.381859,0.5456689999999966,0.031736,PERF-004-CAND-0077,PERF-004_event_0077_PERF-004-CAND-0077.wav,C:\Users\vonje\Documents\4th Year Acts\Thesis\Latest Requirements\Thesis App\data_pipeline\data\event_review\candidate_event_clips\PERF-004\PERF-004_event_0077_PERF-004-CAND-0077.wav,IOI tertile + onset-strength tertile; first event per recording uses START
PERF-004,78,SHORT_MEDIUM,SHORT,MEDIUM,46.939138,0.5572790000000012,0.027406,PERF-004-CAND-0078,PERF-004_event_0078_PERF-004-CAND-0078.wav,C:\Users\vonje\Documents\4th Year Acts\Thesis\Latest Requirements\Thesis App\data_pipeline\data\event_review\candidate_event_clips\PERF-004\PERF-004_event_0078_PERF-004-CAND-0078.wav,IOI tertile + onset-strength tertile; first event per recording uses START
PERF-004,79,LONG_WEAK,LONG,WEAK,48.587755,1.6486170000000016,0.024448,PERF-004-CAND-0079,PERF-004_event_0079_PERF-004-CAND-0079.wav,C:\Users\vonje\Documents\4th Year Acts\Thesis\Latest Requirements\Thesis App\data_pipeline\data\event_review\candidate_event_clips\PERF-004\PERF-004_event_0079_PERF-004-CAND-0079.wav,IOI tertile + onset-strength tertile; first event per recording uses START
PERF-004,80,SHORT_WEAK,SHORT,WEAK,48.843175,0.25542000000000087,0.025149,PERF-004-CAND-0080,PERF-004_event_0080_PERF-004-CAND-0080.wav,C:\Users\vonje\Documents\4th Year Acts\Thesis\Latest Requirements\Thesis App\data_pipeline\data\event_review\candidate_event_clips\PERF-004\PERF-004_event_0080_PERF-004-CAND-0080.wav,IOI tertile + onset-strength tertile; first event per recording uses START
PERF-004,81,SHORT_WEAK,SHORT,WEAK,49.110204,0.26702900000000085,0.015409,PERF-004-CAND-0081,PERF-004_event_0081_PERF-004-CAND-0081.wav,C:\Users\vonje\Documents\4th Year Acts\Thesis\Latest Requirements\Thesis App\data_pipeline\data\event_review\candidate_event_clips\PERF-004\PERF-004_event_0081_PERF-004-CAND-0081.wav,IOI tertile + onset-strength tertile; first event per recording uses START
PERF-004,82,SHORT_MEDIUM,SHORT,MEDIUM,49.388844,0.2786399999999958,0.035091,PERF-004-CAND-0082,PERF-004_event_0082_PERF-004-CAND-0082.wav,C:\Users\vonje\Documents\4th Year Acts\Thesis\Latest Requirements\Thesis App\data_pipeline\data\event_review\candidate_event_clips\PERF-004\PERF-004_event_0082_PERF-004-CAND-0082.wav,IOI tertile + onset-strength tertile; first event per recording uses START
PERF-004,83,MEDIUM_STRONG,MEDIUM,STRONG,49.969342,0.5804979999999986,0.036987,PERF-004-CAND-0083,PERF-004_event_0083_PERF-004-CAND-0083.wav,C:\Users\vonje\Documents\4th Year Acts\Thesis\Latest Requirements\Thesis App\data_pipeline\data\event_review\candidate_event_clips\PERF-004\PERF-004_event_0083_PERF-004-CAND-0083.wav,IOI tertile + onset-strength tertile; first event per recording uses START
PERF-004,84,LONG_STRONG,LONG,STRONG,51.35093,1.3815880000000007,0.039324,PERF-004-CAND-0084,PERF-004_event_0084_PERF-004-CAND-0084.wav,C:\Users\vonje\Documents\4th Year Acts\Thesis\Latest Requirements\Thesis App\data_pipeline\data\event_review\candidate_event_clips\PERF-004\PERF-004_event_0084_PERF-004-CAND-0084.wav,IOI tertile + onset-strength tertile; first event per recording uses START
PERF-004,85,MEDIUM_WEAK,MEDIUM,WEAK,52.163628,0.8126980000000046,0.018607,PERF-004-CAND-0085,PERF-004_event_0085_PERF-004-CAND-0085.wav,C:\Users\vonje\Documents\4th Year Acts\Thesis\Latest Requirements\Thesis App\data_pipeline\data\event_review\candidate_event_clips\PERF-004\PERF-004_event_0085_PERF-004-CAND-0085.wav,IOI tertile + onset-strength tertile; first event per recording uses START
PERF-004,86,SHORT_MEDIUM,SHORT,MEDIUM,52.720907,0.5572789999999941,0.029999,PERF-004-CAND-0086,PERF-004_event_0086_PERF-004-CAND-0086.wav,C:\Users\vonje\Documents\4th Year Acts\Thesis\Latest Requirements\Thesis App\data_pipeline\data\event_review\candidate_event_clips\PERF-004\PERF-004_event_0086_PERF-004-CAND-0086.wav,IOI tertile + onset-strength tertile; first event per recording uses START
PERF-004,87,SHORT_WEAK,SHORT,WEAK,52.999546,0.2786390000000054,0.023664,PERF-004-CAND-0087,PERF-004_event_0087_PERF-004-CAND-0087.wav,C:\Users\vonje\Documents\4th Year Acts\Thesis\Latest Requirements\Thesis App\data_pipeline\data\event_review\candidate_event_clips\PERF-004\PERF-004_event_0087_PERF-004-CAND-0087.wav,IOI tertile + onset-strength tertile; first event per recording uses START
PERF-004,88,MEDIUM_WEAK,MEDIUM,WEAK,54.090884,1.0913380000000004,0.021881,PERF-004-CAND-0088,PERF-004_event_0088_PERF-004-CAND-0088.wav,C:\Users\vonje\Documents\4th Year Acts\Thesis\Latest Requirements\Thesis App\data_pipeline\data\event_review\candidate_event_clips\PERF-004\PERF-004_event_0088_PERF-004-CAND-0088.wav,IOI tertile + onset-strength tertile; first event per recording uses START
PERF-004,89,SHORT_WEAK,SHORT,WEAK,54.636553,0.5456689999999966,0.014803,PERF-004-CAND-0089,PERF-004_event_0089_PERF-004-CAND-0089.wav,C:\Users\vonje\Documents\4th Year Acts\Thesis\Latest Requirements\Thesis App\data_pipeline\data\event_review\candidate_event_clips\PERF-004\PERF-004_event_0089_PERF-004-CAND-0089.wav,IOI tertile + onset-strength tertile; first event per recording uses START
PERF-004,90,SHORT_MEDIUM,SHORT,MEDIUM,54.926803,0.29025000000000034,0.032156,PERF-004-CAND-0090,PERF-004_event_0090_PERF-004-CAND-0090.wav,C:\Users\vonje\Documents\4th Year Acts\Thesis\Latest Requirements\Thesis App\data_pipeline\data\event_review\candidate_event_clips\PERF-004\PERF-004_event_0090_PERF-004-CAND-0090.wav,IOI tertile + onset-strength tertile; first event per recording uses START
PERF-004,91,SHORT_WEAK,SHORT,WEAK,55.217052,0.29024900000000287,0.017541,PERF-004-CAND-0091,PERF-004_event_0091_PERF-004-CAND-0091.wav,C:\Users\vonje\Documents\4th Year Acts\Thesis\Latest Requirements\Thesis App\data_pipeline\data\event_review\candidate_event_clips\PERF-004\PERF-004_event_0091_PERF-004-CAND-0091.wav,IOI tertile + onset-strength tertile; first event per recording uses START
PERF-004,92,SHORT_WEAK,SHORT,WEAK,55.751111,0.5340589999999992,0.015045,PERF-004-CAND-0092,PERF-004_event_0092_PERF-004-CAND-0092.wav,C:\Users\vonje\Documents\4th Year Acts\Thesis\Latest Requirements\Thesis App\data_pipeline\data\event_review\candidate_event_clips\PERF-004\PERF-004_event_0092_PERF-004-CAND-0092.wav,IOI tertile + onset-strength tertile; first event per recording uses START
PERF-004,93,SHORT_WEAK,SHORT,WEAK,56.29678,0.5456689999999966,0.017834,PERF-004-CAND-0093,PERF-004_event_0093_PERF-004-CAND-0093.wav,C:\Users\vonje\Documents\4th Year Acts\Thesis\Latest Requirements\Thesis App\data_pipeline\data\event_review\candidate_event_clips\PERF-004\PERF-004_event_0093_PERF-004-CAND-0093.wav,IOI tertile + onset-strength tertile; first event per recording uses START
PERF-004,94,SHORT_WEAK,SHORT,WEAK,56.830839,0.5340589999999992,0.024735,PERF-004-CAND-0094,PERF-004_event_0094_PERF-004-CAND-0094.wav,C:\Users\vonje\Documents\4th Year Acts\Thesis\Latest Requirements\Thesis App\data_pipeline\data\event_review\candidate_event_clips\PERF-004\PERF-004_event_0094_PERF-004-CAND-0094.wav,IOI tertile + onset-strength tertile; first event per recording uses START
PERF-004,95,MEDIUM_WEAK,MEDIUM,WEAK,57.399728,0.5688890000000058,0.023797,PERF-004-CAND-0095,PERF-004_event_0095_PERF-004-CAND-0095.wav,C:\Users\vonje\Documents\4th Year Acts\Thesis\Latest Requirements\Thesis App\data_pipeline\data\event_review\candidate_event_clips\PERF-004\PERF-004_event_0095_PERF-004-CAND-0095.wav,IOI tertile + onset-strength tertile; first event per recording uses START
PERF-004,96,SHORT_STRONG,SHORT,STRONG,57.968617,0.5688889999999986,0.039143,PERF-004-CAND-0096,PERF-004_event_0096_PERF-004-CAND-0096.wav,C:\Users\vonje\Documents\4th Year Acts\Thesis\Latest Requirements\Thesis App\data_pipeline\data\event_review\candidate_event_clips\PERF-004\PERF-004_event_0096_PERF-004-CAND-0096.wav,IOI tertile + onset-strength tertile; first event per recording uses START
PERF-004,97,SHORT_MEDIUM,SHORT,MEDIUM,58.514286,0.5456689999999966,0.030979,PERF-004-CAND-0097,PERF-004_event_0097_PERF-004-CAND-0097.wav,C:\Users\vonje\Documents\4th Year Acts\Thesis\Latest Requirements\Thesis App\data_pipeline\data\event_review\candidate_event_clips\PERF-004\PERF-004_event_0097_PERF-004-CAND-0097.wav,IOI tertile + onset-strength tertile; first event per recording uses START
PERF-004,98,SHORT_MEDIUM,SHORT,MEDIUM,58.792925,0.2786389999999983,0.028491,PERF-004-CAND-0098,PERF-004_event_0098_PERF-004-CAND-0098.wav,C:\Users\vonje\Documents\4th Year Acts\Thesis\Latest Requirements\Thesis App\data_pipeline\data\event_review\candidate_event_clips\PERF-004\PERF-004_event_0098_PERF-004-CAND-0098.wav,IOI tertile + onset-strength tertile; first event per recording uses START
PERF-004,99,LONG_MEDIUM,LONG,MEDIUM,60.186122,1.3931970000000007,0.028244,PERF-004-CAND-0099,PERF-004_event_0099_PERF-004-CAND-0099.wav,C:\Users\vonje\Documents\4th Year Acts\Thesis\Latest Requirements\Thesis App\data_pipeline\data\event_review\candidate_event_clips\PERF-004\PERF-004_event_0099_PERF-004-CAND-0099.wav,IOI tertile + onset-strength tertile; first event per recording uses START
PERF-004,100,MEDIUM_STRONG,MEDIUM,STRONG,61.28907,1.102948000000005,0.063875,PERF-004-CAND-0100,PERF-004_event_0100_PERF-004-CAND-0100.wav,C:\Users\vonje\Documents\4th Year Acts\Thesis\Latest Requirements\Thesis App\data_pipeline\data\event_review\candidate_event_clips\PERF-004\PERF-004_event_0100_PERF-004-CAND-0100.wav,IOI tertile + onset-strength tertile; first event per recording uses START
PERF-004,101,SHORT_MEDIUM,SHORT,MEDIUM,61.834739,0.5456689999999966,0.031082,PERF-004-CAND-0101,PERF-004_event_0101_PERF-004-CAND-0101.wav,C:\Users\vonje\Documents\4th Year Acts\Thesis\Latest Requirements\Thesis App\data_pipeline\data\event_review\candidate_event_clips\PERF-004\PERF-004_event_0101_PERF-004-CAND-0101.wav,IOI tertile + onset-strength tertile; first event per recording uses START
PERF-004,102,SHORT_WEAK,SHORT,WEAK,62.090159,0.25542000000000087,0.019556,PERF-004-CAND-0102,PERF-004_event_0102_PERF-004-CAND-0102.wav,C:\Users\vonje\Documents\4th Year Acts\Thesis\Latest Requirements\Thesis App\data_pipeline\data\event_review\candidate_event_clips\PERF-004\PERF-004_event_0102_PERF-004-CAND-0102.wav,IOI tertile + onset-strength tertile; first event per recording uses START
PERF-004,103,SHORT_MEDIUM,SHORT,MEDIUM,62.659048,0.5688889999999986,0.027142,PERF-004-CAND-0103,PERF-004_event_0103_PERF-004-CAND-0103.wav,C:\Users\vonje\Documents\4th Year Acts\Thesis\Latest Requirements\Thesis App\data_pipeline\data\event_review\candidate_event_clips\PERF-004\PERF-004_event_0103_PERF-004-CAND-0103.wav,IOI tertile + onset-strength tertile; first event per recording uses START
PERF-004,104,SHORT_WEAK,SHORT,WEAK,63.181497,0.5224490000000017,0.023843,PERF-004-CAND-0104,PERF-004_event_0104_PERF-004-CAND-0104.wav,C:\Users\vonje\Documents\4th Year Acts\Thesis\Latest Requirements\Thesis App\data_pipeline\data\event_review\candidate_event_clips\PERF-004\PERF-004_event_0104_PERF-004-CAND-0104.wav,IOI tertile + onset-strength tertile; first event per recording uses START
PERF-004,105,SHORT_MEDIUM,SHORT,MEDIUM,63.494966,0.3134689999999978,0.028298,PERF-004-CAND-0105,PERF-004_event_0105_PERF-004-CAND-0105.wav,C:\Users\vonje\Documents\4th Year Acts\Thesis\Latest Requirements\Thesis App\data_pipeline\data\event_review\candidate_event_clips\PERF-004\PERF-004_event_0105_PERF-004-CAND-0105.wav,IOI tertile + onset-strength tertile; first event per recording uses START
PERF-004,106,MEDIUM_MEDIUM,MEDIUM,MEDIUM,64.307664,0.8126980000000046,0.028738,PERF-004-CAND-0106,PERF-004_event_0106_PERF-004-CAND-0106.wav,C:\Users\vonje\Documents\4th Year Acts\Thesis\Latest Requirements\Thesis App\data_pipeline\data\event_review\candidate_event_clips\PERF-004\PERF-004_event_0106_PERF-004-CAND-0106.wav,IOI tertile + onset-strength tertile; first event per recording uses START
PERF-004,107,SHORT_WEAK,SHORT,WEAK,64.586304,0.2786399999999958,0.02169,PERF-004-CAND-0107,PERF-004_event_0107_PERF-004-CAND-0107.wav,C:\Users\vonje\Documents\4th Year Acts\Thesis\Latest Requirements\Thesis App\data_pipeline\data\event_review\candidate_event_clips\PERF-004\PERF-004_event_0107_PERF-004-CAND-0107.wav,IOI tertile + onset-strength tertile; first event per recording uses START
PERF-004,108,SHORT_WEAK,SHORT,WEAK,64.876553,0.29024900000000287,0.019607,PERF-004-CAND-0108,PERF-004_event_0108_PERF-004-CAND-0108.wav,C:\Users\vonje\Documents\4th Year Acts\Thesis\Latest Requirements\Thesis App\data_pipeline\data\event_review\candidate_event_clips\PERF-004\PERF-004_event_0108_PERF-004-CAND-0108.wav,IOI tertile + onset-strength tertile; first event per recording uses START
PERF-004,109,MEDIUM_WEAK,MEDIUM,WEAK,65.677642,0.8010890000000046,0.026182,PERF-004-CAND-0109,PERF-004_event_0109_PERF-004-CAND-0109.wav,C:\Users\vonje\Documents\4th Year Acts\Thesis\Latest Requirements\Thesis App\data_pipeline\data\event_review\candidate_event_clips\PERF-004\PERF-004_event_0109_PERF-004-CAND-0109.wav,IOI tertile + onset-strength tertile; first event per recording uses START
PERF-004,110,MEDIUM_MEDIUM,MEDIUM,MEDIUM,66.258141,0.580498999999989,0.031482,PERF-004-CAND-0110,PERF-004_event_0110_PERF-004-CAND-0110.wav,C:\Users\vonje\Documents\4th Year Acts\Thesis\Latest Requirements\Thesis App\data_pipeline\data\event_review\candidate_event_clips\PERF-004\PERF-004_event_0110_PERF-004-CAND-0110.wav,IOI tertile + onset-strength tertile; first event per recording uses START
PERF-004,111,SHORT_STRONG,SHORT,STRONG,66.56,0.3018590000000074,0.056845,PERF-004-CAND-0111,PERF-004_event_0111_PERF-004-CAND-0111.wav,C:\Users\vonje\Documents\4th Year Acts\Thesis\Latest Requirements\Thesis App\data_pipeline\data\event_review\candidate_event_clips\PERF-004\PERF-004_event_0111_PERF-004-CAND-0111.wav,IOI tertile + onset-strength tertile; first event per recording uses START
PERF-004,112,SHORT_WEAK,SHORT,WEAK,66.81542,0.25542000000000087,0.018067,PERF-004-CAND-0112,PERF-004_event_0112_PERF-004-CAND-0112.wav,C:\Users\vonje\Documents\4th Year Acts\Thesis\Latest Requirements\Thesis App\data_pipeline\data\event_review\candidate_event_clips\PERF-004\PERF-004_event_0112_PERF-004-CAND-0112.wav,IOI tertile + onset-strength tertile; first event per recording uses START
PERF-004,113,SHORT_WEAK,SHORT,WEAK,67.059229,0.24380899999999883,0.026057,PERF-004-CAND-0113,PERF-004_event_0113_PERF-004-CAND-0113.wav,C:\Users\vonje\Documents\4th Year Acts\Thesis\Latest Requirements\Thesis App\data_pipeline\data\event_review\candidate_event_clips\PERF-004\PERF-004_event_0113_PERF-004-CAND-0113.wav,IOI tertile + onset-strength tertile; first event per recording uses START
PERF-004,114,SHORT_MEDIUM,SHORT,MEDIUM,67.372698,0.3134689999999978,0.031413,PERF-004-CAND-0114,PERF-004_event_0114_PERF-004-CAND-0114.wav,C:\Users\vonje\Documents\4th Year Acts\Thesis\Latest Requirements\Thesis App\data_pipeline\data\event_review\candidate_event_clips\PERF-004\PERF-004_event_0114_PERF-004-CAND-0114.wav,IOI tertile + onset-strength tertile; first event per recording uses START
PERF-004,115,SHORT_WEAK,SHORT,WEAK,67.918367,0.5456690000000037,0.017514,PERF-004-CAND-0115,PERF-004_event_0115_PERF-004-CAND-0115.wav,C:\Users\vonje\Documents\4th Year Acts\Thesis\Latest Requirements\Thesis App\data_pipeline\data\event_review\candidate_event_clips\PERF-004\PERF-004_event_0115_PERF-004-CAND-0115.wav,IOI tertile + onset-strength tertile; first event per recording uses START
PERF-004,116,SHORT_MEDIUM,SHORT,MEDIUM,68.452426,0.5340589999999992,0.028011,PERF-004-CAND-0116,PERF-004_event_0116_PERF-004-CAND-0116.wav,C:\Users\vonje\Documents\4th Year Acts\Thesis\Latest Requirements\Thesis App\data_pipeline\data\event_review\candidate_event_clips\PERF-004\PERF-004_event_0116_PERF-004-CAND-0116.wav,IOI tertile + onset-strength tertile; first event per recording uses START
PERF-004,117,SHORT_WEAK,SHORT,WEAK,68.998095,0.5456690000000037,0.026895,PERF-004-CAND-0117,PERF-004_event_0117_PERF-004-CAND-0117.wav,C:\Users\vonje\Documents\4th Year Acts\Thesis\Latest Requirements\Thesis App\data_pipeline\data\event_review\candidate_event_clips\PERF-004\PERF-004_event_0117_PERF-004-CAND-0117.wav,IOI tertile + onset-strength tertile; first event per recording uses START
PERF-004,118,SHORT_STRONG,SHORT,STRONG,69.299955,0.3018599999999907,0.041448,PERF-004-CAND-0118,PERF-004_event_0118_PERF-004-CAND-0118.wav,C:\Users\vonje\Documents\4th Year Acts\Thesis\Latest Requirements\Thesis App\data_pipeline\data\event_review\candidate_event_clips\PERF-004\PERF-004_event_0118_PERF-004-CAND-0118.wav,IOI tertile + onset-strength tertile; first event per recording uses START
PERF-004,119,SHORT_WEAK,SHORT,WEAK,69.868844,0.5688889999999986,0.024517,PERF-004-CAND-0119,PERF-004_event_0119_PERF-004-CAND-0119.wav,C:\Users\vonje\Documents\4th Year Acts\Thesis\Latest Requirements\Thesis App\data_pipeline\data\event_review\candidate_event_clips\PERF-004\PERF-004_event_0119_PERF-004-CAND-0119.wav,IOI tertile + onset-strength tertile; first event per recording uses START
PERF-004,120,SHORT_WEAK,SHORT,WEAK,70.112653,0.24380899999999883,0.0206,PERF-004-CAND-0120,PERF-004_event_0120_PERF-004-CAND-0120.wav,C:\Users\vonje\Documents\4th Year Acts\Thesis\Latest Requirements\Thesis App\data_pipeline\data\event_review\candidate_event_clips\PERF-004\PERF-004_event_0120_PERF-004-CAND-0120.wav,IOI tertile + onset-strength tertile; first event per recording uses START
PERF-004,121,SHORT_MEDIUM,SHORT,MEDIUM,70.681542,0.5688889999999986,0.029679,PERF-004-CAND-0121,PERF-004_event_0121_PERF-004-CAND-0121.wav,C:\Users\vonje\Documents\4th Year Acts\Thesis\Latest Requirements\Thesis App\data_pipeline\data\event_review\candidate_event_clips\PERF-004\PERF-004_event_0121_PERF-004-CAND-0121.wav,IOI tertile + onset-strength tertile; first event per recording uses START
PERF-004,122,SHORT_MEDIUM,SHORT,MEDIUM,70.948571,0.26702900000000795,0.028103,PERF-004-CAND-0122,PERF-004_event_0122_PERF-004-CAND-0122.wav,C:\Users\vonje\Documents\4th Year Acts\Thesis\Latest Requirements\Thesis App\data_pipeline\data\event_review\candidate_event_clips\PERF-004\PERF-004_event_0122_PERF-004-CAND-0122.wav,IOI tertile + onset-strength tertile; first event per recording uses START
PERF-004,123,MEDIUM_STRONG,MEDIUM,STRONG,71.55229,0.6037189999999981,0.314154,PERF-004-CAND-0123,PERF-004_event_0123_PERF-004-CAND-0123.wav,C:\Users\vonje\Documents\4th Year Acts\Thesis\Latest Requirements\Thesis App\data_pipeline\data\event_review\candidate_event_clips\PERF-004\PERF-004_event_0123_PERF-004-CAND-0123.wav,IOI tertile + onset-strength tertile; first event per recording uses START
PERF-004,124,MEDIUM_WEAK,MEDIUM,WEAK,72.364989,0.812698999999995,0.022022,PERF-004-CAND-0124,PERF-004_event_0124_PERF-004-CAND-0124.wav,C:\Users\vonje\Documents\4th Year Acts\Thesis\Latest Requirements\Thesis App\data_pipeline\data\event_review\candidate_event_clips\PERF-004\PERF-004_event_0124_PERF-004-CAND-0124.wav,IOI tertile + onset-strength tertile; first event per recording uses START
PERF-004,125,MEDIUM_MEDIUM,MEDIUM,MEDIUM,72.933878,0.5688890000000129,0.030227,PERF-004-CAND-0125,PERF-004_event_0125_PERF-004-CAND-0125.wav,C:\Users\vonje\Documents\4th Year Acts\Thesis\Latest Requirements\Thesis App\data_pipeline\data\event_review\candidate_event_clips\PERF-004\PERF-004_event_0125_PERF-004-CAND-0125.wav,IOI tertile + onset-strength tertile; first event per recording uses START
PERF-004,126,SHORT_WEAK,SHORT,WEAK,73.479546,0.545667999999992,0.017677,PERF-004-CAND-0126,PERF-004_event_0126_PERF-004-CAND-0126.wav,C:\Users\vonje\Documents\4th Year Acts\Thesis\Latest Requirements\Thesis App\data_pipeline\data\event_review\candidate_event_clips\PERF-004\PERF-004_event_0126_PERF-004-CAND-0126.wav,IOI tertile + onset-strength tertile; first event per recording uses START
PERF-004,127,SHORT_WEAK,SHORT,WEAK,74.036825,0.5572789999999941,0.021442,PERF-004-CAND-0127,PERF-004_event_0127_PERF-004-CAND-0127.wav,C:\Users\vonje\Documents\4th Year Acts\Thesis\Latest Requirements\Thesis App\data_pipeline\data\event_review\candidate_event_clips\PERF-004\PERF-004_event_0127_PERF-004-CAND-0127.wav,IOI tertile + onset-strength tertile; first event per recording uses START
PERF-004,128,SHORT_STRONG,SHORT,STRONG,74.594104,0.5572790000000083,0.038231,PERF-004-CAND-0128,PERF-004_event_0128_PERF-004-CAND-0128.wav,C:\Users\vonje\Documents\4th Year Acts\Thesis\Latest Requirements\Thesis App\data_pipeline\data\event_review\candidate_event_clips\PERF-004\PERF-004_event_0128_PERF-004-CAND-0128.wav,IOI tertile + onset-strength tertile; first event per recording uses START
PERF-004,129,SHORT_MEDIUM,SHORT,MEDIUM,74.895964,0.3018600000000049,0.029656,PERF-004-CAND-0129,PERF-004_event_0129_PERF-004-CAND-0129.wav,C:\Users\vonje\Documents\4th Year Acts\Thesis\Latest Requirements\Thesis App\data_pipeline\data\event_review\candidate_event_clips\PERF-004\PERF-004_event_0129_PERF-004-CAND-0129.wav,IOI tertile + onset-strength tertile; first event per recording uses START
PERF-004,130,SHORT_MEDIUM,SHORT,MEDIUM,75.174603,0.2786389999999983,0.030317,PERF-004-CAND-0130,PERF-004_event_0130_PERF-004-CAND-0130.wav,C:\Users\vonje\Documents\4th Year Acts\Thesis\Latest Requirements\Thesis App\data_pipeline\data\event_review\candidate_event_clips\PERF-004\PERF-004_event_0130_PERF-004-CAND-0130.wav,IOI tertile + onset-strength tertile; first event per recording uses START
PERF-004,131,SHORT_MEDIUM,SHORT,MEDIUM,75.731882,0.5572789999999941,0.028356,PERF-004-CAND-0131,PERF-004_event_0131_PERF-004-CAND-0131.wav,C:\Users\vonje\Documents\4th Year Acts\Thesis\Latest Requirements\Thesis App\data_pipeline\data\event_review\candidate_event_clips\PERF-004\PERF-004_event_0131_PERF-004-CAND-0131.wav,IOI tertile + onset-strength tertile; first event per recording uses START
PERF-004,132,LONG_WEAK,LONG,WEAK,77.415329,1.683447000000001,0.020529,PERF-004-CAND-0132,PERF-004_event_0132_PERF-004-CAND-0132.wav,C:\Users\vonje\Documents\4th Year Acts\Thesis\Latest Requirements\Thesis App\data_pipeline\data\event_review\candidate_event_clips\PERF-004\PERF-004_event_0132_PERF-004-CAND-0132.wav,IOI tertile + onset-strength tertile; first event per recording uses START
PERF-004,133,LONG_STRONG,LONG,STRONG,79.400635,1.9853059999999942,0.047848,PERF-004-CAND-0133,PERF-004_event_0133_PERF-004-CAND-0133.wav,C:\Users\vonje\Documents\4th Year Acts\Thesis\Latest Requirements\Thesis App\data_pipeline\data\event_review\candidate_event_clips\PERF-004\PERF-004_event_0133_PERF-004-CAND-0133.wav,IOI tertile + onset-strength tertile; first event per recording uses START
PERF-004,134,SHORT_WEAK,SHORT,WEAK,79.911474,0.5108390000000043,0.026887,PERF-004-CAND-0134,PERF-004_event_0134_PERF-004-CAND-0134.wav,C:\Users\vonje\Documents\4th Year Acts\Thesis\Latest Requirements\Thesis App\data_pipeline\data\event_review\candidate_event_clips\PERF-004\PERF-004_event_0134_PERF-004-CAND-0134.wav,IOI tertile + onset-strength tertile; first event per recording uses START
PERF-004,135,SHORT_MEDIUM,SHORT,MEDIUM,80.224943,0.3134689999999978,0.0361,PERF-004-CAND-0135,PERF-004_event_0135_PERF-004-CAND-0135.wav,C:\Users\vonje\Documents\4th Year Acts\Thesis\Latest Requirements\Thesis App\data_pipeline\data\event_review\candidate_event_clips\PERF-004\PERF-004_event_0135_PERF-004-CAND-0135.wav,IOI tertile + onset-strength tertile; first event per recording uses START
PERF-004,136,SHORT_MEDIUM,SHORT,MEDIUM,80.480363,0.25542000000000087,0.030172,PERF-004-CAND-0136,PERF-004_event_0136_PERF-004-CAND-0136.wav,C:\Users\vonje\Documents\4th Year Acts\Thesis\Latest Requirements\Thesis App\data_pipeline\data\event_review\candidate_event_clips\PERF-004\PERF-004_event_0136_PERF-004-CAND-0136.wav,IOI tertile + onset-strength tertile; first event per recording uses START
PERF-004,137,SHORT_WEAK,SHORT,WEAK,80.759002,0.2786389999999983,0.018656,PERF-004-CAND-0137,PERF-004_event_0137_PERF-004-CAND-0137.wav,C:\Users\vonje\Documents\4th Year Acts\Thesis\Latest Requirements\Thesis App\data_pipeline\data\event_review\candidate_event_clips\PERF-004\PERF-004_event_0137_PERF-004-CAND-0137.wav,IOI tertile + onset-strength tertile; first event per recording uses START
PERF-004,138,SHORT_MEDIUM,SHORT,MEDIUM,81.049252,0.29025000000000034,0.027475,PERF-004-CAND-0138,PERF-004_event_0138_PERF-004-CAND-0138.wav,C:\Users\vonje\Documents\4th Year Acts\Thesis\Latest Requirements\Thesis App\data_pipeline\data\event_review\candidate_event_clips\PERF-004\PERF-004_event_0138_PERF-004-CAND-0138.wav,IOI tertile + onset-strength tertile; first event per recording uses START
PERF-004,139,MEDIUM_STRONG,MEDIUM,STRONG,81.89678,0.8475280000000112,0.036399,PERF-004-CAND-0139,PERF-004_event_0139_PERF-004-CAND-0139.wav,C:\Users\vonje\Documents\4th Year Acts\Thesis\Latest Requirements\Thesis App\data_pipeline\data\event_review\candidate_event_clips\PERF-004\PERF-004_event_0139_PERF-004-CAND-0139.wav,IOI tertile + onset-strength tertile; first event per recording uses START
PERF-004,140,SHORT_STRONG,SHORT,STRONG,82.465669,0.5688889999999986,0.037822,PERF-004-CAND-0140,PERF-004_event_0140_PERF-004-CAND-0140.wav,C:\Users\vonje\Documents\4th Year Acts\Thesis\Latest Requirements\Thesis App\data_pipeline\data\event_review\candidate_event_clips\PERF-004\PERF-004_event_0140_PERF-004-CAND-0140.wav,IOI tertile + onset-strength tertile; first event per recording uses START
PERF-004,141,SHORT_WEAK,SHORT,WEAK,82.732698,0.26702899999999374,0.021227,PERF-004-CAND-0141,PERF-004_event_0141_PERF-004-CAND-0141.wav,C:\Users\vonje\Documents\4th Year Acts\Thesis\Latest Requirements\Thesis App\data_pipeline\data\event_review\candidate_event_clips\PERF-004\PERF-004_event_0141_PERF-004-CAND-0141.wav,IOI tertile + onset-strength tertile; first event per recording uses START
PERF-004,142,LONG_WEAK,LONG,WEAK,84.137506,1.4048080000000027,0.019075,PERF-004-CAND-0142,PERF-004_event_0142_PERF-004-CAND-0142.wav,C:\Users\vonje\Documents\4th Year Acts\Thesis\Latest Requirements\Thesis App\data_pipeline\data\event_review\candidate_event_clips\PERF-004\PERF-004_event_0142_PERF-004-CAND-0142.wav,IOI tertile + onset-strength tertile; first event per recording uses START
PERF-004,143,SHORT_WEAK,SHORT,WEAK,84.683175,0.5456690000000037,0.026729,PERF-004-CAND-0143,PERF-004_event_0143_PERF-004-CAND-0143.wav,C:\Users\vonje\Documents\4th Year Acts\Thesis\Latest Requirements\Thesis App\data_pipeline\data\event_review\candidate_event_clips\PERF-004\PERF-004_event_0143_PERF-004-CAND-0143.wav,IOI tertile + onset-strength tertile; first event per recording uses START
PERF-004,144,MEDIUM_WEAK,MEDIUM,WEAK,85.565533,0.8823579999999964,0.020278,PERF-004-CAND-0144,PERF-004_event_0144_PERF-004-CAND-0144.wav,C:\Users\vonje\Documents\4th Year Acts\Thesis\Latest Requirements\Thesis App\data_pipeline\data\event_review\candidate_event_clips\PERF-004\PERF-004_event_0144_PERF-004-CAND-0144.wav,IOI tertile + onset-strength tertile; first event per recording uses START
PERF-004,145,SHORT_WEAK,SHORT,WEAK,86.111202,0.5456690000000037,0.022395,PERF-004-CAND-0145,PERF-004_event_0145_PERF-004-CAND-0145.wav,C:\Users\vonje\Documents\4th Year Acts\Thesis\Latest Requirements\Thesis App\data_pipeline\data\event_review\candidate_event_clips\PERF-004\PERF-004_event_0145_PERF-004-CAND-0145.wav,IOI tertile + onset-strength tertile; first event per recording uses START
PERF-004,146,SHORT_WEAK,SHORT,WEAK,86.378231,0.26702899999999374,0.016121,PERF-004-CAND-0146,PERF-004_event_0146_PERF-004-CAND-0146.wav,C:\Users\vonje\Documents\4th Year Acts\Thesis\Latest Requirements\Thesis App\data_pipeline\data\event_review\candidate_event_clips\PERF-004\PERF-004_event_0146_PERF-004-CAND-0146.wav,IOI tertile + onset-strength tertile; first event per recording uses START
PERF-004,147,LONG_MEDIUM,LONG,MEDIUM,87.817868,1.4396370000000047,0.033028,PERF-004-CAND-0147,PERF-004_event_0147_PERF-004-CAND-0147.wav,C:\Users\vonje\Documents\4th Year Acts\Thesis\Latest Requirements\Thesis App\data_pipeline\data\event_review\candidate_event_clips\PERF-004\PERF-004_event_0147_PERF-004-CAND-0147.wav,IOI tertile + onset-strength tertile; first event per recording uses START
PERF-004,148,SHORT_MEDIUM,SHORT,MEDIUM,88.073288,0.25542000000000087,0.032011,PERF-004-CAND-0148,PERF-004_event_0148_PERF-004-CAND-0148.wav,C:\Users\vonje\Documents\4th Year Acts\Thesis\Latest Requirements\Thesis App\data_pipeline\data\event_review\candidate_event_clips\PERF-004\PERF-004_event_0148_PERF-004-CAND-0148.wav,IOI tertile + onset-strength tertile; first event per recording uses START
PERF-004,149,SHORT_MEDIUM,SHORT,MEDIUM,88.618957,0.5456689999999895,0.029495,PERF-004-CAND-0149,PERF-004_event_0149_PERF-004-CAND-0149.wav,C:\Users\vonje\Documents\4th Year Acts\Thesis\Latest Requirements\Thesis App\data_pipeline\data\event_review\candidate_event_clips\PERF-004\PERF-004_event_0149_PERF-004-CAND-0149.wav,IOI tertile + onset-strength tertile; first event per recording uses START
PERF-004,150,SHORT_MEDIUM,SHORT,MEDIUM,88.920816,0.3018590000000074,0.032024,PERF-004-CAND-0150,PERF-004_event_0150_PERF-004-CAND-0150.wav,C:\Users\vonje\Documents\4th Year Acts\Thesis\Latest Requirements\Thesis App\data_pipeline\data\event_review\candidate_event_clips\PERF-004\PERF-004_event_0150_PERF-004-CAND-0150.wav,IOI tertile + onset-strength tertile; first event per recording uses START
PERF-004,151,SHORT_MEDIUM,SHORT,MEDIUM,89.187846,0.2670299999999912,0.030007,PERF-004-CAND-0151,PERF-004_event_0151_PERF-004-CAND-0151.wav,C:\Users\vonje\Documents\4th Year Acts\Thesis\Latest Requirements\Thesis App\data_pipeline\data\event_review\candidate_event_clips\PERF-004\PERF-004_event_0151_PERF-004-CAND-0151.wav,IOI tertile + onset-strength tertile; first event per recording uses START
PERF-004,152,MEDIUM_MEDIUM,MEDIUM,MEDIUM,90.046984,0.8591380000000015,0.030822,PERF-004-CAND-0152,PERF-004_event_0152_PERF-004-CAND-0152.wav,C:\Users\vonje\Documents\4th Year Acts\Thesis\Latest Requirements\Thesis App\data_pipeline\data\event_review\candidate_event_clips\PERF-004\PERF-004_event_0152_PERF-004-CAND-0152.wav,IOI tertile + onset-strength tertile; first event per recording uses START
PERF-004,153,SHORT_WEAK,SHORT,WEAK,90.325624,0.27864000000001,0.019901,PERF-004-CAND-0153,PERF-004_event_0153_PERF-004-CAND-0153.wav,C:\Users\vonje\Documents\4th Year Acts\Thesis\Latest Requirements\Thesis App\data_pipeline\data\event_review\candidate_event_clips\PERF-004\PERF-004_event_0153_PERF-004-CAND-0153.wav,IOI tertile + onset-strength tertile; first event per recording uses START
PERF-004,154,SHORT_WEAK,SHORT,WEAK,90.569433,0.24380899999999883,0.023655,PERF-004-CAND-0154,PERF-004_event_0154_PERF-004-CAND-0154.wav,C:\Users\vonje\Documents\4th Year Acts\Thesis\Latest Requirements\Thesis App\data_pipeline\data\event_review\candidate_event_clips\PERF-004\PERF-004_event_0154_PERF-004-CAND-0154.wav,IOI tertile + onset-strength tertile; first event per recording uses START
PERF-004,155,SHORT_MEDIUM,SHORT,MEDIUM,90.859683,0.29025000000000034,0.034494,PERF-004-CAND-0155,PERF-004_event_0155_PERF-004-CAND-0155.wav,C:\Users\vonje\Documents\4th Year Acts\Thesis\Latest Requirements\Thesis App\data_pipeline\data\event_review\candidate_event_clips\PERF-004\PERF-004_event_0155_PERF-004-CAND-0155.wav,IOI tertile + onset-strength tertile; first event per recording uses START
PERF-004,156,SHORT_WEAK,SHORT,WEAK,91.416961,0.5572779999999966,0.01975,PERF-004-CAND-0156,PERF-004_event_0156_PERF-004-CAND-0156.wav,C:\Users\vonje\Documents\4th Year Acts\Thesis\Latest Requirements\Thesis App\data_pipeline\data\event_review\candidate_event_clips\PERF-004\PERF-004_event_0156_PERF-004-CAND-0156.wav,IOI tertile + onset-strength tertile; first event per recording uses START
PERF-004,157,MEDIUM_MEDIUM,MEDIUM,MEDIUM,91.99746,0.5804990000000032,0.03586,PERF-004-CAND-0157,PERF-004_event_0157_PERF-004-CAND-0157.wav,C:\Users\vonje\Documents\4th Year Acts\Thesis\Latest Requirements\Thesis App\data_pipeline\data\event_review\candidate_event_clips\PERF-004\PERF-004_event_0157_PERF-004-CAND-0157.wav,IOI tertile + onset-strength tertile; first event per recording uses START
PERF-004,158,SHORT_WEAK,SHORT,WEAK,92.28771,0.29025000000000034,0.021635,PERF-004-CAND-0158,PERF-004_event_0158_PERF-004-CAND-0158.wav,C:\Users\vonje\Documents\4th Year Acts\Thesis\Latest Requirements\Thesis App\data_pipeline\data\event_review\candidate_event_clips\PERF-004\PERF-004_event_0158_PERF-004-CAND-0158.wav,IOI tertile + onset-strength tertile; first event per recording uses START
PERF-004,159,SHORT_WEAK,SHORT,WEAK,92.577959,0.29024900000000287,0.025828,PERF-004-CAND-0159,PERF-004_event_0159_PERF-004-CAND-0159.wav,C:\Users\vonje\Documents\4th Year Acts\Thesis\Latest Requirements\Thesis App\data_pipeline\data\event_review\candidate_event_clips\PERF-004\PERF-004_event_0159_PERF-004-CAND-0159.wav,IOI tertile + onset-strength tertile; first event per recording uses START
PERF-004,160,SHORT_MEDIUM,SHORT,MEDIUM,93.123628,0.5456689999999895,0.027267,PERF-004-CAND-0160,PERF-004_event_0160_PERF-004-CAND-0160.wav,C:\Users\vonje\Documents\4th Year Acts\Thesis\Latest Requirements\Thesis App\data_pipeline\data\event_review\candidate_event_clips\PERF-004\PERF-004_event_0160_PERF-004-CAND-0160.wav,IOI tertile + onset-strength tertile; first event per recording uses START
PERF-004,161,SHORT_MEDIUM,SHORT,MEDIUM,93.680907,0.5572790000000083,0.031152,PERF-004-CAND-0161,PERF-004_event_0161_PERF-004-CAND-0161.wav,C:\Users\vonje\Documents\4th Year Acts\Thesis\Latest Requirements\Thesis App\data_pipeline\data\event_review\candidate_event_clips\PERF-004\PERF-004_event_0161_PERF-004-CAND-0161.wav,IOI tertile + onset-strength tertile; first event per recording uses START
PERF-004,162,SHORT_STRONG,SHORT,STRONG,93.994376,0.3134689999999978,0.092493,PERF-004-CAND-0162,PERF-004_event_0162_PERF-004-CAND-0162.wav,C:\Users\vonje\Documents\4th Year Acts\Thesis\Latest Requirements\Thesis App\data_pipeline\data\event_review\candidate_event_clips\PERF-004\PERF-004_event_0162_PERF-004-CAND-0162.wav,IOI tertile + onset-strength tertile; first event per recording uses START
PERF-004,163,SHORT_WEAK,SHORT,WEAK,94.505215,0.5108390000000043,0.021154,PERF-004-CAND-0163,PERF-004_event_0163_PERF-004-CAND-0163.wav,C:\Users\vonje\Documents\4th Year Acts\Thesis\Latest Requirements\Thesis App\data_pipeline\data\event_review\candidate_event_clips\PERF-004\PERF-004_event_0163_PERF-004-CAND-0163.wav,IOI tertile + onset-strength tertile; first event per recording uses START
PERF-004,164,SHORT_MEDIUM,SHORT,MEDIUM,94.795465,0.29024999999998613,0.031434,PERF-004-CAND-0164,PERF-004_event_0164_PERF-004-CAND-0164.wav,C:\Users\vonje\Documents\4th Year Acts\Thesis\Latest Requirements\Thesis App\data_pipeline\data\event_review\candidate_event_clips\PERF-004\PERF-004_event_0164_PERF-004-CAND-0164.wav,IOI tertile + onset-strength tertile; first event per recording uses START
PERF-004,165,SHORT_MEDIUM,SHORT,MEDIUM,95.085714,0.29024900000000287,0.033639,PERF-004-CAND-0165,PERF-004_event_0165_PERF-004-CAND-0165.wav,C:\Users\vonje\Documents\4th Year Acts\Thesis\Latest Requirements\Thesis App\data_pipeline\data\event_review\candidate_event_clips\PERF-004\PERF-004_event_0165_PERF-004-CAND-0165.wav,IOI tertile + onset-strength tertile; first event per recording uses START
PERF-004,166,SHORT_STRONG,SHORT,STRONG,95.387574,0.3018600000000049,0.06741,PERF-004-CAND-0166,PERF-004_event_0166_PERF-004-CAND-0166.wav,C:\Users\vonje\Documents\4th Year Acts\Thesis\Latest Requirements\Thesis App\data_pipeline\data\event_review\candidate_event_clips\PERF-004\PERF-004_event_0166_PERF-004-CAND-0166.wav,IOI tertile + onset-strength tertile; first event per recording uses START
PERF-004,167,SHORT_WEAK,SHORT,WEAK,95.933243,0.5456690000000037,0.018411,PERF-004-CAND-0167,PERF-004_event_0167_PERF-004-CAND-0167.wav,C:\Users\vonje\Documents\4th Year Acts\Thesis\Latest Requirements\Thesis App\data_pipeline\data\event_review\candidate_event_clips\PERF-004\PERF-004_event_0167_PERF-004-CAND-0167.wav,IOI tertile + onset-strength tertile; first event per recording uses START
PERF-004,168,MEDIUM_STRONG,MEDIUM,STRONG,96.803991,0.8707479999999919,0.277339,PERF-004-CAND-0168,PERF-004_event_0168_PERF-004-CAND-0168.wav,C:\Users\vonje\Documents\4th Year Acts\Thesis\Latest Requirements\Thesis App\data_pipeline\data\event_review\candidate_event_clips\PERF-004\PERF-004_event_0168_PERF-004-CAND-0168.wav,IOI tertile + onset-strength tertile; first event per recording uses START
PERF-004,169,MEDIUM_WEAK,MEDIUM,WEAK,97.593469,0.7894780000000026,0.019123,PERF-004-CAND-0169,PERF-004_event_0169_PERF-004-CAND-0169.wav,C:\Users\vonje\Documents\4th Year Acts\Thesis\Latest Requirements\Thesis App\data_pipeline\data\event_review\candidate_event_clips\PERF-004\PERF-004_event_0169_PERF-004-CAND-0169.wav,IOI tertile + onset-strength tertile; first event per recording uses START
PERF-004,170,SHORT_MEDIUM,SHORT,MEDIUM,98.150748,0.5572789999999941,0.028289,PERF-004-CAND-0170,PERF-004_event_0170_PERF-004-CAND-0170.wav,C:\Users\vonje\Documents\4th Year Acts\Thesis\Latest Requirements\Thesis App\data_pipeline\data\event_review\candidate_event_clips\PERF-004\PERF-004_event_0170_PERF-004-CAND-0170.wav,IOI tertile + onset-strength tertile; first event per recording uses START
PERF-004,171,MEDIUM_MEDIUM,MEDIUM,MEDIUM,98.731247,0.5804990000000032,0.028634,PERF-004-CAND-0171,PERF-004_event_0171_PERF-004-CAND-0171.wav,C:\Users\vonje\Documents\4th Year Acts\Thesis\Latest Requirements\Thesis App\data_pipeline\data\event_review\candidate_event_clips\PERF-004\PERF-004_event_0171_PERF-004-CAND-0171.wav,IOI tertile + onset-strength tertile; first event per recording uses START
PERF-004,172,SHORT_MEDIUM,SHORT,MEDIUM,99.009887,0.27864000000001,0.033233,PERF-004-CAND-0172,PERF-004_event_0172_PERF-004-CAND-0172.wav,C:\Users\vonje\Documents\4th Year Acts\Thesis\Latest Requirements\Thesis App\data_pipeline\data\event_review\candidate_event_clips\PERF-004\PERF-004_event_0172_PERF-004-CAND-0172.wav,IOI tertile + onset-strength tertile; first event per recording uses START
PERF-004,173,MEDIUM_WEAK,MEDIUM,WEAK,100.136054,1.1261669999999953,0.023168,PERF-004-CAND-0173,PERF-004_event_0173_PERF-004-CAND-0173.wav,C:\Users\vonje\Documents\4th Year Acts\Thesis\Latest Requirements\Thesis App\data_pipeline\data\event_review\candidate_event_clips\PERF-004\PERF-004_event_0173_PERF-004-CAND-0173.wav,IOI tertile + onset-strength tertile; first event per recording uses START
PERF-004,174,SHORT_WEAK,SHORT,WEAK,100.681723,0.5456690000000037,0.026847,PERF-004-CAND-0174,PERF-004_event_0174_PERF-004-CAND-0174.wav,C:\Users\vonje\Documents\4th Year Acts\Thesis\Latest Requirements\Thesis App\data_pipeline\data\event_review\candidate_event_clips\PERF-004\PERF-004_event_0174_PERF-004-CAND-0174.wav,IOI tertile + onset-strength tertile; first event per recording uses START
PERF-004,175,SHORT_WEAK,SHORT,WEAK,101.227392,0.5456689999999895,0.020913,PERF-004-CAND-0175,PERF-004_event_0175_PERF-004-CAND-0175.wav,C:\Users\vonje\Documents\4th Year Acts\Thesis\Latest Requirements\Thesis App\data_pipeline\data\event_review\candidate_event_clips\PERF-004\PERF-004_event_0175_PERF-004-CAND-0175.wav,IOI tertile + onset-strength tertile; first event per recording uses START
PERF-004,176,SHORT_MEDIUM,SHORT,MEDIUM,101.540862,0.31347000000000946,0.032834,PERF-004-CAND-0176,PERF-004_event_0176_PERF-004-CAND-0176.wav,C:\Users\vonje\Documents\4th Year Acts\Thesis\Latest Requirements\Thesis App\data_pipeline\data\event_review\candidate_event_clips\PERF-004\PERF-004_event_0176_PERF-004-CAND-0176.wav,IOI tertile + onset-strength tertile; first event per recording uses START
PERF-004,177,SHORT_MEDIUM,SHORT,MEDIUM,101.807891,0.26702899999999374,0.028503,PERF-004-CAND-0177,PERF-004_event_0177_PERF-004-CAND-0177.wav,C:\Users\vonje\Documents\4th Year Acts\Thesis\Latest Requirements\Thesis App\data_pipeline\data\event_review\candidate_event_clips\PERF-004\PERF-004_event_0177_PERF-004-CAND-0177.wav,IOI tertile + onset-strength tertile; first event per recording uses START
PERF-004,178,SHORT_STRONG,SHORT,STRONG,102.109751,0.3018600000000049,0.052343,PERF-004-CAND-0178,PERF-004_event_0178_PERF-004-CAND-0178.wav,C:\Users\vonje\Documents\4th Year Acts\Thesis\Latest Requirements\Thesis App\data_pipeline\data\event_review\candidate_event_clips\PERF-004\PERF-004_event_0178_PERF-004-CAND-0178.wav,IOI tertile + onset-strength tertile; first event per recording uses START
PERF-004,179,SHORT_STRONG,SHORT,STRONG,102.4,0.29024900000000287,0.110134,PERF-004-CAND-0179,PERF-004_event_0179_PERF-004-CAND-0179.wav,C:\Users\vonje\Documents\4th Year Acts\Thesis\Latest Requirements\Thesis App\data_pipeline\data\event_review\candidate_event_clips\PERF-004\PERF-004_event_0179_PERF-004-CAND-0179.wav,IOI tertile + onset-strength tertile; first event per recording uses START
PERF-004,180,SHORT_STRONG,SHORT,STRONG,102.945669,0.5456689999999895,0.036934,PERF-004-CAND-0180,PERF-004_event_0180_PERF-004-CAND-0180.wav,C:\Users\vonje\Documents\4th Year Acts\Thesis\Latest Requirements\Thesis App\data_pipeline\data\event_review\candidate_event_clips\PERF-004\PERF-004_event_0180_PERF-004-CAND-0180.wav,IOI tertile + onset-strength tertile; first event per recording uses START
PERF-004,181,SHORT_WEAK,SHORT,WEAK,103.177868,0.23219900000000848,0.024546,PERF-004-CAND-0181,PERF-004_event_0181_PERF-004-CAND-0181.wav,C:\Users\vonje\Documents\4th Year Acts\Thesis\Latest Requirements\Thesis App\data_pipeline\data\event_review\candidate_event_clips\PERF-004\PERF-004_event_0181_PERF-004-CAND-0181.wav,IOI tertile + onset-strength tertile; first event per recording uses START
PERF-004,182,SHORT_WEAK,SHORT,WEAK,103.468118,0.29025000000000034,0.026841,PERF-004-CAND-0182,PERF-004_event_0182_PERF-004-CAND-0182.wav,C:\Users\vonje\Documents\4th Year Acts\Thesis\Latest Requirements\Thesis App\data_pipeline\data\event_review\candidate_event_clips\PERF-004\PERF-004_event_0182_PERF-004-CAND-0182.wav,IOI tertile + onset-strength tertile; first event per recording uses START
PERF-004,183,SHORT_MEDIUM,SHORT,MEDIUM,104.037007,0.5688889999999986,0.029048,PERF-004-CAND-0183,PERF-004_event_0183_PERF-004-CAND-0183.wav,C:\Users\vonje\Documents\4th Year Acts\Thesis\Latest Requirements\Thesis App\data_pipeline\data\event_review\candidate_event_clips\PERF-004\PERF-004_event_0183_PERF-004-CAND-0183.wav,IOI tertile + onset-strength tertile; first event per recording uses START
PERF-004,184,SHORT_STRONG,SHORT,STRONG,104.350476,0.3134689999999978,0.147014,PERF-004-CAND-0184,PERF-004_event_0184_PERF-004-CAND-0184.wav,C:\Users\vonje\Documents\4th Year Acts\Thesis\Latest Requirements\Thesis App\data_pipeline\data\event_review\candidate_event_clips\PERF-004\PERF-004_event_0184_PERF-004-CAND-0184.wav,IOI tertile + onset-strength tertile; first event per recording uses START
PERF-004,185,SHORT_MEDIUM,SHORT,MEDIUM,104.629116,0.2786399999999958,0.035769,PERF-004-CAND-0185,PERF-004_event_0185_PERF-004-CAND-0185.wav,C:\Users\vonje\Documents\4th Year Acts\Thesis\Latest Requirements\Thesis App\data_pipeline\data\event_review\candidate_event_clips\PERF-004\PERF-004_event_0185_PERF-004-CAND-0185.wav,IOI tertile + onset-strength tertile; first event per recording uses START
PERF-004,186,SHORT_MEDIUM,SHORT,MEDIUM,104.896145,0.26702900000000795,0.034218,PERF-004-CAND-0186,PERF-004_event_0186_PERF-004-CAND-0186.wav,C:\Users\vonje\Documents\4th Year Acts\Thesis\Latest Requirements\Thesis App\data_pipeline\data\event_review\candidate_event_clips\PERF-004\PERF-004_event_0186_PERF-004-CAND-0186.wav,IOI tertile + onset-strength tertile; first event per recording uses START
PERF-004,187,SHORT_STRONG,SHORT,STRONG,105.186395,0.29025000000000034,0.043438,PERF-004-CAND-0187,PERF-004_event_0187_PERF-004-CAND-0187.wav,C:\Users\vonje\Documents\4th Year Acts\Thesis\Latest Requirements\Thesis App\data_pipeline\data\event_review\candidate_event_clips\PERF-004\PERF-004_event_0187_PERF-004-CAND-0187.wav,IOI tertile + onset-strength tertile; first event per recording uses START
PERF-004,188,SHORT_MEDIUM,SHORT,MEDIUM,105.720454,0.5340589999999992,0.030093,PERF-004-CAND-0188,PERF-004_event_0188_PERF-004-CAND-0188.wav,C:\Users\vonje\Documents\4th Year Acts\Thesis\Latest Requirements\Thesis App\data_pipeline\data\event_review\candidate_event_clips\PERF-004\PERF-004_event_0188_PERF-004-CAND-0188.wav,IOI tertile + onset-strength tertile; first event per recording uses START
PERF-004,189,MEDIUM_WEAK,MEDIUM,WEAK,106.300952,0.5804979999999915,0.025604,PERF-004-CAND-0189,PERF-004_event_0189_PERF-004-CAND-0189.wav,C:\Users\vonje\Documents\4th Year Acts\Thesis\Latest Requirements\Thesis App\data_pipeline\data\event_review\candidate_event_clips\PERF-004\PERF-004_event_0189_PERF-004-CAND-0189.wav,IOI tertile + onset-strength tertile; first event per recording uses START
PERF-004,190,SHORT_WEAK,SHORT,WEAK,106.579592,0.27864000000001,0.022897,PERF-004-CAND-0190,PERF-004_event_0190_PERF-004-CAND-0190.wav,C:\Users\vonje\Documents\4th Year Acts\Thesis\Latest Requirements\Thesis App\data_pipeline\data\event_review\candidate_event_clips\PERF-004\PERF-004_event_0190_PERF-004-CAND-0190.wav,IOI tertile + onset-strength tertile; first event per recording uses START
PERF-004,191,SHORT_MEDIUM,SHORT,MEDIUM,106.869841,0.29024899999998865,0.030829,PERF-004-CAND-0191,PERF-004_event_0191_PERF-004-CAND-0191.wav,C:\Users\vonje\Documents\4th Year Acts\Thesis\Latest Requirements\Thesis App\data_pipeline\data\event_review\candidate_event_clips\PERF-004\PERF-004_event_0191_PERF-004-CAND-0191.wav,IOI tertile + onset-strength tertile; first event per recording uses START
PERF-004,192,MEDIUM_MEDIUM,MEDIUM,MEDIUM,107.70576,0.8359190000000041,0.031583,PERF-004-CAND-0192,PERF-004_event_0192_PERF-004-CAND-0192.wav,C:\Users\vonje\Documents\4th Year Acts\Thesis\Latest Requirements\Thesis App\data_pipeline\data\event_review\candidate_event_clips\PERF-004\PERF-004_event_0192_PERF-004-CAND-0192.wav,IOI tertile + onset-strength tertile; first event per recording uses START
PERF-004,193,SHORT_STRONG,SHORT,STRONG,107.984399,0.2786389999999983,0.044782,PERF-004-CAND-0193,PERF-004_event_0193_PERF-004-CAND-0193.wav,C:\Users\vonje\Documents\4th Year Acts\Thesis\Latest Requirements\Thesis App\data_pipeline\data\event_review\candidate_event_clips\PERF-004\PERF-004_event_0193_PERF-004-CAND-0193.wav,IOI tertile + onset-strength tertile; first event per recording uses START
PERF-004,194,SHORT_WEAK,SHORT,WEAK,108.251429,0.26703000000000543,0.020933,PERF-004-CAND-0194,PERF-004_event_0194_PERF-004-CAND-0194.wav,C:\Users\vonje\Documents\4th Year Acts\Thesis\Latest Requirements\Thesis App\data_pipeline\data\event_review\candidate_event_clips\PERF-004\PERF-004_event_0194_PERF-004-CAND-0194.wav,IOI tertile + onset-strength tertile; first event per recording uses START
PERF-004,195,SHORT_MEDIUM,SHORT,MEDIUM,108.820317,0.5688880000000012,0.027833,PERF-004-CAND-0195,PERF-004_event_0195_PERF-004-CAND-0195.wav,C:\Users\vonje\Documents\4th Year Acts\Thesis\Latest Requirements\Thesis App\data_pipeline\data\event_review\candidate_event_clips\PERF-004\PERF-004_event_0195_PERF-004-CAND-0195.wav,IOI tertile + onset-strength tertile; first event per recording uses START
PERF-004,196,MEDIUM_MEDIUM,MEDIUM,MEDIUM,109.958095,1.1377779999999973,0.035156,PERF-004-CAND-0196,PERF-004_event_0196_PERF-004-CAND-0196.wav,C:\Users\vonje\Documents\4th Year Acts\Thesis\Latest Requirements\Thesis App\data_pipeline\data\event_review\candidate_event_clips\PERF-004\PERF-004_event_0196_PERF-004-CAND-0196.wav,IOI tertile + onset-strength tertile; first event per recording uses START
PERF-004,197,SHORT_WEAK,SHORT,WEAK,110.225125,0.26703000000000543,0.018797,PERF-004-CAND-0197,PERF-004_event_0197_PERF-004-CAND-0197.wav,C:\Users\vonje\Documents\4th Year Acts\Thesis\Latest Requirements\Thesis App\data_pipeline\data\event_review\candidate_event_clips\PERF-004\PERF-004_event_0197_PERF-004-CAND-0197.wav,IOI tertile + onset-strength tertile; first event per recording uses START
PERF-004,198,MEDIUM_MEDIUM,MEDIUM,MEDIUM,111.061043,0.8359179999999924,0.034331,PERF-004-CAND-0198,PERF-004_event_0198_PERF-004-CAND-0198.wav,C:\Users\vonje\Documents\4th Year Acts\Thesis\Latest Requirements\Thesis App\data_pipeline\data\event_review\candidate_event_clips\PERF-004\PERF-004_event_0198_PERF-004-CAND-0198.wav,IOI tertile + onset-strength tertile; first event per recording uses START
PERF-004,199,SHORT_MEDIUM,SHORT,MEDIUM,111.583492,0.5224490000000088,0.028834,PERF-004-CAND-0199,PERF-004_event_0199_PERF-004-CAND-0199.wav,C:\Users\vonje\Documents\4th Year Acts\Thesis\Latest Requirements\Thesis App\data_pipeline\data\event_review\candidate_event_clips\PERF-004\PERF-004_event_0199_PERF-004-CAND-0199.wav,IOI tertile + onset-strength tertile; first event per recording uses START
PERF-004,200,MEDIUM_MEDIUM,MEDIUM,MEDIUM,112.187211,0.6037189999999981,0.028077,PERF-004-CAND-0200,PERF-004_event_0200_PERF-004-CAND-0200.wav,C:\Users\vonje\Documents\4th Year Acts\Thesis\Latest Requirements\Thesis App\data_pipeline\data\event_review\candidate_event_clips\PERF-004\PERF-004_event_0200_PERF-004-CAND-0200.wav,IOI tertile + onset-strength tertile; first event per recording uses START
PERF-004,201,SHORT_WEAK,SHORT,WEAK,112.41941,0.23219899999999427,0.020603,PERF-004-CAND-0201,PERF-004_event_0201_PERF-004-CAND-0201.wav,C:\Users\vonje\Documents\4th Year Acts\Thesis\Latest Requirements\Thesis App\data_pipeline\data\event_review\candidate_event_clips\PERF-004\PERF-004_event_0201_PERF-004-CAND-0201.wav,IOI tertile + onset-strength tertile; first event per recording uses START
PERF-004,202,MEDIUM_MEDIUM,MEDIUM,MEDIUM,113.011519,0.5921090000000078,0.028173,PERF-004-CAND-0202,PERF-004_event_0202_PERF-004-CAND-0202.wav,C:\Users\vonje\Documents\4th Year Acts\Thesis\Latest Requirements\Thesis App\data_pipeline\data\event_review\candidate_event_clips\PERF-004\PERF-004_event_0202_PERF-004-CAND-0202.wav,IOI tertile + onset-strength tertile; first event per recording uses START
PERF-004,203,SHORT_WEAK,SHORT,WEAK,113.290159,0.2786399999999958,0.017784,PERF-004-CAND-0203,PERF-004_event_0203_PERF-004-CAND-0203.wav,C:\Users\vonje\Documents\4th Year Acts\Thesis\Latest Requirements\Thesis App\data_pipeline\data\event_review\candidate_event_clips\PERF-004\PERF-004_event_0203_PERF-004-CAND-0203.wav,IOI tertile + onset-strength tertile; first event per recording uses START
PERF-004,204,SHORT_WEAK,SHORT,WEAK,113.568798,0.2786389999999983,0.014285,PERF-004-CAND-0204,PERF-004_event_0204_PERF-004-CAND-0204.wav,C:\Users\vonje\Documents\4th Year Acts\Thesis\Latest Requirements\Thesis App\data_pipeline\data\event_review\candidate_event_clips\PERF-004\PERF-004_event_0204_PERF-004-CAND-0204.wav,IOI tertile + onset-strength tertile; first event per recording uses START
PERF-004,205,LONG_WEAK,LONG,WEAK,115.542494,1.973696000000004,0.0206,PERF-004-CAND-0205,PERF-004_event_0205_PERF-004-CAND-0205.wav,C:\Users\vonje\Documents\4th Year Acts\Thesis\Latest Requirements\Thesis App\data_pipeline\data\event_review\candidate_event_clips\PERF-004\PERF-004_event_0205_PERF-004-CAND-0205.wav,IOI tertile + onset-strength tertile; first event per recording uses START
PERF-004,206,MEDIUM_WEAK,MEDIUM,WEAK,116.378413,0.8359189999999899,0.018483,PERF-004-CAND-0206,PERF-004_event_0206_PERF-004-CAND-0206.wav,C:\Users\vonje\Documents\4th Year Acts\Thesis\Latest Requirements\Thesis App\data_pipeline\data\event_review\candidate_event_clips\PERF-004\PERF-004_event_0206_PERF-004-CAND-0206.wav,IOI tertile + onset-strength tertile; first event per recording uses START
PERF-004,207,MEDIUM_STRONG,MEDIUM,STRONG,116.958912,0.5804990000000032,0.036739,PERF-004-CAND-0207,PERF-004_event_0207_PERF-004-CAND-0207.wav,C:\Users\vonje\Documents\4th Year Acts\Thesis\Latest Requirements\Thesis App\data_pipeline\data\event_review\candidate_event_clips\PERF-004\PERF-004_event_0207_PERF-004-CAND-0207.wav,IOI tertile + onset-strength tertile; first event per recording uses START
PERF-004,208,MEDIUM_WEAK,MEDIUM,WEAK,117.78322,0.824308000000002,0.025684,PERF-004-CAND-0208,PERF-004_event_0208_PERF-004-CAND-0208.wav,C:\Users\vonje\Documents\4th Year Acts\Thesis\Latest Requirements\Thesis App\data_pipeline\data\event_review\candidate_event_clips\PERF-004\PERF-004_event_0208_PERF-004-CAND-0208.wav,IOI tertile + onset-strength tertile; first event per recording uses START
PERF-004,209,SHORT_MEDIUM,SHORT,MEDIUM,118.352109,0.5688889999999986,0.034982,PERF-004-CAND-0209,PERF-004_event_0209_PERF-004-CAND-0209.wav,C:\Users\vonje\Documents\4th Year Acts\Thesis\Latest Requirements\Thesis App\data_pipeline\data\event_review\candidate_event_clips\PERF-004\PERF-004_event_0209_PERF-004-CAND-0209.wav,IOI tertile + onset-strength tertile; first event per recording uses START
PERF-004,210,SHORT_WEAK,SHORT,WEAK,118.920998,0.5688889999999986,0.024046,PERF-004-CAND-0210,PERF-004_event_0210_PERF-004-CAND-0210.wav,C:\Users\vonje\Documents\4th Year Acts\Thesis\Latest Requirements\Thesis App\data_pipeline\data\event_review\candidate_event_clips\PERF-004\PERF-004_event_0210_PERF-004-CAND-0210.wav,IOI tertile + onset-strength tertile; first event per recording uses START
PERF-004,211,SHORT_WEAK,SHORT,WEAK,119.199637,0.2786389999999983,0.020922,PERF-004-CAND-0211,PERF-004_event_0211_PERF-004-CAND-0211.wav,C:\Users\vonje\Documents\4th Year Acts\Thesis\Latest Requirements\Thesis App\data_pipeline\data\event_review\candidate_event_clips\PERF-004\PERF-004_event_0211_PERF-004-CAND-0211.wav,IOI tertile + onset-strength tertile; first event per recording uses START
PERF-004,212,MEDIUM_MEDIUM,MEDIUM,MEDIUM,120.337415,1.1377779999999973,0.027993,PERF-004-CAND-0212,PERF-004_event_0212_PERF-004-CAND-0212.wav,C:\Users\vonje\Documents\4th Year Acts\Thesis\Latest Requirements\Thesis App\data_pipeline\data\event_review\candidate_event_clips\PERF-004\PERF-004_event_0212_PERF-004-CAND-0212.wav,IOI tertile + onset-strength tertile; first event per recording uses START
PERF-004,213,SHORT_MEDIUM,SHORT,MEDIUM,120.883084,0.5456690000000037,0.034894,PERF-004-CAND-0213,PERF-004_event_0213_PERF-004-CAND-0213.wav,C:\Users\vonje\Documents\4th Year Acts\Thesis\Latest Requirements\Thesis App\data_pipeline\data\event_review\candidate_event_clips\PERF-004\PERF-004_event_0213_PERF-004-CAND-0213.wav,IOI tertile + onset-strength tertile; first event per recording uses START
PERF-004,214,LONG_WEAK,LONG,WEAK,122.055692,1.1726079999999968,0.018134,PERF-004-CAND-0214,PERF-004_event_0214_PERF-004-CAND-0214.wav,C:\Users\vonje\Documents\4th Year Acts\Thesis\Latest Requirements\Thesis App\data_pipeline\data\event_review\candidate_event_clips\PERF-004\PERF-004_event_0214_PERF-004-CAND-0214.wav,IOI tertile + onset-strength tertile; first event per recording uses START
PERF-005,1,START_WEAK,START,WEAK,0.464399,,0.024838,PERF-005-CAND-0001,PERF-005_event_0001_PERF-005-CAND-0001.wav,C:\Users\vonje\Documents\4th Year Acts\Thesis\Latest Requirements\Thesis App\data_pipeline\data\event_review\candidate_event_clips\PERF-005\PERF-005_event_0001_PERF-005-CAND-0001.wav,IOI tertile + onset-strength tertile; first event per recording uses START
PERF-005,2,SHORT_STRONG,SHORT,STRONG,0.847528,0.38312899999999994,0.043447,PERF-005-CAND-0002,PERF-005_event_0002_PERF-005-CAND-0002.wav,C:\Users\vonje\Documents\4th Year Acts\Thesis\Latest Requirements\Thesis App\data_pipeline\data\event_review\candidate_event_clips\PERF-005\PERF-005_event_0002_PERF-005-CAND-0002.wav,IOI tertile + onset-strength tertile; first event per recording uses START
PERF-005,3,MEDIUM_WEAK,MEDIUM,WEAK,1.555737,0.708209,0.020978,PERF-005-CAND-0003,PERF-005_event_0003_PERF-005-CAND-0003.wav,C:\Users\vonje\Documents\4th Year Acts\Thesis\Latest Requirements\Thesis App\data_pipeline\data\event_review\candidate_event_clips\PERF-005\PERF-005_event_0003_PERF-005-CAND-0003.wav,IOI tertile + onset-strength tertile; first event per recording uses START
PERF-005,4,MEDIUM_MEDIUM,MEDIUM,MEDIUM,2.124626,0.5688890000000002,0.027308,PERF-005-CAND-0004,PERF-005_event_0004_PERF-005-CAND-0004.wav,C:\Users\vonje\Documents\4th Year Acts\Thesis\Latest Requirements\Thesis App\data_pipeline\data\event_review\candidate_event_clips\PERF-005\PERF-005_event_0004_PERF-005-CAND-0004.wav,IOI tertile + onset-strength tertile; first event per recording uses START
PERF-005,5,MEDIUM_STRONG,MEDIUM,STRONG,2.728345,0.6037189999999999,0.044066,PERF-005-CAND-0005,PERF-005_event_0005_PERF-005-CAND-0005.wav,C:\Users\vonje\Documents\4th Year Acts\Thesis\Latest Requirements\Thesis App\data_pipeline\data\event_review\candidate_event_clips\PERF-005\PERF-005_event_0005_PERF-005-CAND-0005.wav,IOI tertile + onset-strength tertile; first event per recording uses START
PERF-005,6,LONG_WEAK,LONG,WEAK,3.935782,1.207437,0.013022,PERF-005-CAND-0006,PERF-005_event_0006_PERF-005-CAND-0006.wav,C:\Users\vonje\Documents\4th Year Acts\Thesis\Latest Requirements\Thesis App\data_pipeline\data\event_review\candidate_event_clips\PERF-005\PERF-005_event_0006_PERF-005-CAND-0006.wav,IOI tertile + onset-strength tertile; first event per recording uses START
PERF-005,7,MEDIUM_WEAK,MEDIUM,WEAK,4.527891,0.5921090000000002,0.020989,PERF-005-CAND-0007,PERF-005_event_0007_PERF-005-CAND-0007.wav,C:\Users\vonje\Documents\4th Year Acts\Thesis\Latest Requirements\Thesis App\data_pipeline\data\event_review\candidate_event_clips\PERF-005\PERF-005_event_0007_PERF-005-CAND-0007.wav,IOI tertile + onset-strength tertile; first event per recording uses START
PERF-005,8,MEDIUM_WEAK,MEDIUM,WEAK,5.12,0.5921089999999998,0.022395,PERF-005-CAND-0008,PERF-005_event_0008_PERF-005-CAND-0008.wav,C:\Users\vonje\Documents\4th Year Acts\Thesis\Latest Requirements\Thesis App\data_pipeline\data\event_review\candidate_event_clips\PERF-005\PERF-005_event_0008_PERF-005-CAND-0008.wav,IOI tertile + onset-strength tertile; first event per recording uses START
PERF-005,9,MEDIUM_WEAK,MEDIUM,WEAK,5.735329,0.615329,0.025239,PERF-005-CAND-0009,PERF-005_event_0009_PERF-005-CAND-0009.wav,C:\Users\vonje\Documents\4th Year Acts\Thesis\Latest Requirements\Thesis App\data_pipeline\data\event_review\candidate_event_clips\PERF-005\PERF-005_event_0009_PERF-005-CAND-0009.wav,IOI tertile + onset-strength tertile; first event per recording uses START
PERF-005,10,MEDIUM_WEAK,MEDIUM,WEAK,6.362268,0.6269390000000001,0.018532,PERF-005-CAND-0010,PERF-005_event_0010_PERF-005-CAND-0010.wav,C:\Users\vonje\Documents\4th Year Acts\Thesis\Latest Requirements\Thesis App\data_pipeline\data\event_review\candidate_event_clips\PERF-005\PERF-005_event_0010_PERF-005-CAND-0010.wav,IOI tertile + onset-strength tertile; first event per recording uses START
PERF-005,11,MEDIUM_WEAK,MEDIUM,WEAK,6.954376,0.5921079999999996,0.024261,PERF-005-CAND-0011,PERF-005_event_0011_PERF-005-CAND-0011.wav,C:\Users\vonje\Documents\4th Year Acts\Thesis\Latest Requirements\Thesis App\data_pipeline\data\event_review\candidate_event_clips\PERF-005\PERF-005_event_0011_PERF-005-CAND-0011.wav,IOI tertile + onset-strength tertile; first event per recording uses START
PERF-005,12,SHORT_WEAK,SHORT,WEAK,7.511655,0.5572790000000003,0.013564,PERF-005-CAND-0012,PERF-005_event_0012_PERF-005-CAND-0012.wav,C:\Users\vonje\Documents\4th Year Acts\Thesis\Latest Requirements\Thesis App\data_pipeline\data\event_review\candidate_event_clips\PERF-005\PERF-005_event_0012_PERF-005-CAND-0012.wav,IOI tertile + onset-strength tertile; first event per recording uses START
PERF-005,13,LONG_WEAK,LONG,WEAK,9.253152,1.7414969999999999,0.020659,PERF-005-CAND-0013,PERF-005_event_0013_PERF-005-CAND-0013.wav,C:\Users\vonje\Documents\4th Year Acts\Thesis\Latest Requirements\Thesis App\data_pipeline\data\event_review\candidate_event_clips\PERF-005\PERF-005_event_0013_PERF-005-CAND-0013.wav,IOI tertile + onset-strength tertile; first event per recording uses START
PERF-005,14,LONG_MEDIUM,LONG,MEDIUM,10.774059,1.5209069999999993,0.02777,PERF-005-CAND-0014,PERF-005_event_0014_PERF-005-CAND-0014.wav,C:\Users\vonje\Documents\4th Year Acts\Thesis\Latest Requirements\Thesis App\data_pipeline\data\event_review\candidate_event_clips\PERF-005\PERF-005_event_0014_PERF-005-CAND-0014.wav,IOI tertile + onset-strength tertile; first event per recording uses START
PERF-005,15,MEDIUM_WEAK,MEDIUM,WEAK,11.644807,0.8707480000000007,0.022254,PERF-005-CAND-0015,PERF-005_event_0015_PERF-005-CAND-0015.wav,C:\Users\vonje\Documents\4th Year Acts\Thesis\Latest Requirements\Thesis App\data_pipeline\data\event_review\candidate_event_clips\PERF-005\PERF-005_event_0015_PERF-005-CAND-0015.wav,IOI tertile + onset-strength tertile; first event per recording uses START
PERF-005,16,LONG_WEAK,LONG,WEAK,13.409524,1.7647169999999992,0.020623,PERF-005-CAND-0016,PERF-005_event_0016_PERF-005-CAND-0016.wav,C:\Users\vonje\Documents\4th Year Acts\Thesis\Latest Requirements\Thesis App\data_pipeline\data\event_review\candidate_event_clips\PERF-005\PERF-005_event_0016_PERF-005-CAND-0016.wav,IOI tertile + onset-strength tertile; first event per recording uses START
PERF-005,17,MEDIUM_WEAK,MEDIUM,WEAK,13.978413,0.5688890000000004,0.017621,PERF-005-CAND-0017,PERF-005_event_0017_PERF-005-CAND-0017.wav,C:\Users\vonje\Documents\4th Year Acts\Thesis\Latest Requirements\Thesis App\data_pipeline\data\event_review\candidate_event_clips\PERF-005\PERF-005_event_0017_PERF-005-CAND-0017.wav,IOI tertile + onset-strength tertile; first event per recording uses START
PERF-005,18,LONG_WEAK,LONG,WEAK,15.13941,1.160997,0.012881,PERF-005-CAND-0018,PERF-005_event_0018_PERF-005-CAND-0018.wav,C:\Users\vonje\Documents\4th Year Acts\Thesis\Latest Requirements\Thesis App\data_pipeline\data\event_review\candidate_event_clips\PERF-005\PERF-005_event_0018_PERF-005-CAND-0018.wav,IOI tertile + onset-strength tertile; first event per recording uses START
PERF-005,19,LONG_WEAK,LONG,WEAK,16.335238,1.1958280000000006,0.011844,PERF-005-CAND-0019,PERF-005_event_0019_PERF-005-CAND-0019.wav,C:\Users\vonje\Documents\4th Year Acts\Thesis\Latest Requirements\Thesis App\data_pipeline\data\event_review\candidate_event_clips\PERF-005\PERF-005_event_0019_PERF-005-CAND-0019.wav,IOI tertile + onset-strength tertile; first event per recording uses START
PERF-005,20,MEDIUM_WEAK,MEDIUM,WEAK,17.205986,0.870747999999999,0.026998,PERF-005-CAND-0020,PERF-005_event_0020_PERF-005-CAND-0020.wav,C:\Users\vonje\Documents\4th Year Acts\Thesis\Latest Requirements\Thesis App\data_pipeline\data\event_review\candidate_event_clips\PERF-005\PERF-005_event_0020_PERF-005-CAND-0020.wav,IOI tertile + onset-strength tertile; first event per recording uses START
PERF-005,21,MEDIUM_WEAK,MEDIUM,WEAK,17.798095,0.5921090000000007,0.019198,PERF-005-CAND-0021,PERF-005_event_0021_PERF-005-CAND-0021.wav,C:\Users\vonje\Documents\4th Year Acts\Thesis\Latest Requirements\Thesis App\data_pipeline\data\event_review\candidate_event_clips\PERF-005\PERF-005_event_0021_PERF-005-CAND-0021.wav,IOI tertile + onset-strength tertile; first event per recording uses START
PERF-005,22,MEDIUM_WEAK,MEDIUM,WEAK,18.680454,0.882359000000001,0.02523,PERF-005-CAND-0022,PERF-005_event_0022_PERF-005-CAND-0022.wav,C:\Users\vonje\Documents\4th Year Acts\Thesis\Latest Requirements\Thesis App\data_pipeline\data\event_review\candidate_event_clips\PERF-005\PERF-005_event_0022_PERF-005-CAND-0022.wav,IOI tertile + onset-strength tertile; first event per recording uses START
PERF-005,23,LONG_WEAK,LONG,WEAK,21.014059,2.3336049999999986,0.020267,PERF-005-CAND-0023,PERF-005_event_0023_PERF-005-CAND-0023.wav,C:\Users\vonje\Documents\4th Year Acts\Thesis\Latest Requirements\Thesis App\data_pipeline\data\event_review\candidate_event_clips\PERF-005\PERF-005_event_0023_PERF-005-CAND-0023.wav,IOI tertile + onset-strength tertile; first event per recording uses START
PERF-005,24,MEDIUM_WEAK,MEDIUM,WEAK,21.606168,0.5921090000000007,0.019337,PERF-005-CAND-0024,PERF-005_event_0024_PERF-005-CAND-0024.wav,C:\Users\vonje\Documents\4th Year Acts\Thesis\Latest Requirements\Thesis App\data_pipeline\data\event_review\candidate_event_clips\PERF-005\PERF-005_event_0024_PERF-005-CAND-0024.wav,IOI tertile + onset-strength tertile; first event per recording uses START
PERF-005,25,SHORT_MEDIUM,SHORT,MEDIUM,22.175057,0.5688889999999986,0.02785,PERF-005-CAND-0025,PERF-005_event_0025_PERF-005-CAND-0025.wav,C:\Users\vonje\Documents\4th Year Acts\Thesis\Latest Requirements\Thesis App\data_pipeline\data\event_review\candidate_event_clips\PERF-005\PERF-005_event_0025_PERF-005-CAND-0025.wav,IOI tertile + onset-strength tertile; first event per recording uses START
PERF-005,26,MEDIUM_WEAK,MEDIUM,WEAK,22.778776,0.6037190000000017,0.021791,PERF-005-CAND-0026,PERF-005_event_0026_PERF-005-CAND-0026.wav,C:\Users\vonje\Documents\4th Year Acts\Thesis\Latest Requirements\Thesis App\data_pipeline\data\event_review\candidate_event_clips\PERF-005\PERF-005_event_0026_PERF-005-CAND-0026.wav,IOI tertile + onset-strength tertile; first event per recording uses START
PERF-005,27,MEDIUM_MEDIUM,MEDIUM,MEDIUM,23.359274,0.5804979999999986,0.02926,PERF-005-CAND-0027,PERF-005_event_0027_PERF-005-CAND-0027.wav,C:\Users\vonje\Documents\4th Year Acts\Thesis\Latest Requirements\Thesis App\data_pipeline\data\event_review\candidate_event_clips\PERF-005\PERF-005_event_0027_PERF-005-CAND-0027.wav,IOI tertile + onset-strength tertile; first event per recording uses START
PERF-005,28,LONG_WEAK,LONG,WEAK,25.65805,2.298776,0.020405,PERF-005-CAND-0028,PERF-005_event_0028_PERF-005-CAND-0028.wav,C:\Users\vonje\Documents\4th Year Acts\Thesis\Latest Requirements\Thesis App\data_pipeline\data\event_review\candidate_event_clips\PERF-005\PERF-005_event_0028_PERF-005-CAND-0028.wav,IOI tertile + onset-strength tertile; first event per recording uses START
PERF-005,29,LONG_WEAK,LONG,WEAK,27.968435,2.310385,0.024019,PERF-005-CAND-0029,PERF-005_event_0029_PERF-005-CAND-0029.wav,C:\Users\vonje\Documents\4th Year Acts\Thesis\Latest Requirements\Thesis App\data_pipeline\data\event_review\candidate_event_clips\PERF-005\PERF-005_event_0029_PERF-005-CAND-0029.wav,IOI tertile + onset-strength tertile; first event per recording uses START
PERF-005,30,LONG_WEAK,LONG,WEAK,29.141043,1.1726080000000003,0.018501,PERF-005-CAND-0030,PERF-005_event_0030_PERF-005-CAND-0030.wav,C:\Users\vonje\Documents\4th Year Acts\Thesis\Latest Requirements\Thesis App\data_pipeline\data\event_review\candidate_event_clips\PERF-005\PERF-005_event_0030_PERF-005-CAND-0030.wav,IOI tertile + onset-strength tertile; first event per recording uses START
PERF-005,31,MEDIUM_WEAK,MEDIUM,WEAK,29.721542,0.5804989999999997,0.018181,PERF-005-CAND-0031,PERF-005_event_0031_PERF-005-CAND-0031.wav,C:\Users\vonje\Documents\4th Year Acts\Thesis\Latest Requirements\Thesis App\data_pipeline\data\event_review\candidate_event_clips\PERF-005\PERF-005_event_0031_PERF-005-CAND-0031.wav,IOI tertile + onset-strength tertile; first event per recording uses START
PERF-005,32,MEDIUM_MEDIUM,MEDIUM,MEDIUM,30.313651,0.5921090000000007,0.032466,PERF-005-CAND-0032,PERF-005_event_0032_PERF-005-CAND-0032.wav,C:\Users\vonje\Documents\4th Year Acts\Thesis\Latest Requirements\Thesis App\data_pipeline\data\event_review\candidate_event_clips\PERF-005\PERF-005_event_0032_PERF-005-CAND-0032.wav,IOI tertile + onset-strength tertile; first event per recording uses START
PERF-005,33,LONG_WEAK,LONG,WEAK,32.020317,1.7066659999999985,0.020543,PERF-005-CAND-0033,PERF-005_event_0033_PERF-005-CAND-0033.wav,C:\Users\vonje\Documents\4th Year Acts\Thesis\Latest Requirements\Thesis App\data_pipeline\data\event_review\candidate_event_clips\PERF-005\PERF-005_event_0033_PERF-005-CAND-0033.wav,IOI tertile + onset-strength tertile; first event per recording uses START
PERF-005,34,MEDIUM_WEAK,MEDIUM,WEAK,32.600816,0.5804990000000032,0.026624,PERF-005-CAND-0034,PERF-005_event_0034_PERF-005-CAND-0034.wav,C:\Users\vonje\Documents\4th Year Acts\Thesis\Latest Requirements\Thesis App\data_pipeline\data\event_review\candidate_event_clips\PERF-005\PERF-005_event_0034_PERF-005-CAND-0034.wav,IOI tertile + onset-strength tertile; first event per recording uses START
PERF-005,35,MEDIUM_WEAK,MEDIUM,WEAK,33.738594,1.1377779999999973,0.016254,PERF-005-CAND-0035,PERF-005_event_0035_PERF-005-CAND-0035.wav,C:\Users\vonje\Documents\4th Year Acts\Thesis\Latest Requirements\Thesis App\data_pipeline\data\event_review\candidate_event_clips\PERF-005\PERF-005_event_0035_PERF-005-CAND-0035.wav,IOI tertile + onset-strength tertile; first event per recording uses START
PERF-005,36,MEDIUM_WEAK,MEDIUM,WEAK,34.319093,0.5804990000000032,0.017081,PERF-005-CAND-0036,PERF-005_event_0036_PERF-005-CAND-0036.wav,C:\Users\vonje\Documents\4th Year Acts\Thesis\Latest Requirements\Thesis App\data_pipeline\data\event_review\candidate_event_clips\PERF-005\PERF-005_event_0036_PERF-005-CAND-0036.wav,IOI tertile + onset-strength tertile; first event per recording uses START
PERF-005,37,MEDIUM_WEAK,MEDIUM,WEAK,34.911202,0.5921090000000007,0.026826,PERF-005-CAND-0037,PERF-005_event_0037_PERF-005-CAND-0037.wav,C:\Users\vonje\Documents\4th Year Acts\Thesis\Latest Requirements\Thesis App\data_pipeline\data\event_review\candidate_event_clips\PERF-005\PERF-005_event_0037_PERF-005-CAND-0037.wav,IOI tertile + onset-strength tertile; first event per recording uses START
PERF-005,38,LONG_WEAK,LONG,WEAK,36.629478,1.718275999999996,0.015462,PERF-005-CAND-0038,PERF-005_event_0038_PERF-005-CAND-0038.wav,C:\Users\vonje\Documents\4th Year Acts\Thesis\Latest Requirements\Thesis App\data_pipeline\data\event_review\candidate_event_clips\PERF-005\PERF-005_event_0038_PERF-005-CAND-0038.wav,IOI tertile + onset-strength tertile; first event per recording uses START
PERF-005,39,SHORT_WEAK,SHORT,WEAK,37.198367,0.5688889999999986,0.016462,PERF-005-CAND-0039,PERF-005_event_0039_PERF-005-CAND-0039.wav,C:\Users\vonje\Documents\4th Year Acts\Thesis\Latest Requirements\Thesis App\data_pipeline\data\event_review\candidate_event_clips\PERF-005\PERF-005_event_0039_PERF-005-CAND-0039.wav,IOI tertile + onset-strength tertile; first event per recording uses START
PERF-005,40,MEDIUM_WEAK,MEDIUM,WEAK,38.336145,1.1377780000000044,0.013406,PERF-005-CAND-0040,PERF-005_event_0040_PERF-005-CAND-0040.wav,C:\Users\vonje\Documents\4th Year Acts\Thesis\Latest Requirements\Thesis App\data_pipeline\data\event_review\candidate_event_clips\PERF-005\PERF-005_event_0040_PERF-005-CAND-0040.wav,IOI tertile + onset-strength tertile; first event per recording uses START
PERF-005,41,LONG_WEAK,LONG,WEAK,39.531973,1.1958279999999988,0.02042,PERF-005-CAND-0041,PERF-005_event_0041_PERF-005-CAND-0041.wav,C:\Users\vonje\Documents\4th Year Acts\Thesis\Latest Requirements\Thesis App\data_pipeline\data\event_review\candidate_event_clips\PERF-005\PERF-005_event_0041_PERF-005-CAND-0041.wav,IOI tertile + onset-strength tertile; first event per recording uses START
PERF-005,42,MEDIUM_WEAK,MEDIUM,WEAK,40.414331,0.8823579999999964,0.026256,PERF-005-CAND-0042,PERF-005_event_0042_PERF-005-CAND-0042.wav,C:\Users\vonje\Documents\4th Year Acts\Thesis\Latest Requirements\Thesis App\data_pipeline\data\event_review\candidate_event_clips\PERF-005\PERF-005_event_0042_PERF-005-CAND-0042.wav,IOI tertile + onset-strength tertile; first event per recording uses START
PERF-005,43,LONG_WEAK,LONG,WEAK,41.842358,1.4280270000000002,0.015707,PERF-005-CAND-0043,PERF-005_event_0043_PERF-005-CAND-0043.wav,C:\Users\vonje\Documents\4th Year Acts\Thesis\Latest Requirements\Thesis App\data_pipeline\data\event_review\candidate_event_clips\PERF-005\PERF-005_event_0043_PERF-005-CAND-0043.wav,IOI tertile + onset-strength tertile; first event per recording uses START
PERF-005,44,LONG_WEAK,LONG,WEAK,43.572245,1.729887000000005,0.017745,PERF-005-CAND-0044,PERF-005_event_0044_PERF-005-CAND-0044.wav,C:\Users\vonje\Documents\4th Year Acts\Thesis\Latest Requirements\Thesis App\data_pipeline\data\event_review\candidate_event_clips\PERF-005\PERF-005_event_0044_PERF-005-CAND-0044.wav,IOI tertile + onset-strength tertile; first event per recording uses START
PERF-005,45,SHORT_WEAK,SHORT,WEAK,44.129524,0.5572790000000012,0.022782,PERF-005-CAND-0045,PERF-005_event_0045_PERF-005-CAND-0045.wav,C:\Users\vonje\Documents\4th Year Acts\Thesis\Latest Requirements\Thesis App\data_pipeline\data\event_review\candidate_event_clips\PERF-005\PERF-005_event_0045_PERF-005-CAND-0045.wav,IOI tertile + onset-strength tertile; first event per recording uses START
PERF-005,46,LONG_WEAK,LONG,WEAK,45.302132,1.1726079999999968,0.023992,PERF-005-CAND-0046,PERF-005_event_0046_PERF-005-CAND-0046.wav,C:\Users\vonje\Documents\4th Year Acts\Thesis\Latest Requirements\Thesis App\data_pipeline\data\event_review\candidate_event_clips\PERF-005\PERF-005_event_0046_PERF-005-CAND-0046.wav,IOI tertile + onset-strength tertile; first event per recording uses START
PERF-005,47,SHORT_WEAK,SHORT,WEAK,45.87102,0.5688880000000012,0.016251,PERF-005-CAND-0047,PERF-005_event_0047_PERF-005-CAND-0047.wav,C:\Users\vonje\Documents\4th Year Acts\Thesis\Latest Requirements\Thesis App\data_pipeline\data\event_review\candidate_event_clips\PERF-005\PERF-005_event_0047_PERF-005-CAND-0047.wav,IOI tertile + onset-strength tertile; first event per recording uses START
PERF-005,48,SHORT_WEAK,SHORT,WEAK,46.439909,0.5688889999999986,0.015501,PERF-005-CAND-0048,PERF-005_event_0048_PERF-005-CAND-0048.wav,C:\Users\vonje\Documents\4th Year Acts\Thesis\Latest Requirements\Thesis App\data_pipeline\data\event_review\candidate_event_clips\PERF-005\PERF-005_event_0048_PERF-005-CAND-0048.wav,IOI tertile + onset-strength tertile; first event per recording uses START
PERF-005,49,LONG_WEAK,LONG,WEAK,48.738685,2.2987759999999966,0.017762,PERF-005-CAND-0049,PERF-005_event_0049_PERF-005-CAND-0049.wav,C:\Users\vonje\Documents\4th Year Acts\Thesis\Latest Requirements\Thesis App\data_pipeline\data\event_review\candidate_event_clips\PERF-005\PERF-005_event_0049_PERF-005-CAND-0049.wav,IOI tertile + onset-strength tertile; first event per recording uses START
PERF-005,50,LONG_WEAK,LONG,WEAK,49.899683,1.1609980000000064,0.018168,PERF-005-CAND-0050,PERF-005_event_0050_PERF-005-CAND-0050.wav,C:\Users\vonje\Documents\4th Year Acts\Thesis\Latest Requirements\Thesis App\data_pipeline\data\event_review\candidate_event_clips\PERF-005\PERF-005_event_0050_PERF-005-CAND-0050.wav,IOI tertile + onset-strength tertile; first event per recording uses START
PERF-005,51,MEDIUM_WEAK,MEDIUM,WEAK,50.480181,0.5804979999999986,0.019752,PERF-005-CAND-0051,PERF-005_event_0051_PERF-005-CAND-0051.wav,C:\Users\vonje\Documents\4th Year Acts\Thesis\Latest Requirements\Thesis App\data_pipeline\data\event_review\candidate_event_clips\PERF-005\PERF-005_event_0051_PERF-005-CAND-0051.wav,IOI tertile + onset-strength tertile; first event per recording uses START
PERF-005,52,MEDIUM_WEAK,MEDIUM,WEAK,51.06068,0.5804989999999961,0.01954,PERF-005-CAND-0052,PERF-005_event_0052_PERF-005-CAND-0052.wav,C:\Users\vonje\Documents\4th Year Acts\Thesis\Latest Requirements\Thesis App\data_pipeline\data\event_review\candidate_event_clips\PERF-005\PERF-005_event_0052_PERF-005-CAND-0052.wav,IOI tertile + onset-strength tertile; first event per recording uses START
PERF-005,53,LONG_WEAK,LONG,WEAK,57.980227,6.9195470000000014,0.018631,PERF-005-CAND-0053,PERF-005_event_0053_PERF-005-CAND-0053.wav,C:\Users\vonje\Documents\4th Year Acts\Thesis\Latest Requirements\Thesis App\data_pipeline\data\event_review\candidate_event_clips\PERF-005\PERF-005_event_0053_PERF-005-CAND-0053.wav,IOI tertile + onset-strength tertile; first event per recording uses START
PERF-005,54,MEDIUM_WEAK,MEDIUM,WEAK,58.595556,0.6153290000000027,0.025543,PERF-005-CAND-0054,PERF-005_event_0054_PERF-005-CAND-0054.wav,C:\Users\vonje\Documents\4th Year Acts\Thesis\Latest Requirements\Thesis App\data_pipeline\data\event_review\candidate_event_clips\PERF-005\PERF-005_event_0054_PERF-005-CAND-0054.wav,IOI tertile + onset-strength tertile; first event per recording uses START
PERF-005,55,SHORT_WEAK,SHORT,WEAK,59.164444,0.5688880000000012,0.01742,PERF-005-CAND-0055,PERF-005_event_0055_PERF-005-CAND-0055.wav,C:\Users\vonje\Documents\4th Year Acts\Thesis\Latest Requirements\Thesis App\data_pipeline\data\event_review\candidate_event_clips\PERF-005\PERF-005_event_0055_PERF-005-CAND-0055.wav,IOI tertile + onset-strength tertile; first event per recording uses START
PERF-005,56,LONG_WEAK,LONG,WEAK,62.090159,2.9257149999999967,0.016795,PERF-005-CAND-0056,PERF-005_event_0056_PERF-005-CAND-0056.wav,C:\Users\vonje\Documents\4th Year Acts\Thesis\Latest Requirements\Thesis App\data_pipeline\data\event_review\candidate_event_clips\PERF-005\PERF-005_event_0056_PERF-005-CAND-0056.wav,IOI tertile + onset-strength tertile; first event per recording uses START
PERF-005,57,SHORT_WEAK,SHORT,WEAK,62.659048,0.5688889999999986,0.011982,PERF-005-CAND-0057,PERF-005_event_0057_PERF-005-CAND-0057.wav,C:\Users\vonje\Documents\4th Year Acts\Thesis\Latest Requirements\Thesis App\data_pipeline\data\event_review\candidate_event_clips\PERF-005\PERF-005_event_0057_PERF-005-CAND-0057.wav,IOI tertile + onset-strength tertile; first event per recording uses START
PERF-005,58,MEDIUM_WEAK,MEDIUM,WEAK,63.541406,0.8823580000000035,0.020328,PERF-005-CAND-0058,PERF-005_event_0058_PERF-005-CAND-0058.wav,C:\Users\vonje\Documents\4th Year Acts\Thesis\Latest Requirements\Thesis App\data_pipeline\data\event_review\candidate_event_clips\PERF-005\PERF-005_event_0058_PERF-005-CAND-0058.wav,IOI tertile + onset-strength tertile; first event per recording uses START
PERF-005,59,MEDIUM_WEAK,MEDIUM,WEAK,64.412154,0.870747999999999,0.022833,PERF-005-CAND-0059,PERF-005_event_0059_PERF-005-CAND-0059.wav,C:\Users\vonje\Documents\4th Year Acts\Thesis\Latest Requirements\Thesis App\data_pipeline\data\event_review\candidate_event_clips\PERF-005\PERF-005_event_0059_PERF-005-CAND-0059.wav,IOI tertile + onset-strength tertile; first event per recording uses START
PERF-005,60,MEDIUM_WEAK,MEDIUM,WEAK,65.294512,0.8823579999999964,0.018641,PERF-005-CAND-0060,PERF-005_event_0060_PERF-005-CAND-0060.wav,C:\Users\vonje\Documents\4th Year Acts\Thesis\Latest Requirements\Thesis App\data_pipeline\data\event_review\candidate_event_clips\PERF-005\PERF-005_event_0060_PERF-005-CAND-0060.wav,IOI tertile + onset-strength tertile; first event per recording uses START
PERF-005,61,LONG_WEAK,LONG,WEAK,66.74576,1.4512480000000068,0.026131,PERF-005-CAND-0061,PERF-005_event_0061_PERF-005-CAND-0061.wav,C:\Users\vonje\Documents\4th Year Acts\Thesis\Latest Requirements\Thesis App\data_pipeline\data\event_review\candidate_event_clips\PERF-005\PERF-005_event_0061_PERF-005-CAND-0061.wav,IOI tertile + onset-strength tertile; first event per recording uses START
PERF-005,62,LONG_WEAK,LONG,WEAK,69.032925,2.2871650000000017,0.021817,PERF-005-CAND-0062,PERF-005_event_0062_PERF-005-CAND-0062.wav,C:\Users\vonje\Documents\4th Year Acts\Thesis\Latest Requirements\Thesis App\data_pipeline\data\event_review\candidate_event_clips\PERF-005\PERF-005_event_0062_PERF-005-CAND-0062.wav,IOI tertile + onset-strength tertile; first event per recording uses START
PERF-005,63,LONG_WEAK,LONG,WEAK,73.653696,4.620770999999991,0.014154,PERF-005-CAND-0063,PERF-005_event_0063_PERF-005-CAND-0063.wav,C:\Users\vonje\Documents\4th Year Acts\Thesis\Latest Requirements\Thesis App\data_pipeline\data\event_review\candidate_event_clips\PERF-005\PERF-005_event_0063_PERF-005-CAND-0063.wav,IOI tertile + onset-strength tertile; first event per recording uses START
PERF-005,64,MEDIUM_MEDIUM,MEDIUM,MEDIUM,74.559274,0.9055780000000055,0.031041,PERF-005-CAND-0064,PERF-005_event_0064_PERF-005-CAND-0064.wav,C:\Users\vonje\Documents\4th Year Acts\Thesis\Latest Requirements\Thesis App\data_pipeline\data\event_review\candidate_event_clips\PERF-005\PERF-005_event_0064_PERF-005-CAND-0064.wav,IOI tertile + onset-strength tertile; first event per recording uses START
