candidate_event_id,group_id,working_filename,working_path,event_index,onset_seconds,ioi_seconds,onset_frame,onset_strength_norm,candidate_status,event_token,keep_event,review_notes
PERF-001-CAND-0001,PERF-001,PERF-001_SDNG_SNDG_Gangsa_ENSEMBLE01.wav,C:\Users\vonje\Documents\4th Year Acts\Thesis\Latest Requirements\Thesis App\data_pipeline\data\working_audio\ensembles\PERF-001_SDNG_SNDG_Gangsa_ENSEMBLE01.wav,1,0.476009,,41,0.010559,pending_review,,,
PERF-001-CAND-0002,PERF-001,PERF-001_SDNG_SNDG_Gangsa_ENSEMBLE01.wav,C:\Users\vonje\Documents\4th Year Acts\Thesis\Latest Requirements\Thesis App\data_pipeline\data\working_audio\ensembles\PERF-001_SDNG_SNDG_Gangsa_ENSEMBLE01.wav,2,2.693515,2.217506,232,0.036993,pending_review,,,
PERF-001-CAND-0003,PERF-001,PERF-001_SDNG_SNDG_Gangsa_ENSEMBLE01.wav,C:\Users\vonje\Documents\4th Year Acts\Thesis\Latest Requirements\Thesis App\data_pipeline\data\working_audio\ensembles\PERF-001_SDNG_SNDG_Gangsa_ENSEMBLE01.wav,3,3.239184,0.545669,279,0.045541,pending_review,,,
PERF-001-CAND-0004,PERF-001,PERF-001_SDNG_SNDG_Gangsa_ENSEMBLE01.wav,C:\Users\vonje\Documents\4th Year Acts\Thesis\Latest Requirements\Thesis App\data_pipeline\data\working_audio\ensembles\PERF-001_SDNG_SNDG_Gangsa_ENSEMBLE01.wav,4,3.831293,0.592109,330,0.03071,pending_review,,,
PERF-001-CAND-0005,PERF-001,PERF-001_SDNG_SNDG_Gangsa_ENSEMBLE01.wav,C:\Users\vonje\Documents\4th Year Acts\Thesis\Latest Requirements\Thesis App\data_pipeline\data\working_audio\ensembles\PERF-001_SDNG_SNDG_Gangsa_ENSEMBLE01.wav,5,4.95746,1.126168,427,0.034913,pending_review,,,
PERF-001-CAND-0006,PERF-001,PERF-001_SDNG_SNDG_Gangsa_ENSEMBLE01.wav,C:\Users\vonje\Documents\4th Year Acts\Thesis\Latest Requirements\Thesis App\data_pipeline\data\working_audio\ensembles\PERF-001_SDNG_SNDG_Gangsa_ENSEMBLE01.wav,6,5.514739,0.557279,475,0.043318,pending_review,,,
PERF-001-CAND-0007,PERF-001,PERF-001_SDNG_SNDG_Gangsa_ENSEMBLE01.wav,C:\Users\vonje\Documents\4th Year Acts\Thesis\Latest Requirements\Thesis App\data_pipeline\data\working_audio\ensembles\PERF-001_SDNG_SNDG_Gangsa_ENSEMBLE01.wav,7,6.664127,1.149388,574,0.038952,pending_review,,,
PERF-001-CAND-0008,PERF-001,PERF-001_SDNG_SNDG_Gangsa_ENSEMBLE01.wav,C:\Users\vonje\Documents\4th Year Acts\Thesis\Latest Requirements\Thesis App\data_pipeline\data\working_audio\ensembles\PERF-001_SDNG_SNDG_Gangsa_ENSEMBLE01.wav,8,7.233016,0.568889,623,0.046013,pending_review,,,
PERF-001-CAND-0009,PERF-001,PERF-001_SDNG_SNDG_Gangsa_ENSEMBLE01.wav,C:\Users\vonje\Documents\4th Year Acts\Thesis\Latest Requirements\Thesis App\data_pipeline\data\working_audio\ensembles\PERF-001_SDNG_SNDG_Gangsa_ENSEMBLE01.wav,9,7.813515,0.580499,673,0.045462,pending_review,,,
PERF-001-CAND-0010,PERF-001,PERF-001_SDNG_SNDG_Gangsa_ENSEMBLE01.wav,C:\Users\vonje\Documents\4th Year Acts\Thesis\Latest Requirements\Thesis App\data_pipeline\data\working_audio\ensembles\PERF-001_SDNG_SNDG_Gangsa_ENSEMBLE01.wav,10,8.370794,0.557279,721,0.025006,pending_review,,,
PERF-001-CAND-0011,PERF-001,PERF-001_SDNG_SNDG_Gangsa_ENSEMBLE01.wav,C:\Users\vonje\Documents\4th Year Acts\Thesis\Latest Requirements\Thesis App\data_pipeline\data\working_audio\ensembles\PERF-001_SDNG_SNDG_Gangsa_ENSEMBLE01.wav,11,9.508571,1.137778,819,0.042753,pending_review,,,
PERF-001-CAND-0012,PERF-001,PERF-001_SDNG_SNDG_Gangsa_ENSEMBLE01.wav,C:\Users\vonje\Documents\4th Year Acts\Thesis\Latest Requirements\Thesis App\data_pipeline\data\working_audio\ensembles\PERF-001_SDNG_SNDG_Gangsa_ENSEMBLE01.wav,12,10.669569,1.160998,919,0.034404,pending_review,,,
PERF-001-CAND-0013,PERF-001,PERF-001_SDNG_SNDG_Gangsa_ENSEMBLE01.wav,C:\Users\vonje\Documents\4th Year Acts\Thesis\Latest Requirements\Thesis App\data_pipeline\data\working_audio\ensembles\PERF-001_SDNG_SNDG_Gangsa_ENSEMBLE01.wav,13,11.226848,0.557279,967,0.03497,pending_review,,,
PERF-001-CAND-0014,PERF-001,PERF-001_SDNG_SNDG_Gangsa_ENSEMBLE01.wav,C:\Users\vonje\Documents\4th Year Acts\Thesis\Latest Requirements\Thesis App\data_pipeline\data\working_audio\ensembles\PERF-001_SDNG_SNDG_Gangsa_ENSEMBLE01.wav,14,12.376236,1.149388,1066,0.033526,pending_review,,,
PERF-001-CAND-0015,PERF-001,PERF-001_SDNG_SNDG_Gangsa_ENSEMBLE01.wav,C:\Users\vonje\Documents\4th Year Acts\Thesis\Latest Requirements\Thesis App\data_pipeline\data\working_audio\ensembles\PERF-001_SDNG_SNDG_Gangsa_ENSEMBLE01.wav,15,14.094512,1.718277,1214,0.043763,pending_review,,,
PERF-001-CAND-0016,PERF-001,PERF-001_SDNG_SNDG_Gangsa_ENSEMBLE01.wav,C:\Users\vonje\Documents\4th Year Acts\Thesis\Latest Requirements\Thesis App\data_pipeline\data\working_audio\ensembles\PERF-001_SDNG_SNDG_Gangsa_ENSEMBLE01.wav,16,15.2439,1.149388,1313,0.036653,pending_review,,,
PERF-001-CAND-0017,PERF-001,PERF-001_SDNG_SNDG_Gangsa_ENSEMBLE01.wav,C:\Users\vonje\Documents\4th Year Acts\Thesis\Latest Requirements\Thesis App\data_pipeline\data\working_audio\ensembles\PERF-001_SDNG_SNDG_Gangsa_ENSEMBLE01.wav,17,16.915737,1.671837,1457,0.033623,pending_review,,,
PERF-001-CAND-0018,PERF-001,PERF-001_SDNG_SNDG_Gangsa_ENSEMBLE01.wav,C:\Users\vonje\Documents\4th Year Acts\Thesis\Latest Requirements\Thesis App\data_pipeline\data\working_audio\ensembles\PERF-001_SDNG_SNDG_Gangsa_ENSEMBLE01.wav,18,17.531066,0.615329,1510,0.039418,pending_review,,,
PERF-001-CAND-0019,PERF-001,PERF-001_SDNG_SNDG_Gangsa_ENSEMBLE01.wav,C:\Users\vonje\Documents\4th Year Acts\Thesis\Latest Requirements\Thesis App\data_pipeline\data\working_audio\ensembles\PERF-001_SDNG_SNDG_Gangsa_ENSEMBLE01.wav,19,18.680454,1.149388,1609,0.031973,pending_review,,,
PERF-001-CAND-0020,PERF-001,PERF-001_SDNG_SNDG_Gangsa_ENSEMBLE01.wav,C:\Users\vonje\Documents\4th Year Acts\Thesis\Latest Requirements\Thesis App\data_pipeline\data\working_audio\ensembles\PERF-001_SDNG_SNDG_Gangsa_ENSEMBLE01.wav,20,19.249342,0.568889,1658,0.040982,pending_review,,,
PERF-001-CAND-0021,PERF-001,PERF-001_SDNG_SNDG_Gangsa_ENSEMBLE01.wav,C:\Users\vonje\Documents\4th Year Acts\Thesis\Latest Requirements\Thesis App\data_pipeline\data\working_audio\ensembles\PERF-001_SDNG_SNDG_Gangsa_ENSEMBLE01.wav,21,20.967619,1.718277,1806,0.031662,pending_review,,,
PERF-001-CAND-0022,PERF-001,PERF-001_SDNG_SNDG_Gangsa_ENSEMBLE01.wav,C:\Users\vonje\Documents\4th Year Acts\Thesis\Latest Requirements\Thesis App\data_pipeline\data\working_audio\ensembles\PERF-001_SDNG_SNDG_Gangsa_ENSEMBLE01.wav,22,22.117007,1.149388,1905,0.049004,pending_review,,,
PERF-001-CAND-0023,PERF-001,PERF-001_SDNG_SNDG_Gangsa_ENSEMBLE01.wav,C:\Users\vonje\Documents\4th Year Acts\Thesis\Latest Requirements\Thesis App\data_pipeline\data\working_audio\ensembles\PERF-001_SDNG_SNDG_Gangsa_ENSEMBLE01.wav,23,22.709116,0.592109,1956,0.051565,pending_review,,,
PERF-001-CAND-0024,PERF-001,PERF-001_SDNG_SNDG_Gangsa_ENSEMBLE01.wav,C:\Users\vonje\Documents\4th Year Acts\Thesis\Latest Requirements\Thesis App\data_pipeline\data\working_audio\ensembles\PERF-001_SDNG_SNDG_Gangsa_ENSEMBLE01.wav,24,23.870113,1.160998,2056,0.035092,pending_review,,,
PERF-001-CAND-0025,PERF-001,PERF-001_SDNG_SNDG_Gangsa_ENSEMBLE01.wav,C:\Users\vonje\Documents\4th Year Acts\Thesis\Latest Requirements\Thesis App\data_pipeline\data\working_audio\ensembles\PERF-001_SDNG_SNDG_Gangsa_ENSEMBLE01.wav,25,26.737778,2.867664,2303,0.034998,pending_review,,,
PERF-001-CAND-0026,PERF-001,PERF-001_SDNG_SNDG_Gangsa_ENSEMBLE01.wav,C:\Users\vonje\Documents\4th Year Acts\Thesis\Latest Requirements\Thesis App\data_pipeline\data\working_audio\ensembles\PERF-001_SDNG_SNDG_Gangsa_ENSEMBLE01.wav,26,29.059773,2.321995,2503,0.037577,pending_review,,,
PERF-001-CAND-0027,PERF-001,PERF-001_SDNG_SNDG_Gangsa_ENSEMBLE01.wav,C:\Users\vonje\Documents\4th Year Acts\Thesis\Latest Requirements\Thesis App\data_pipeline\data\working_audio\ensembles\PERF-001_SDNG_SNDG_Gangsa_ENSEMBLE01.wav,27,30.78966,1.729887,2652,0.033429,pending_review,,,
PERF-001-CAND-0028,PERF-001,PERF-001_SDNG_SNDG_Gangsa_ENSEMBLE01.wav,C:\Users\vonje\Documents\4th Year Acts\Thesis\Latest Requirements\Thesis App\data_pipeline\data\working_audio\ensembles\PERF-001_SDNG_SNDG_Gangsa_ENSEMBLE01.wav,28,31.950658,1.160998,2752,0.029534,pending_review,,,
PERF-001-CAND-0029,PERF-001,PERF-001_SDNG_SNDG_Gangsa_ENSEMBLE01.wav,C:\Users\vonje\Documents\4th Year Acts\Thesis\Latest Requirements\Thesis App\data_pipeline\data\working_audio\ensembles\PERF-001_SDNG_SNDG_Gangsa_ENSEMBLE01.wav,29,33.680544,1.729887,2901,0.047152,pending_review,,,
PERF-001-CAND-0030,PERF-001,PERF-001_SDNG_SNDG_Gangsa_ENSEMBLE01.wav,C:\Users\vonje\Documents\4th Year Acts\Thesis\Latest Requirements\Thesis App\data_pipeline\data\working_audio\ensembles\PERF-001_SDNG_SNDG_Gangsa_ENSEMBLE01.wav,30,34.853152,1.172608,3002,0.040954,pending_review,,,
PERF-001-CAND-0031,PERF-001,PERF-001_SDNG_SNDG_Gangsa_ENSEMBLE01.wav,C:\Users\vonje\Documents\4th Year Acts\Thesis\Latest Requirements\Thesis App\data_pipeline\data\working_audio\ensembles\PERF-001_SDNG_SNDG_Gangsa_ENSEMBLE01.wav,31,38.289705,3.436553,3298,0.03012,pending_review,,,
PERF-001-CAND-0032,PERF-001,PERF-001_SDNG_SNDG_Gangsa_ENSEMBLE01.wav,C:\Users\vonje\Documents\4th Year Acts\Thesis\Latest Requirements\Thesis App\data_pipeline\data\working_audio\ensembles\PERF-001_SDNG_SNDG_Gangsa_ENSEMBLE01.wav,32,39.473923,1.184218,3400,0.020975,pending_review,,,
PERF-001-CAND-0033,PERF-001,PERF-001_SDNG_SNDG_Gangsa_ENSEMBLE01.wav,C:\Users\vonje\Documents\4th Year Acts\Thesis\Latest Requirements\Thesis App\data_pipeline\data\working_audio\ensembles\PERF-001_SDNG_SNDG_Gangsa_ENSEMBLE01.wav,33,39.740952,0.267029,3423,0.034789,pending_review,,,
PERF-001-CAND-0034,PERF-001,PERF-001_SDNG_SNDG_Gangsa_ENSEMBLE01.wav,C:\Users\vonje\Documents\4th Year Acts\Thesis\Latest Requirements\Thesis App\data_pipeline\data\working_audio\ensembles\PERF-001_SDNG_SNDG_Gangsa_ENSEMBLE01.wav,34,42.922086,3.181134,3697,0.031476,pending_review,,,
PERF-001-CAND-0035,PERF-001,PERF-001_SDNG_SNDG_Gangsa_ENSEMBLE01.wav,C:\Users\vonje\Documents\4th Year Acts\Thesis\Latest Requirements\Thesis App\data_pipeline\data\working_audio\ensembles\PERF-001_SDNG_SNDG_Gangsa_ENSEMBLE01.wav,35,43.525805,0.603719,3749,0.036568,pending_review,,,
PERF-001-CAND-0036,PERF-001,PERF-001_SDNG_SNDG_Gangsa_ENSEMBLE01.wav,C:\Users\vonje\Documents\4th Year Acts\Thesis\Latest Requirements\Thesis App\data_pipeline\data\working_audio\ensembles\PERF-001_SDNG_SNDG_Gangsa_ENSEMBLE01.wav,36,45.267302,1.741497,3899,0.036767,pending_review,,,
PERF-001-CAND-0037,PERF-001,PERF-001_SDNG_SNDG_Gangsa_ENSEMBLE01.wav,C:\Users\vonje\Documents\4th Year Acts\Thesis\Latest Requirements\Thesis App\data_pipeline\data\working_audio\ensembles\PERF-001_SDNG_SNDG_Gangsa_ENSEMBLE01.wav,37,45.8478,0.580499,3949,0.036645,pending_review,,,
PERF-001-CAND-0038,PERF-001,PERF-001_SDNG_SNDG_Gangsa_ENSEMBLE01.wav,C:\Users\vonje\Documents\4th Year Acts\Thesis\Latest Requirements\Thesis App\data_pipeline\data\working_audio\ensembles\PERF-001_SDNG_SNDG_Gangsa_ENSEMBLE01.wav,38,47.008798,1.160998,4049,0.029035,pending_review,,,
PERF-001-CAND-0039,PERF-001,PERF-001_SDNG_SNDG_Gangsa_ENSEMBLE01.wav,C:\Users\vonje\Documents\4th Year Acts\Thesis\Latest Requirements\Thesis App\data_pipeline\data\working_audio\ensembles\PERF-001_SDNG_SNDG_Gangsa_ENSEMBLE01.wav,39,47.577687,0.568889,4098,0.036495,pending_review,,,
PERF-001-CAND-0040,PERF-001,PERF-001_SDNG_SNDG_Gangsa_ENSEMBLE01.wav,C:\Users\vonje\Documents\4th Year Acts\Thesis\Latest Requirements\Thesis App\data_pipeline\data\working_audio\ensembles\PERF-001_SDNG_SNDG_Gangsa_ENSEMBLE01.wav,40,48.750295,1.172608,4199,0.024137,pending_review,,,
PERF-001-CAND-0041,PERF-001,PERF-001_SDNG_SNDG_Gangsa_ENSEMBLE01.wav,C:\Users\vonje\Documents\4th Year Acts\Thesis\Latest Requirements\Thesis App\data_pipeline\data\working_audio\ensembles\PERF-001_SDNG_SNDG_Gangsa_ENSEMBLE01.wav,41,49.330794,0.580499,4249,0.032194,pending_review,,,
PERF-001-CAND-0042,PERF-001,PERF-001_SDNG_SNDG_Gangsa_ENSEMBLE01.wav,C:\Users\vonje\Documents\4th Year Acts\Thesis\Latest Requirements\Thesis App\data_pipeline\data\working_audio\ensembles\PERF-001_SDNG_SNDG_Gangsa_ENSEMBLE01.wav,42,49.911293,0.580499,4299,0.053862,pending_review,,,
PERF-001-CAND-0043,PERF-001,PERF-001_SDNG_SNDG_Gangsa_ENSEMBLE01.wav,C:\Users\vonje\Documents\4th Year Acts\Thesis\Latest Requirements\Thesis App\data_pipeline\data\working_audio\ensembles\PERF-001_SDNG_SNDG_Gangsa_ENSEMBLE01.wav,43,51.07229,1.160998,4399,0.031481,pending_review,,,
PERF-001-CAND-0044,PERF-001,PERF-001_SDNG_SNDG_Gangsa_ENSEMBLE01.wav,C:\Users\vonje\Documents\4th Year Acts\Thesis\Latest Requirements\Thesis App\data_pipeline\data\working_audio\ensembles\PERF-001_SDNG_SNDG_Gangsa_ENSEMBLE01.wav,44,52.233288,1.160998,4499,0.037746,pending_review,,,
PERF-001-CAND-0045,PERF-001,PERF-001_SDNG_SNDG_Gangsa_ENSEMBLE01.wav,C:\Users\vonje\Documents\4th Year Acts\Thesis\Latest Requirements\Thesis App\data_pipeline\data\working_audio\ensembles\PERF-001_SDNG_SNDG_Gangsa_ENSEMBLE01.wav,45,52.825397,0.592109,4550,0.031905,pending_review,,,
PERF-001-CAND-0046,PERF-001,PERF-001_SDNG_SNDG_Gangsa_ENSEMBLE01.wav,C:\Users\vonje\Documents\4th Year Acts\Thesis\Latest Requirements\Thesis App\data_pipeline\data\working_audio\ensembles\PERF-001_SDNG_SNDG_Gangsa_ENSEMBLE01.wav,46,53.405896,0.580499,4600,0.033844,pending_review,,,
PERF-001-CAND-0047,PERF-001,PERF-001_SDNG_SNDG_Gangsa_ENSEMBLE01.wav,C:\Users\vonje\Documents\4th Year Acts\Thesis\Latest Requirements\Thesis App\data_pipeline\data\working_audio\ensembles\PERF-001_SDNG_SNDG_Gangsa_ENSEMBLE01.wav,47,53.998005,0.592109,4651,0.041809,pending_review,,,
PERF-001-CAND-0048,PERF-001,PERF-001_SDNG_SNDG_Gangsa_ENSEMBLE01.wav,C:\Users\vonje\Documents\4th Year Acts\Thesis\Latest Requirements\Thesis App\data_pipeline\data\working_audio\ensembles\PERF-001_SDNG_SNDG_Gangsa_ENSEMBLE01.wav,48,54.578503,0.580499,4701,0.034408,pending_review,,,
PERF-001-CAND-0049,PERF-001,PERF-001_SDNG_SNDG_Gangsa_ENSEMBLE01.wav,C:\Users\vonje\Documents\4th Year Acts\Thesis\Latest Requirements\Thesis App\data_pipeline\data\working_audio\ensembles\PERF-001_SDNG_SNDG_Gangsa_ENSEMBLE01.wav,49,55.727891,1.149388,4800,0.025462,pending_review,,,
PERF-001-CAND-0050,PERF-001,PERF-001_SDNG_SNDG_Gangsa_ENSEMBLE01.wav,C:\Users\vonje\Documents\4th Year Acts\Thesis\Latest Requirements\Thesis App\data_pipeline\data\working_audio\ensembles\PERF-001_SDNG_SNDG_Gangsa_ENSEMBLE01.wav,50,56.900499,1.172608,4901,0.026711,pending_review,,,
PERF-001-CAND-0051,PERF-001,PERF-001_SDNG_SNDG_Gangsa_ENSEMBLE01.wav,C:\Users\vonje\Documents\4th Year Acts\Thesis\Latest Requirements\Thesis App\data_pipeline\data\working_audio\ensembles\PERF-001_SDNG_SNDG_Gangsa_ENSEMBLE01.wav,51,58.073107,1.172608,5002,0.046346,pending_review,,,
PERF-001-CAND-0052,PERF-001,PERF-001_SDNG_SNDG_Gangsa_ENSEMBLE01.wav,C:\Users\vonje\Documents\4th Year Acts\Thesis\Latest Requirements\Thesis App\data_pipeline\data\working_audio\ensembles\PERF-001_SDNG_SNDG_Gangsa_ENSEMBLE01.wav,52,58.653605,0.580499,5052,0.025091,pending_review,,,
PERF-001-CAND-0053,PERF-001,PERF-001_SDNG_SNDG_Gangsa_ENSEMBLE01.wav,C:\Users\vonje\Documents\4th Year Acts\Thesis\Latest Requirements\Thesis App\data_pipeline\data\working_audio\ensembles\PERF-001_SDNG_SNDG_Gangsa_ENSEMBLE01.wav,53,59.210884,0.557279,5100,0.03994,pending_review,,,
PERF-001-CAND-0054,PERF-001,PERF-001_SDNG_SNDG_Gangsa_ENSEMBLE01.wav,C:\Users\vonje\Documents\4th Year Acts\Thesis\Latest Requirements\Thesis App\data_pipeline\data\working_audio\ensembles\PERF-001_SDNG_SNDG_Gangsa_ENSEMBLE01.wav,54,59.814603,0.603719,5152,0.035713,pending_review,,,
PERF-001-CAND-0055,PERF-001,PERF-001_SDNG_SNDG_Gangsa_ENSEMBLE01.wav,C:\Users\vonje\Documents\4th Year Acts\Thesis\Latest Requirements\Thesis App\data_pipeline\data\working_audio\ensembles\PERF-001_SDNG_SNDG_Gangsa_ENSEMBLE01.wav,55,60.383492,0.568889,5201,0.039988,pending_review,,,
PERF-001-CAND-0056,PERF-001,PERF-001_SDNG_SNDG_Gangsa_ENSEMBLE01.wav,C:\Users\vonje\Documents\4th Year Acts\Thesis\Latest Requirements\Thesis App\data_pipeline\data\working_audio\ensembles\PERF-001_SDNG_SNDG_Gangsa_ENSEMBLE01.wav,56,62.728707,2.345215,5403,0.048207,pending_review,,,
PERF-001-CAND-0057,PERF-001,PERF-001_SDNG_SNDG_Gangsa_ENSEMBLE01.wav,C:\Users\vonje\Documents\4th Year Acts\Thesis\Latest Requirements\Thesis App\data_pipeline\data\working_audio\ensembles\PERF-001_SDNG_SNDG_Gangsa_ENSEMBLE01.wav,57,63.320816,0.592109,5454,0.027727,pending_review,,,
PERF-001-CAND-0058,PERF-001,PERF-001_SDNG_SNDG_Gangsa_ENSEMBLE01.wav,C:\Users\vonje\Documents\4th Year Acts\Thesis\Latest Requirements\Thesis App\data_pipeline\data\working_audio\ensembles\PERF-001_SDNG_SNDG_Gangsa_ENSEMBLE01.wav,58,63.901315,0.580499,5504,0.039466,pending_review,,,
PERF-001-CAND-0059,PERF-001,PERF-001_SDNG_SNDG_Gangsa_ENSEMBLE01.wav,C:\Users\vonje\Documents\4th Year Acts\Thesis\Latest Requirements\Thesis App\data_pipeline\data\working_audio\ensembles\PERF-001_SDNG_SNDG_Gangsa_ENSEMBLE01.wav,59,64.493424,0.592109,5555,0.029092,pending_review,,,
PERF-001-CAND-0060,PERF-001,PERF-001_SDNG_SNDG_Gangsa_ENSEMBLE01.wav,C:\Users\vonje\Documents\4th Year Acts\Thesis\Latest Requirements\Thesis App\data_pipeline\data\working_audio\ensembles\PERF-001_SDNG_SNDG_Gangsa_ENSEMBLE01.wav,60,65.073923,0.580499,5605,0.036942,pending_review,,,
PERF-001-CAND-0061,PERF-001,PERF-001_SDNG_SNDG_Gangsa_ENSEMBLE01.wav,C:\Users\vonje\Documents\4th Year Acts\Thesis\Latest Requirements\Thesis App\data_pipeline\data\working_audio\ensembles\PERF-001_SDNG_SNDG_Gangsa_ENSEMBLE01.wav,61,65.352562,0.278639,5629,0.027023,pending_review,,,
PERF-001-CAND-0062,PERF-001,PERF-001_SDNG_SNDG_Gangsa_ENSEMBLE01.wav,C:\Users\vonje\Documents\4th Year Acts\Thesis\Latest Requirements\Thesis App\data_pipeline\data\working_audio\ensembles\PERF-001_SDNG_SNDG_Gangsa_ENSEMBLE01.wav,62,65.666032,0.313469,5656,0.025981,pending_review,,,
PERF-001-CAND-0063,PERF-001,PERF-001_SDNG_SNDG_Gangsa_ENSEMBLE01.wav,C:\Users\vonje\Documents\4th Year Acts\Thesis\Latest Requirements\Thesis App\data_pipeline\data\working_audio\ensembles\PERF-001_SDNG_SNDG_Gangsa_ENSEMBLE01.wav,63,66.211701,0.545669,5703,0.024923,pending_review,,,
PERF-001-CAND-0064,PERF-001,PERF-001_SDNG_SNDG_Gangsa_ENSEMBLE01.wav,C:\Users\vonje\Documents\4th Year Acts\Thesis\Latest Requirements\Thesis App\data_pipeline\data\working_audio\ensembles\PERF-001_SDNG_SNDG_Gangsa_ENSEMBLE01.wav,64,66.81542,0.603719,5755,0.032173,pending_review,,,
PERF-001-CAND-0065,PERF-001,PERF-001_SDNG_SNDG_Gangsa_ENSEMBLE01.wav,C:\Users\vonje\Documents\4th Year Acts\Thesis\Latest Requirements\Thesis App\data_pipeline\data\working_audio\ensembles\PERF-001_SDNG_SNDG_Gangsa_ENSEMBLE01.wav,65,68.603356,1.787937,5909,0.068857,pending_review,,,
PERF-001-CAND-0066,PERF-001,PERF-001_SDNG_SNDG_Gangsa_ENSEMBLE01.wav,C:\Users\vonje\Documents\4th Year Acts\Thesis\Latest Requirements\Thesis App\data_pipeline\data\working_audio\ensembles\PERF-001_SDNG_SNDG_Gangsa_ENSEMBLE01.wav,66,69.717914,1.114558,6005,0.040206,pending_review,,,
PERF-001-CAND-0067,PERF-001,PERF-001_SDNG_SNDG_Gangsa_ENSEMBLE01.wav,C:\Users\vonje\Documents\4th Year Acts\Thesis\Latest Requirements\Thesis App\data_pipeline\data\working_audio\ensembles\PERF-001_SDNG_SNDG_Gangsa_ENSEMBLE01.wav,67,70.333243,0.615329,6058,0.042359,pending_review,,,
PERF-001-CAND-0068,PERF-001,PERF-001_SDNG_SNDG_Gangsa_ENSEMBLE01.wav,C:\Users\vonje\Documents\4th Year Acts\Thesis\Latest Requirements\Thesis App\data_pipeline\data\working_audio\ensembles\PERF-001_SDNG_SNDG_Gangsa_ENSEMBLE01.wav,68,70.913741,0.580499,6108,0.044016,pending_review,,,
PERF-001-CAND-0069,PERF-001,PERF-001_SDNG_SNDG_Gangsa_ENSEMBLE01.wav,C:\Users\vonje\Documents\4th Year Acts\Thesis\Latest Requirements\Thesis App\data_pipeline\data\working_audio\ensembles\PERF-001_SDNG_SNDG_Gangsa_ENSEMBLE01.wav,69,72.086349,1.172608,6209,0.0328,pending_review,,,
PERF-001-CAND-0070,PERF-001,PERF-001_SDNG_SNDG_Gangsa_ENSEMBLE01.wav,C:\Users\vonje\Documents\4th Year Acts\Thesis\Latest Requirements\Thesis App\data_pipeline\data\working_audio\ensembles\PERF-001_SDNG_SNDG_Gangsa_ENSEMBLE01.wav,70,73.235737,1.149388,6308,0.04076,pending_review,,,
PERF-001-CAND-0071,PERF-001,PERF-001_SDNG_SNDG_Gangsa_ENSEMBLE01.wav,C:\Users\vonje\Documents\4th Year Acts\Thesis\Latest Requirements\Thesis App\data_pipeline\data\working_audio\ensembles\PERF-001_SDNG_SNDG_Gangsa_ENSEMBLE01.wav,71,75.592562,2.356825,6511,0.037825,pending_review,,,
PERF-001-CAND-0072,PERF-001,PERF-001_SDNG_SNDG_Gangsa_ENSEMBLE01.wav,C:\Users\vonje\Documents\4th Year Acts\Thesis\Latest Requirements\Thesis App\data_pipeline\data\working_audio\ensembles\PERF-001_SDNG_SNDG_Gangsa_ENSEMBLE01.wav,72,76.74195,1.149388,6610,0.041111,pending_review,,,
PERF-001-CAND-0073,PERF-001,PERF-001_SDNG_SNDG_Gangsa_ENSEMBLE01.wav,C:\Users\vonje\Documents\4th Year Acts\Thesis\Latest Requirements\Thesis App\data_pipeline\data\working_audio\ensembles\PERF-001_SDNG_SNDG_Gangsa_ENSEMBLE01.wav,73,77.926168,1.184218,6712,0.060561,pending_review,,,
PERF-001-CAND-0074,PERF-001,PERF-001_SDNG_SNDG_Gangsa_ENSEMBLE01.wav,C:\Users\vonje\Documents\4th Year Acts\Thesis\Latest Requirements\Thesis App\data_pipeline\data\working_audio\ensembles\PERF-001_SDNG_SNDG_Gangsa_ENSEMBLE01.wav,74,80.224943,2.298776,6910,0.029542,pending_review,,,
PERF-001-CAND-0075,PERF-001,PERF-001_SDNG_SNDG_Gangsa_ENSEMBLE01.wav,C:\Users\vonje\Documents\4th Year Acts\Thesis\Latest Requirements\Thesis App\data_pipeline\data\working_audio\ensembles\PERF-001_SDNG_SNDG_Gangsa_ENSEMBLE01.wav,75,81.385941,1.160998,7010,0.018331,pending_review,,,
PERF-001-CAND-0076,PERF-001,PERF-001_SDNG_SNDG_Gangsa_ENSEMBLE01.wav,C:\Users\vonje\Documents\4th Year Acts\Thesis\Latest Requirements\Thesis App\data_pipeline\data\working_audio\ensembles\PERF-001_SDNG_SNDG_Gangsa_ENSEMBLE01.wav,76,84.346485,2.960544,7265,0.040397,pending_review,,,
PERF-001-CAND-0077,PERF-001,PERF-001_SDNG_SNDG_Gangsa_ENSEMBLE01.wav,C:\Users\vonje\Documents\4th Year Acts\Thesis\Latest Requirements\Thesis App\data_pipeline\data\working_audio\ensembles\PERF-001_SDNG_SNDG_Gangsa_ENSEMBLE01.wav,77,85.507483,1.160998,7365,0.022584,pending_review,,,
PERF-001-CAND-0078,PERF-001,PERF-001_SDNG_SNDG_Gangsa_ENSEMBLE01.wav,C:\Users\vonje\Documents\4th Year Acts\Thesis\Latest Requirements\Thesis App\data_pipeline\data\working_audio\ensembles\PERF-001_SDNG_SNDG_Gangsa_ENSEMBLE01.wav,78,86.099592,0.592109,7416,0.036655,pending_review,,,
PERF-001-CAND-0079,PERF-001,PERF-001_SDNG_SNDG_Gangsa_ENSEMBLE01.wav,C:\Users\vonje\Documents\4th Year Acts\Thesis\Latest Requirements\Thesis App\data_pipeline\data\working_audio\ensembles\PERF-001_SDNG_SNDG_Gangsa_ENSEMBLE01.wav,79,87.24898,1.149388,7515,0.021718,pending_review,,,
PERF-001-CAND-0080,PERF-001,PERF-001_SDNG_SNDG_Gangsa_ENSEMBLE01.wav,C:\Users\vonje\Documents\4th Year Acts\Thesis\Latest Requirements\Thesis App\data_pipeline\data\working_audio\ensembles\PERF-001_SDNG_SNDG_Gangsa_ENSEMBLE01.wav,80,91.97424,4.725261,7922,0.050037,pending_review,,,
PERF-001-CAND-0081,PERF-001,PERF-001_SDNG_SNDG_Gangsa_ENSEMBLE01.wav,C:\Users\vonje\Documents\4th Year Acts\Thesis\Latest Requirements\Thesis App\data_pipeline\data\working_audio\ensembles\PERF-001_SDNG_SNDG_Gangsa_ENSEMBLE01.wav,81,93.123628,1.149388,8021,0.027455,pending_review,,,
PERF-001-CAND-0082,PERF-001,PERF-001_SDNG_SNDG_Gangsa_ENSEMBLE01.wav,C:\Users\vonje\Documents\4th Year Acts\Thesis\Latest Requirements\Thesis App\data_pipeline\data\working_audio\ensembles\PERF-001_SDNG_SNDG_Gangsa_ENSEMBLE01.wav,82,93.715737,0.592109,8072,0.032193,pending_review,,,
PERF-001-CAND-0083,PERF-001,PERF-001_SDNG_SNDG_Gangsa_ENSEMBLE01.wav,C:\Users\vonje\Documents\4th Year Acts\Thesis\Latest Requirements\Thesis App\data_pipeline\data\working_audio\ensembles\PERF-001_SDNG_SNDG_Gangsa_ENSEMBLE01.wav,83,94.319456,0.603719,8124,0.028172,pending_review,,,
PERF-001-CAND-0084,PERF-001,PERF-001_SDNG_SNDG_Gangsa_ENSEMBLE01.wav,C:\Users\vonje\Documents\4th Year Acts\Thesis\Latest Requirements\Thesis App\data_pipeline\data\working_audio\ensembles\PERF-001_SDNG_SNDG_Gangsa_ENSEMBLE01.wav,84,95.793923,1.474467,8251,0.038291,pending_review,,,
PERF-001-CAND-0085,PERF-001,PERF-001_SDNG_SNDG_Gangsa_ENSEMBLE01.wav,C:\Users\vonje\Documents\4th Year Acts\Thesis\Latest Requirements\Thesis App\data_pipeline\data\working_audio\ensembles\PERF-001_SDNG_SNDG_Gangsa_ENSEMBLE01.wav,85,96.653061,0.859138,8325,0.027349,pending_review,,,
PERF-001-CAND-0086,PERF-001,PERF-001_SDNG_SNDG_Gangsa_ENSEMBLE01.wav,C:\Users\vonje\Documents\4th Year Acts\Thesis\Latest Requirements\Thesis App\data_pipeline\data\working_audio\ensembles\PERF-001_SDNG_SNDG_Gangsa_ENSEMBLE01.wav,86,97.802449,1.149388,8424,0.031798,pending_review,,,
PERF-001-CAND-0087,PERF-001,PERF-001_SDNG_SNDG_Gangsa_ENSEMBLE01.wav,C:\Users\vonje\Documents\4th Year Acts\Thesis\Latest Requirements\Thesis App\data_pipeline\data\working_audio\ensembles\PERF-001_SDNG_SNDG_Gangsa_ENSEMBLE01.wav,87,99.021497,1.219048,8529,0.06017,pending_review,,,
PERF-001-CAND-0088,PERF-001,PERF-001_SDNG_SNDG_Gangsa_ENSEMBLE01.wav,C:\Users\vonje\Documents\4th Year Acts\Thesis\Latest Requirements\Thesis App\data_pipeline\data\working_audio\ensembles\PERF-001_SDNG_SNDG_Gangsa_ENSEMBLE01.wav,88,99.613605,0.592109,8580,0.040149,pending_review,,,
PERF-001-CAND-0089,PERF-001,PERF-001_SDNG_SNDG_Gangsa_ENSEMBLE01.wav,C:\Users\vonje\Documents\4th Year Acts\Thesis\Latest Requirements\Thesis App\data_pipeline\data\working_audio\ensembles\PERF-001_SDNG_SNDG_Gangsa_ENSEMBLE01.wav,89,100.786213,1.172608,8681,0.042719,pending_review,,,
PERF-001-CAND-0090,PERF-001,PERF-001_SDNG_SNDG_Gangsa_ENSEMBLE01.wav,C:\Users\vonje\Documents\4th Year Acts\Thesis\Latest Requirements\Thesis App\data_pipeline\data\working_audio\ensembles\PERF-001_SDNG_SNDG_Gangsa_ENSEMBLE01.wav,90,101.343492,0.557279,8729,0.032313,pending_review,,,
PERF-001-CAND-0091,PERF-001,PERF-001_SDNG_SNDG_Gangsa_ENSEMBLE01.wav,C:\Users\vonje\Documents\4th Year Acts\Thesis\Latest Requirements\Thesis App\data_pipeline\data\working_audio\ensembles\PERF-001_SDNG_SNDG_Gangsa_ENSEMBLE01.wav,91,103.711927,2.368435,8933,0.046642,pending_review,,,
PERF-001-CAND-0092,PERF-001,PERF-001_SDNG_SNDG_Gangsa_ENSEMBLE01.wav,C:\Users\vonje\Documents\4th Year Acts\Thesis\Latest Requirements\Thesis App\data_pipeline\data\working_audio\ensembles\PERF-001_SDNG_SNDG_Gangsa_ENSEMBLE01.wav,92,104.872925,1.160998,9033,0.037584,pending_review,,,
PERF-001-CAND-0093,PERF-001,PERF-001_SDNG_SNDG_Gangsa_ENSEMBLE01.wav,C:\Users\vonje\Documents\4th Year Acts\Thesis\Latest Requirements\Thesis App\data_pipeline\data\working_audio\ensembles\PERF-001_SDNG_SNDG_Gangsa_ENSEMBLE01.wav,93,105.465034,0.592109,9084,0.042161,pending_review,,,
PERF-001-CAND-0094,PERF-001,PERF-001_SDNG_SNDG_Gangsa_ENSEMBLE01.wav,C:\Users\vonje\Documents\4th Year Acts\Thesis\Latest Requirements\Thesis App\data_pipeline\data\working_audio\ensembles\PERF-001_SDNG_SNDG_Gangsa_ENSEMBLE01.wav,94,106.045533,0.580499,9134,0.025384,pending_review,,,
PERF-001-CAND-0095,PERF-001,PERF-001_SDNG_SNDG_Gangsa_ENSEMBLE01.wav,C:\Users\vonje\Documents\4th Year Acts\Thesis\Latest Requirements\Thesis App\data_pipeline\data\working_audio\ensembles\PERF-001_SDNG_SNDG_Gangsa_ENSEMBLE01.wav,95,107.241361,1.195828,9237,0.024073,pending_review,,,
PERF-001-CAND-0096,PERF-001,PERF-001_SDNG_SNDG_Gangsa_ENSEMBLE01.wav,C:\Users\vonje\Documents\4th Year Acts\Thesis\Latest Requirements\Thesis App\data_pipeline\data\working_audio\ensembles\PERF-001_SDNG_SNDG_Gangsa_ENSEMBLE01.wav,96,108.390748,1.149388,9336,0.02827,pending_review,,,
PERF-001-CAND-0097,PERF-001,PERF-001_SDNG_SNDG_Gangsa_ENSEMBLE01.wav,C:\Users\vonje\Documents\4th Year Acts\Thesis\Latest Requirements\Thesis App\data_pipeline\data\working_audio\ensembles\PERF-001_SDNG_SNDG_Gangsa_ENSEMBLE01.wav,97,111.931791,3.541043,9641,0.042812,pending_review,,,
PERF-001-CAND-0098,PERF-001,PERF-001_SDNG_SNDG_Gangsa_ENSEMBLE01.wav,C:\Users\vonje\Documents\4th Year Acts\Thesis\Latest Requirements\Thesis App\data_pipeline\data\working_audio\ensembles\PERF-001_SDNG_SNDG_Gangsa_ENSEMBLE01.wav,98,112.48907,0.557279,9689,0.034847,pending_review,,,
PERF-001-CAND-0099,PERF-001,PERF-001_SDNG_SNDG_Gangsa_ENSEMBLE01.wav,C:\Users\vonje\Documents\4th Year Acts\Thesis\Latest Requirements\Thesis App\data_pipeline\data\working_audio\ensembles\PERF-001_SDNG_SNDG_Gangsa_ENSEMBLE01.wav,99,113.116009,0.626939,9743,0.049785,pending_review,,,
PERF-001-CAND-0100,PERF-001,PERF-001_SDNG_SNDG_Gangsa_ENSEMBLE01.wav,C:\Users\vonje\Documents\4th Year Acts\Thesis\Latest Requirements\Thesis App\data_pipeline\data\working_audio\ensembles\PERF-001_SDNG_SNDG_Gangsa_ENSEMBLE01.wav,100,117.81805,4.702041,10148,0.037971,pending_review,,,
PERF-001-CAND-0101,PERF-001,PERF-001_SDNG_SNDG_Gangsa_ENSEMBLE01.wav,C:\Users\vonje\Documents\4th Year Acts\Thesis\Latest Requirements\Thesis App\data_pipeline\data\working_audio\ensembles\PERF-001_SDNG_SNDG_Gangsa_ENSEMBLE01.wav,101,119.002268,1.184218,10250,0.048416,pending_review,,,
PERF-001-CAND-0102,PERF-001,PERF-001_SDNG_SNDG_Gangsa_ENSEMBLE01.wav,C:\Users\vonje\Documents\4th Year Acts\Thesis\Latest Requirements\Thesis App\data_pipeline\data\working_audio\ensembles\PERF-001_SDNG_SNDG_Gangsa_ENSEMBLE01.wav,102,120.163265,1.160998,10350,0.045992,pending_review,,,
PERF-001-CAND-0103,PERF-001,PERF-001_SDNG_SNDG_Gangsa_ENSEMBLE01.wav,C:\Users\vonje\Documents\4th Year Acts\Thesis\Latest Requirements\Thesis App\data_pipeline\data\working_audio\ensembles\PERF-001_SDNG_SNDG_Gangsa_ENSEMBLE01.wav,103,120.766984,0.603719,10402,0.029954,pending_review,,,
PERF-001-CAND-0104,PERF-001,PERF-001_SDNG_SNDG_Gangsa_ENSEMBLE01.wav,C:\Users\vonje\Documents\4th Year Acts\Thesis\Latest Requirements\Thesis App\data_pipeline\data\working_audio\ensembles\PERF-001_SDNG_SNDG_Gangsa_ENSEMBLE01.wav,104,122.543311,1.776327,10555,0.057162,pending_review,,,
PERF-001-CAND-0105,PERF-001,PERF-001_SDNG_SNDG_Gangsa_ENSEMBLE01.wav,C:\Users\vonje\Documents\4th Year Acts\Thesis\Latest Requirements\Thesis App\data_pipeline\data\working_audio\ensembles\PERF-001_SDNG_SNDG_Gangsa_ENSEMBLE01.wav,105,123.12381,0.580499,10605,0.028314,pending_review,,,
PERF-001-CAND-0106,PERF-001,PERF-001_SDNG_SNDG_Gangsa_ENSEMBLE01.wav,C:\Users\vonje\Documents\4th Year Acts\Thesis\Latest Requirements\Thesis App\data_pipeline\data\working_audio\ensembles\PERF-001_SDNG_SNDG_Gangsa_ENSEMBLE01.wav,106,123.715918,0.592109,10656,0.044465,pending_review,,,
PERF-001-CAND-0107,PERF-001,PERF-001_SDNG_SNDG_Gangsa_ENSEMBLE01.wav,C:\Users\vonje\Documents\4th Year Acts\Thesis\Latest Requirements\Thesis App\data_pipeline\data\working_audio\ensembles\PERF-001_SDNG_SNDG_Gangsa_ENSEMBLE01.wav,107,124.284807,0.568889,10705,0.026209,pending_review,,,
PERF-001-CAND-0108,PERF-001,PERF-001_SDNG_SNDG_Gangsa_ENSEMBLE01.wav,C:\Users\vonje\Documents\4th Year Acts\Thesis\Latest Requirements\Thesis App\data_pipeline\data\working_audio\ensembles\PERF-001_SDNG_SNDG_Gangsa_ENSEMBLE01.wav,108,124.876916,0.592109,10756,0.052273,pending_review,,,
PERF-001-CAND-0109,PERF-001,PERF-001_SDNG_SNDG_Gangsa_ENSEMBLE01.wav,C:\Users\vonje\Documents\4th Year Acts\Thesis\Latest Requirements\Thesis App\data_pipeline\data\working_audio\ensembles\PERF-001_SDNG_SNDG_Gangsa_ENSEMBLE01.wav,109,126.061134,1.184218,10858,0.033783,pending_review,,,
PERF-001-CAND-0110,PERF-001,PERF-001_SDNG_SNDG_Gangsa_ENSEMBLE01.wav,C:\Users\vonje\Documents\4th Year Acts\Thesis\Latest Requirements\Thesis App\data_pipeline\data\working_audio\ensembles\PERF-001_SDNG_SNDG_Gangsa_ENSEMBLE01.wav,110,126.641633,0.580499,10908,0.032328,pending_review,,,
PERF-001-CAND-0111,PERF-001,PERF-001_SDNG_SNDG_Gangsa_ENSEMBLE01.wav,C:\Users\vonje\Documents\4th Year Acts\Thesis\Latest Requirements\Thesis App\data_pipeline\data\working_audio\ensembles\PERF-001_SDNG_SNDG_Gangsa_ENSEMBLE01.wav,111,127.256961,0.615329,10961,0.037872,pending_review,,,
PERF-001-CAND-0112,PERF-001,PERF-001_SDNG_SNDG_Gangsa_ENSEMBLE01.wav,C:\Users\vonje\Documents\4th Year Acts\Thesis\Latest Requirements\Thesis App\data_pipeline\data\working_audio\ensembles\PERF-001_SDNG_SNDG_Gangsa_ENSEMBLE01.wav,112,129.613787,2.356825,11164,0.024553,pending_review,,,
PERF-001-CAND-0113,PERF-001,PERF-001_SDNG_SNDG_Gangsa_ENSEMBLE01.wav,C:\Users\vonje\Documents\4th Year Acts\Thesis\Latest Requirements\Thesis App\data_pipeline\data\working_audio\ensembles\PERF-001_SDNG_SNDG_Gangsa_ENSEMBLE01.wav,113,130.798005,1.184218,11266,0.02718,pending_review,,,
PERF-001-CAND-0114,PERF-001,PERF-001_SDNG_SNDG_Gangsa_ENSEMBLE01.wav,C:\Users\vonje\Documents\4th Year Acts\Thesis\Latest Requirements\Thesis App\data_pipeline\data\working_audio\ensembles\PERF-001_SDNG_SNDG_Gangsa_ENSEMBLE01.wav,114,133.16644,2.368435,11470,0.048395,pending_review,,,
PERF-001-CAND-0115,PERF-001,PERF-001_SDNG_SNDG_Gangsa_ENSEMBLE01.wav,C:\Users\vonje\Documents\4th Year Acts\Thesis\Latest Requirements\Thesis App\data_pipeline\data\working_audio\ensembles\PERF-001_SDNG_SNDG_Gangsa_ENSEMBLE01.wav,115,135.500045,2.333605,11671,0.03679,pending_review,,,
PERF-001-CAND-0116,PERF-001,PERF-001_SDNG_SNDG_Gangsa_ENSEMBLE01.wav,C:\Users\vonje\Documents\4th Year Acts\Thesis\Latest Requirements\Thesis App\data_pipeline\data\working_audio\ensembles\PERF-001_SDNG_SNDG_Gangsa_ENSEMBLE01.wav,116,136.684263,1.184218,11773,0.033227,pending_review,,,
PERF-001-CAND-0117,PERF-001,PERF-001_SDNG_SNDG_Gangsa_ENSEMBLE01.wav,C:\Users\vonje\Documents\4th Year Acts\Thesis\Latest Requirements\Thesis App\data_pipeline\data\working_audio\ensembles\PERF-001_SDNG_SNDG_Gangsa_ENSEMBLE01.wav,117,139.041088,2.356825,11976,0.039327,pending_review,,,
PERF-001-CAND-0118,PERF-001,PERF-001_SDNG_SNDG_Gangsa_ENSEMBLE01.wav,C:\Users\vonje\Documents\4th Year Acts\Thesis\Latest Requirements\Thesis App\data_pipeline\data\working_audio\ensembles\PERF-001_SDNG_SNDG_Gangsa_ENSEMBLE01.wav,118,139.644807,0.603719,12028,0.033469,pending_review,,,
PERF-001-CAND-0119,PERF-001,PERF-001_SDNG_SNDG_Gangsa_ENSEMBLE01.wav,C:\Users\vonje\Documents\4th Year Acts\Thesis\Latest Requirements\Thesis App\data_pipeline\data\working_audio\ensembles\PERF-001_SDNG_SNDG_Gangsa_ENSEMBLE01.wav,119,141.421134,1.776327,12181,0.034861,pending_review,,,
PERF-001-CAND-0120,PERF-001,PERF-001_SDNG_SNDG_Gangsa_ENSEMBLE01.wav,C:\Users\vonje\Documents\4th Year Acts\Thesis\Latest Requirements\Thesis App\data_pipeline\data\working_audio\ensembles\PERF-001_SDNG_SNDG_Gangsa_ENSEMBLE01.wav,120,142.628571,1.207438,12285,0.039843,pending_review,,,
PERF-001-CAND-0121,PERF-001,PERF-001_SDNG_SNDG_Gangsa_ENSEMBLE01.wav,C:\Users\vonje\Documents\4th Year Acts\Thesis\Latest Requirements\Thesis App\data_pipeline\data\working_audio\ensembles\PERF-001_SDNG_SNDG_Gangsa_ENSEMBLE01.wav,121,143.812789,1.184218,12387,0.034905,pending_review,,,
PERF-001-CAND-0122,PERF-001,PERF-001_SDNG_SNDG_Gangsa_ENSEMBLE01.wav,C:\Users\vonje\Documents\4th Year Acts\Thesis\Latest Requirements\Thesis App\data_pipeline\data\working_audio\ensembles\PERF-001_SDNG_SNDG_Gangsa_ENSEMBLE01.wav,122,148.886349,5.07356,12824,0.051448,pending_review,,,
PERF-001-CAND-0123,PERF-001,PERF-001_SDNG_SNDG_Gangsa_ENSEMBLE01.wav,C:\Users\vonje\Documents\4th Year Acts\Thesis\Latest Requirements\Thesis App\data_pipeline\data\working_audio\ensembles\PERF-001_SDNG_SNDG_Gangsa_ENSEMBLE01.wav,123,149.490068,0.603719,12876,0.024541,pending_review,,,
PERF-001-CAND-0124,PERF-001,PERF-001_SDNG_SNDG_Gangsa_ENSEMBLE01.wav,C:\Users\vonje\Documents\4th Year Acts\Thesis\Latest Requirements\Thesis App\data_pipeline\data\working_audio\ensembles\PERF-001_SDNG_SNDG_Gangsa_ENSEMBLE01.wav,124,150.093787,0.603719,12928,0.036824,pending_review,,,
PERF-001-CAND-0125,PERF-001,PERF-001_SDNG_SNDG_Gangsa_ENSEMBLE01.wav,C:\Users\vonje\Documents\4th Year Acts\Thesis\Latest Requirements\Thesis App\data_pipeline\data\working_audio\ensembles\PERF-001_SDNG_SNDG_Gangsa_ENSEMBLE01.wav,125,150.720726,0.626939,12982,0.042815,pending_review,,,
PERF-001-CAND-0126,PERF-001,PERF-001_SDNG_SNDG_Gangsa_ENSEMBLE01.wav,C:\Users\vonje\Documents\4th Year Acts\Thesis\Latest Requirements\Thesis App\data_pipeline\data\working_audio\ensembles\PERF-001_SDNG_SNDG_Gangsa_ENSEMBLE01.wav,126,151.301224,0.580499,13032,0.045147,pending_review,,,
PERF-001-CAND-0127,PERF-001,PERF-001_SDNG_SNDG_Gangsa_ENSEMBLE01.wav,C:\Users\vonje\Documents\4th Year Acts\Thesis\Latest Requirements\Thesis App\data_pipeline\data\working_audio\ensembles\PERF-001_SDNG_SNDG_Gangsa_ENSEMBLE01.wav,127,151.904943,0.603719,13084,0.027733,pending_review,,,
PERF-001-CAND-0128,PERF-001,PERF-001_SDNG_SNDG_Gangsa_ENSEMBLE01.wav,C:\Users\vonje\Documents\4th Year Acts\Thesis\Latest Requirements\Thesis App\data_pipeline\data\working_audio\ensembles\PERF-001_SDNG_SNDG_Gangsa_ENSEMBLE01.wav,128,152.520272,0.615329,13137,0.044273,pending_review,,,
PERF-001-CAND-0129,PERF-001,PERF-001_SDNG_SNDG_Gangsa_ENSEMBLE01.wav,C:\Users\vonje\Documents\4th Year Acts\Thesis\Latest Requirements\Thesis App\data_pipeline\data\working_audio\ensembles\PERF-001_SDNG_SNDG_Gangsa_ENSEMBLE01.wav,129,153.147211,0.626939,13191,0.061264,pending_review,,,
PERF-001-CAND-0130,PERF-001,PERF-001_SDNG_SNDG_Gangsa_ENSEMBLE01.wav,C:\Users\vonje\Documents\4th Year Acts\Thesis\Latest Requirements\Thesis App\data_pipeline\data\working_audio\ensembles\PERF-001_SDNG_SNDG_Gangsa_ENSEMBLE01.wav,130,153.75093,0.603719,13243,0.066786,pending_review,,,
PERF-001-CAND-0131,PERF-001,PERF-001_SDNG_SNDG_Gangsa_ENSEMBLE01.wav,C:\Users\vonje\Documents\4th Year Acts\Thesis\Latest Requirements\Thesis App\data_pipeline\data\working_audio\ensembles\PERF-001_SDNG_SNDG_Gangsa_ENSEMBLE01.wav,131,154.946757,1.195828,13346,0.016012,pending_review,,,
PERF-001-CAND-0132,PERF-001,PERF-001_SDNG_SNDG_Gangsa_ENSEMBLE01.wav,C:\Users\vonje\Documents\4th Year Acts\Thesis\Latest Requirements\Thesis App\data_pipeline\data\working_audio\ensembles\PERF-001_SDNG_SNDG_Gangsa_ENSEMBLE01.wav,132,155.550476,0.603719,13398,0.042216,pending_review,,,
PERF-001-CAND-0133,PERF-001,PERF-001_SDNG_SNDG_Gangsa_ENSEMBLE01.wav,C:\Users\vonje\Documents\4th Year Acts\Thesis\Latest Requirements\Thesis App\data_pipeline\data\working_audio\ensembles\PERF-001_SDNG_SNDG_Gangsa_ENSEMBLE01.wav,133,156.165805,0.615329,13451,0.032848,pending_review,,,
PERF-001-CAND-0134,PERF-001,PERF-001_SDNG_SNDG_Gangsa_ENSEMBLE01.wav,C:\Users\vonje\Documents\4th Year Acts\Thesis\Latest Requirements\Thesis App\data_pipeline\data\working_audio\ensembles\PERF-001_SDNG_SNDG_Gangsa_ENSEMBLE01.wav,134,157.338413,1.172608,13552,0.039514,pending_review,,,
PERF-001-CAND-0135,PERF-001,PERF-001_SDNG_SNDG_Gangsa_ENSEMBLE01.wav,C:\Users\vonje\Documents\4th Year Acts\Thesis\Latest Requirements\Thesis App\data_pipeline\data\working_audio\ensembles\PERF-001_SDNG_SNDG_Gangsa_ENSEMBLE01.wav,135,157.965351,0.626939,13606,0.031356,pending_review,,,
PERF-001-CAND-0136,PERF-001,PERF-001_SDNG_SNDG_Gangsa_ENSEMBLE01.wav,C:\Users\vonje\Documents\4th Year Acts\Thesis\Latest Requirements\Thesis App\data_pipeline\data\working_audio\ensembles\PERF-001_SDNG_SNDG_Gangsa_ENSEMBLE01.wav,136,158.58068,0.615329,13659,0.037712,pending_review,,,
PERF-001-CAND-0137,PERF-001,PERF-001_SDNG_SNDG_Gangsa_ENSEMBLE01.wav,C:\Users\vonje\Documents\4th Year Acts\Thesis\Latest Requirements\Thesis App\data_pipeline\data\working_audio\ensembles\PERF-001_SDNG_SNDG_Gangsa_ENSEMBLE01.wav,137,160.368617,1.787937,13813,0.036983,pending_review,,,
PERF-001-CAND-0138,PERF-001,PERF-001_SDNG_SNDG_Gangsa_ENSEMBLE01.wav,C:\Users\vonje\Documents\4th Year Acts\Thesis\Latest Requirements\Thesis App\data_pipeline\data\working_audio\ensembles\PERF-001_SDNG_SNDG_Gangsa_ENSEMBLE01.wav,138,163.422041,3.053424,14076,0.050017,pending_review,,,
PERF-001-CAND-0139,PERF-001,PERF-001_SDNG_SNDG_Gangsa_ENSEMBLE01.wav,C:\Users\vonje\Documents\4th Year Acts\Thesis\Latest Requirements\Thesis App\data_pipeline\data\working_audio\ensembles\PERF-001_SDNG_SNDG_Gangsa_ENSEMBLE01.wav,139,164.02576,0.603719,14128,0.030468,pending_review,,,
PERF-001-CAND-0140,PERF-001,PERF-001_SDNG_SNDG_Gangsa_ENSEMBLE01.wav,C:\Users\vonje\Documents\4th Year Acts\Thesis\Latest Requirements\Thesis App\data_pipeline\data\working_audio\ensembles\PERF-001_SDNG_SNDG_Gangsa_ENSEMBLE01.wav,140,164.629478,0.603719,14180,0.041957,pending_review,,,
PERF-001-CAND-0141,PERF-001,PERF-001_SDNG_SNDG_Gangsa_ENSEMBLE01.wav,C:\Users\vonje\Documents\4th Year Acts\Thesis\Latest Requirements\Thesis App\data_pipeline\data\working_audio\ensembles\PERF-001_SDNG_SNDG_Gangsa_ENSEMBLE01.wav,141,165.244807,0.615329,14233,0.043704,pending_review,,,
PERF-001-CAND-0142,PERF-001,PERF-001_SDNG_SNDG_Gangsa_ENSEMBLE01.wav,C:\Users\vonje\Documents\4th Year Acts\Thesis\Latest Requirements\Thesis App\data_pipeline\data\working_audio\ensembles\PERF-001_SDNG_SNDG_Gangsa_ENSEMBLE01.wav,142,167.067574,1.822766,14390,0.045437,pending_review,,,
PERF-001-CAND-0143,PERF-001,PERF-001_SDNG_SNDG_Gangsa_ENSEMBLE01.wav,C:\Users\vonje\Documents\4th Year Acts\Thesis\Latest Requirements\Thesis App\data_pipeline\data\working_audio\ensembles\PERF-001_SDNG_SNDG_Gangsa_ENSEMBLE01.wav,143,167.961542,0.893968,14467,0.04977,pending_review,,,
PERF-001-CAND-0144,PERF-001,PERF-001_SDNG_SNDG_Gangsa_ENSEMBLE01.wav,C:\Users\vonje\Documents\4th Year Acts\Thesis\Latest Requirements\Thesis App\data_pipeline\data\working_audio\ensembles\PERF-001_SDNG_SNDG_Gangsa_ENSEMBLE01.wav,144,168.263401,0.301859,14493,0.033993,pending_review,,,
PERF-001-CAND-0145,PERF-001,PERF-001_SDNG_SNDG_Gangsa_ENSEMBLE01.wav,C:\Users\vonje\Documents\4th Year Acts\Thesis\Latest Requirements\Thesis App\data_pipeline\data\working_audio\ensembles\PERF-001_SDNG_SNDG_Gangsa_ENSEMBLE01.wav,145,170.062948,1.799546,14648,0.028833,pending_review,,,
PERF-001-CAND-0146,PERF-001,PERF-001_SDNG_SNDG_Gangsa_ENSEMBLE01.wav,C:\Users\vonje\Documents\4th Year Acts\Thesis\Latest Requirements\Thesis App\data_pipeline\data\working_audio\ensembles\PERF-001_SDNG_SNDG_Gangsa_ENSEMBLE01.wav,146,170.666667,0.603719,14700,0.037504,pending_review,,,
PERF-001-CAND-0147,PERF-001,PERF-001_SDNG_SNDG_Gangsa_ENSEMBLE01.wav,C:\Users\vonje\Documents\4th Year Acts\Thesis\Latest Requirements\Thesis App\data_pipeline\data\working_audio\ensembles\PERF-001_SDNG_SNDG_Gangsa_ENSEMBLE01.wav,147,171.293605,0.626939,14754,0.037189,pending_review,,,
PERF-001-CAND-0148,PERF-001,PERF-001_SDNG_SNDG_Gangsa_ENSEMBLE01.wav,C:\Users\vonje\Documents\4th Year Acts\Thesis\Latest Requirements\Thesis App\data_pipeline\data\working_audio\ensembles\PERF-001_SDNG_SNDG_Gangsa_ENSEMBLE01.wav,148,172.466213,1.172608,14855,0.035311,pending_review,,,
PERF-001-CAND-0149,PERF-001,PERF-001_SDNG_SNDG_Gangsa_ENSEMBLE01.wav,C:\Users\vonje\Documents\4th Year Acts\Thesis\Latest Requirements\Thesis App\data_pipeline\data\working_audio\ensembles\PERF-001_SDNG_SNDG_Gangsa_ENSEMBLE01.wav,149,174.3122,1.845986,15014,0.046959,pending_review,,,
PERF-001-CAND-0150,PERF-001,PERF-001_SDNG_SNDG_Gangsa_ENSEMBLE01.wav,C:\Users\vonje\Documents\4th Year Acts\Thesis\Latest Requirements\Thesis App\data_pipeline\data\working_audio\ensembles\PERF-001_SDNG_SNDG_Gangsa_ENSEMBLE01.wav,150,176.727075,2.414875,15222,0.045758,pending_review,,,
PERF-001-CAND-0151,PERF-001,PERF-001_SDNG_SNDG_Gangsa_ENSEMBLE01.wav,C:\Users\vonje\Documents\4th Year Acts\Thesis\Latest Requirements\Thesis App\data_pipeline\data\working_audio\ensembles\PERF-001_SDNG_SNDG_Gangsa_ENSEMBLE01.wav,151,177.342404,0.615329,15275,0.046716,pending_review,,,
PERF-001-CAND-0152,PERF-001,PERF-001_SDNG_SNDG_Gangsa_ENSEMBLE01.wav,C:\Users\vonje\Documents\4th Year Acts\Thesis\Latest Requirements\Thesis App\data_pipeline\data\working_audio\ensembles\PERF-001_SDNG_SNDG_Gangsa_ENSEMBLE01.wav,152,177.934512,0.592109,15326,0.041037,pending_review,,,
PERF-001-CAND-0153,PERF-001,PERF-001_SDNG_SNDG_Gangsa_ENSEMBLE01.wav,C:\Users\vonje\Documents\4th Year Acts\Thesis\Latest Requirements\Thesis App\data_pipeline\data\working_audio\ensembles\PERF-001_SDNG_SNDG_Gangsa_ENSEMBLE01.wav,153,179.768889,1.834376,15484,0.048244,pending_review,,,
PERF-001-CAND-0154,PERF-001,PERF-001_SDNG_SNDG_Gangsa_ENSEMBLE01.wav,C:\Users\vonje\Documents\4th Year Acts\Thesis\Latest Requirements\Thesis App\data_pipeline\data\working_audio\ensembles\PERF-001_SDNG_SNDG_Gangsa_ENSEMBLE01.wav,154,181.289796,1.520907,15615,0.038373,pending_review,,,
PERF-001-CAND-0155,PERF-001,PERF-001_SDNG_SNDG_Gangsa_ENSEMBLE01.wav,C:\Users\vonje\Documents\4th Year Acts\Thesis\Latest Requirements\Thesis App\data_pipeline\data\working_audio\ensembles\PERF-001_SDNG_SNDG_Gangsa_ENSEMBLE01.wav,155,181.881905,0.592109,15666,0.039345,pending_review,,,
PERF-001-CAND-0156,PERF-001,PERF-001_SDNG_SNDG_Gangsa_ENSEMBLE01.wav,C:\Users\vonje\Documents\4th Year Acts\Thesis\Latest Requirements\Thesis App\data_pipeline\data\working_audio\ensembles\PERF-001_SDNG_SNDG_Gangsa_ENSEMBLE01.wav,156,183.112562,1.230658,15772,0.045451,pending_review,,,
PERF-001-CAND-0157,PERF-001,PERF-001_SDNG_SNDG_Gangsa_ENSEMBLE01.wav,C:\Users\vonje\Documents\4th Year Acts\Thesis\Latest Requirements\Thesis App\data_pipeline\data\working_audio\ensembles\PERF-001_SDNG_SNDG_Gangsa_ENSEMBLE01.wav,157,184.656689,1.544127,15905,0.033506,pending_review,,,
PERF-001-CAND-0158,PERF-001,PERF-001_SDNG_SNDG_Gangsa_ENSEMBLE01.wav,C:\Users\vonje\Documents\4th Year Acts\Thesis\Latest Requirements\Thesis App\data_pipeline\data\working_audio\ensembles\PERF-001_SDNG_SNDG_Gangsa_ENSEMBLE01.wav,158,184.958549,0.301859,15931,0.040428,pending_review,,,
PERF-001-CAND-0159,PERF-001,PERF-001_SDNG_SNDG_Gangsa_ENSEMBLE01.wav,C:\Users\vonje\Documents\4th Year Acts\Thesis\Latest Requirements\Thesis App\data_pipeline\data\working_audio\ensembles\PERF-001_SDNG_SNDG_Gangsa_ENSEMBLE01.wav,159,185.550658,0.592109,15982,0.019552,pending_review,,,
PERF-001-CAND-0160,PERF-001,PERF-001_SDNG_SNDG_Gangsa_ENSEMBLE01.wav,C:\Users\vonje\Documents\4th Year Acts\Thesis\Latest Requirements\Thesis App\data_pipeline\data\working_audio\ensembles\PERF-001_SDNG_SNDG_Gangsa_ENSEMBLE01.wav,160,186.781315,1.230658,16088,0.052279,pending_review,,,
PERF-001-CAND-0161,PERF-001,PERF-001_SDNG_SNDG_Gangsa_ENSEMBLE01.wav,C:\Users\vonje\Documents\4th Year Acts\Thesis\Latest Requirements\Thesis App\data_pipeline\data\working_audio\ensembles\PERF-001_SDNG_SNDG_Gangsa_ENSEMBLE01.wav,161,187.385034,0.603719,16140,0.034108,pending_review,,,
PERF-001-CAND-0162,PERF-001,PERF-001_SDNG_SNDG_Gangsa_ENSEMBLE01.wav,C:\Users\vonje\Documents\4th Year Acts\Thesis\Latest Requirements\Thesis App\data_pipeline\data\working_audio\ensembles\PERF-001_SDNG_SNDG_Gangsa_ENSEMBLE01.wav,162,188.000363,0.615329,16193,0.032654,pending_review,,,
PERF-001-CAND-0163,PERF-001,PERF-001_SDNG_SNDG_Gangsa_ENSEMBLE01.wav,C:\Users\vonje\Documents\4th Year Acts\Thesis\Latest Requirements\Thesis App\data_pipeline\data\working_audio\ensembles\PERF-001_SDNG_SNDG_Gangsa_ENSEMBLE01.wav,163,189.52127,1.520907,16324,0.042669,pending_review,,,
PERF-001-CAND-0164,PERF-001,PERF-001_SDNG_SNDG_Gangsa_ENSEMBLE01.wav,C:\Users\vonje\Documents\4th Year Acts\Thesis\Latest Requirements\Thesis App\data_pipeline\data\working_audio\ensembles\PERF-001_SDNG_SNDG_Gangsa_ENSEMBLE01.wav,164,191.611066,2.089796,16504,0.033204,pending_review,,,
PERF-001-CAND-0165,PERF-001,PERF-001_SDNG_SNDG_Gangsa_ENSEMBLE01.wav,C:\Users\vonje\Documents\4th Year Acts\Thesis\Latest Requirements\Thesis App\data_pipeline\data\working_audio\ensembles\PERF-001_SDNG_SNDG_Gangsa_ENSEMBLE01.wav,165,192.888163,1.277098,16614,0.046568,pending_review,,,
PERF-001-CAND-0166,PERF-001,PERF-001_SDNG_SNDG_Gangsa_ENSEMBLE01.wav,C:\Users\vonje\Documents\4th Year Acts\Thesis\Latest Requirements\Thesis App\data_pipeline\data\working_audio\ensembles\PERF-001_SDNG_SNDG_Gangsa_ENSEMBLE01.wav,166,194.095601,1.207438,16718,0.040238,pending_review,,,
PERF-001-CAND-0167,PERF-001,PERF-001_SDNG_SNDG_Gangsa_ENSEMBLE01.wav,C:\Users\vonje\Documents\4th Year Acts\Thesis\Latest Requirements\Thesis App\data_pipeline\data\working_audio\ensembles\PERF-001_SDNG_SNDG_Gangsa_ENSEMBLE01.wav,167,195.326259,1.230658,16824,0.03224,pending_review,,,
PERF-001-CAND-0168,PERF-001,PERF-001_SDNG_SNDG_Gangsa_ENSEMBLE01.wav,C:\Users\vonje\Documents\4th Year Acts\Thesis\Latest Requirements\Thesis App\data_pipeline\data\working_audio\ensembles\PERF-001_SDNG_SNDG_Gangsa_ENSEMBLE01.wav,168,195.953197,0.626939,16878,0.038496,pending_review,,,
PERF-001-CAND-0169,PERF-001,PERF-001_SDNG_SNDG_Gangsa_ENSEMBLE01.wav,C:\Users\vonje\Documents\4th Year Acts\Thesis\Latest Requirements\Thesis App\data_pipeline\data\working_audio\ensembles\PERF-001_SDNG_SNDG_Gangsa_ENSEMBLE01.wav,169,196.556916,0.603719,16930,0.041729,pending_review,,,
PERF-001-CAND-0170,PERF-001,PERF-001_SDNG_SNDG_Gangsa_ENSEMBLE01.wav,C:\Users\vonje\Documents\4th Year Acts\Thesis\Latest Requirements\Thesis App\data_pipeline\data\working_audio\ensembles\PERF-001_SDNG_SNDG_Gangsa_ENSEMBLE01.wav,170,197.172245,0.615329,16983,0.033717,pending_review,,,
PERF-001-CAND-0171,PERF-001,PERF-001_SDNG_SNDG_Gangsa_ENSEMBLE01.wav,C:\Users\vonje\Documents\4th Year Acts\Thesis\Latest Requirements\Thesis App\data_pipeline\data\working_audio\ensembles\PERF-001_SDNG_SNDG_Gangsa_ENSEMBLE01.wav,171,198.402902,1.230658,17089,0.027348,pending_review,,,
PERF-001-CAND-0172,PERF-001,PERF-001_SDNG_SNDG_Gangsa_ENSEMBLE01.wav,C:\Users\vonje\Documents\4th Year Acts\Thesis\Latest Requirements\Thesis App\data_pipeline\data\working_audio\ensembles\PERF-001_SDNG_SNDG_Gangsa_ENSEMBLE01.wav,172,199.006621,0.603719,17141,0.051155,pending_review,,,
PERF-001-CAND-0173,PERF-001,PERF-001_SDNG_SNDG_Gangsa_ENSEMBLE01.wav,C:\Users\vonje\Documents\4th Year Acts\Thesis\Latest Requirements\Thesis App\data_pipeline\data\working_audio\ensembles\PERF-001_SDNG_SNDG_Gangsa_ENSEMBLE01.wav,173,199.62195,0.615329,17194,0.034154,pending_review,,,
PERF-001-CAND-0174,PERF-001,PERF-001_SDNG_SNDG_Gangsa_ENSEMBLE01.wav,C:\Users\vonje\Documents\4th Year Acts\Thesis\Latest Requirements\Thesis App\data_pipeline\data\working_audio\ensembles\PERF-001_SDNG_SNDG_Gangsa_ENSEMBLE01.wav,174,200.260499,0.638549,17249,0.041247,pending_review,,,
PERF-001-CAND-0175,PERF-001,PERF-001_SDNG_SNDG_Gangsa_ENSEMBLE01.wav,C:\Users\vonje\Documents\4th Year Acts\Thesis\Latest Requirements\Thesis App\data_pipeline\data\working_audio\ensembles\PERF-001_SDNG_SNDG_Gangsa_ENSEMBLE01.wav,175,200.875828,0.615329,17302,0.03978,pending_review,,,
PERF-001-CAND-0176,PERF-001,PERF-001_SDNG_SNDG_Gangsa_ENSEMBLE01.wav,C:\Users\vonje\Documents\4th Year Acts\Thesis\Latest Requirements\Thesis App\data_pipeline\data\working_audio\ensembles\PERF-001_SDNG_SNDG_Gangsa_ENSEMBLE01.wav,176,201.479546,0.603719,17354,0.046912,pending_review,,,
PERF-001-CAND-0177,PERF-001,PERF-001_SDNG_SNDG_Gangsa_ENSEMBLE01.wav,C:\Users\vonje\Documents\4th Year Acts\Thesis\Latest Requirements\Thesis App\data_pipeline\data\working_audio\ensembles\PERF-001_SDNG_SNDG_Gangsa_ENSEMBLE01.wav,177,202.106485,0.626939,17408,0.041573,pending_review,,,
PERF-001-CAND-0178,PERF-001,PERF-001_SDNG_SNDG_Gangsa_ENSEMBLE01.wav,C:\Users\vonje\Documents\4th Year Acts\Thesis\Latest Requirements\Thesis App\data_pipeline\data\working_audio\ensembles\PERF-001_SDNG_SNDG_Gangsa_ENSEMBLE01.wav,178,202.721814,0.615329,17461,0.056427,pending_review,,,
PERF-001-CAND-0179,PERF-001,PERF-001_SDNG_SNDG_Gangsa_ENSEMBLE01.wav,C:\Users\vonje\Documents\4th Year Acts\Thesis\Latest Requirements\Thesis App\data_pipeline\data\working_audio\ensembles\PERF-001_SDNG_SNDG_Gangsa_ENSEMBLE01.wav,179,203.313923,0.592109,17512,0.027506,pending_review,,,
PERF-001-CAND-0180,PERF-001,PERF-001_SDNG_SNDG_Gangsa_ENSEMBLE01.wav,C:\Users\vonje\Documents\4th Year Acts\Thesis\Latest Requirements\Thesis App\data_pipeline\data\working_audio\ensembles\PERF-001_SDNG_SNDG_Gangsa_ENSEMBLE01.wav,180,203.952472,0.638549,17567,0.047529,pending_review,,,
PERF-001-CAND-0181,PERF-001,PERF-001_SDNG_SNDG_Gangsa_ENSEMBLE01.wav,C:\Users\vonje\Documents\4th Year Acts\Thesis\Latest Requirements\Thesis App\data_pipeline\data\working_audio\ensembles\PERF-001_SDNG_SNDG_Gangsa_ENSEMBLE01.wav,181,204.57941,0.626939,17621,0.066305,pending_review,,,
PERF-001-CAND-0182,PERF-001,PERF-001_SDNG_SNDG_Gangsa_ENSEMBLE01.wav,C:\Users\vonje\Documents\4th Year Acts\Thesis\Latest Requirements\Thesis App\data_pipeline\data\working_audio\ensembles\PERF-001_SDNG_SNDG_Gangsa_ENSEMBLE01.wav,182,205.798458,1.219048,17726,0.036266,pending_review,,,
PERF-001-CAND-0183,PERF-001,PERF-001_SDNG_SNDG_Gangsa_ENSEMBLE01.wav,C:\Users\vonje\Documents\4th Year Acts\Thesis\Latest Requirements\Thesis App\data_pipeline\data\working_audio\ensembles\PERF-001_SDNG_SNDG_Gangsa_ENSEMBLE01.wav,183,207.029116,1.230658,17832,0.034985,pending_review,,,
PERF-001-CAND-0184,PERF-001,PERF-001_SDNG_SNDG_Gangsa_ENSEMBLE01.wav,C:\Users\vonje\Documents\4th Year Acts\Thesis\Latest Requirements\Thesis App\data_pipeline\data\working_audio\ensembles\PERF-001_SDNG_SNDG_Gangsa_ENSEMBLE01.wav,184,208.282993,1.253878,17940,0.032742,pending_review,,,
PERF-001-CAND-0185,PERF-001,PERF-001_SDNG_SNDG_Gangsa_ENSEMBLE01.wav,C:\Users\vonje\Documents\4th Year Acts\Thesis\Latest Requirements\Thesis App\data_pipeline\data\working_audio\ensembles\PERF-001_SDNG_SNDG_Gangsa_ENSEMBLE01.wav,185,208.909932,0.626939,17994,0.039242,pending_review,,,
PERF-001-CAND-0186,PERF-001,PERF-001_SDNG_SNDG_Gangsa_ENSEMBLE01.wav,C:\Users\vonje\Documents\4th Year Acts\Thesis\Latest Requirements\Thesis App\data_pipeline\data\working_audio\ensembles\PERF-001_SDNG_SNDG_Gangsa_ENSEMBLE01.wav,186,209.513651,0.603719,18046,0.045766,pending_review,,,
PERF-001-CAND-0187,PERF-001,PERF-001_SDNG_SNDG_Gangsa_ENSEMBLE01.wav,C:\Users\vonje\Documents\4th Year Acts\Thesis\Latest Requirements\Thesis App\data_pipeline\data\working_audio\ensembles\PERF-001_SDNG_SNDG_Gangsa_ENSEMBLE01.wav,187,210.14059,0.626939,18100,0.026882,pending_review,,,
PERF-001-CAND-0188,PERF-001,PERF-001_SDNG_SNDG_Gangsa_ENSEMBLE01.wav,C:\Users\vonje\Documents\4th Year Acts\Thesis\Latest Requirements\Thesis App\data_pipeline\data\working_audio\ensembles\PERF-001_SDNG_SNDG_Gangsa_ENSEMBLE01.wav,188,211.080998,0.940408,18181,0.031033,pending_review,,,
PERF-001-CAND-0189,PERF-001,PERF-001_SDNG_SNDG_Gangsa_ENSEMBLE01.wav,C:\Users\vonje\Documents\4th Year Acts\Thesis\Latest Requirements\Thesis App\data_pipeline\data\working_audio\ensembles\PERF-001_SDNG_SNDG_Gangsa_ENSEMBLE01.wav,189,212.567075,1.486077,18309,0.02186,pending_review,,,
PERF-001-CAND-0190,PERF-001,PERF-001_SDNG_SNDG_Gangsa_ENSEMBLE01.wav,C:\Users\vonje\Documents\4th Year Acts\Thesis\Latest Requirements\Thesis App\data_pipeline\data\working_audio\ensembles\PERF-001_SDNG_SNDG_Gangsa_ENSEMBLE01.wav,190,213.194014,0.626939,18363,0.02631,pending_review,,,
PERF-001-CAND-0191,PERF-001,PERF-001_SDNG_SNDG_Gangsa_ENSEMBLE01.wav,C:\Users\vonje\Documents\4th Year Acts\Thesis\Latest Requirements\Thesis App\data_pipeline\data\working_audio\ensembles\PERF-001_SDNG_SNDG_Gangsa_ENSEMBLE01.wav,191,213.809342,0.615329,18416,0.038271,pending_review,,,
PERF-001-CAND-0192,PERF-001,PERF-001_SDNG_SNDG_Gangsa_ENSEMBLE01.wav,C:\Users\vonje\Documents\4th Year Acts\Thesis\Latest Requirements\Thesis App\data_pipeline\data\working_audio\ensembles\PERF-001_SDNG_SNDG_Gangsa_ENSEMBLE01.wav,192,215.04,1.230658,18522,0.031716,pending_review,,,
PERF-001-CAND-0193,PERF-001,PERF-001_SDNG_SNDG_Gangsa_ENSEMBLE01.wav,C:\Users\vonje\Documents\4th Year Acts\Thesis\Latest Requirements\Thesis App\data_pipeline\data\working_audio\ensembles\PERF-001_SDNG_SNDG_Gangsa_ENSEMBLE01.wav,193,216.259048,1.219048,18627,0.027626,pending_review,,,
PERF-001-CAND-0194,PERF-001,PERF-001_SDNG_SNDG_Gangsa_ENSEMBLE01.wav,C:\Users\vonje\Documents\4th Year Acts\Thesis\Latest Requirements\Thesis App\data_pipeline\data\working_audio\ensembles\PERF-001_SDNG_SNDG_Gangsa_ENSEMBLE01.wav,194,217.489705,1.230658,18733,0.036548,pending_review,,,
PERF-001-CAND-0195,PERF-001,PERF-001_SDNG_SNDG_Gangsa_ENSEMBLE01.wav,C:\Users\vonje\Documents\4th Year Acts\Thesis\Latest Requirements\Thesis App\data_pipeline\data\working_audio\ensembles\PERF-001_SDNG_SNDG_Gangsa_ENSEMBLE01.wav,195,218.128254,0.638549,18788,0.040232,pending_review,,,
PERF-001-CAND-0196,PERF-001,PERF-001_SDNG_SNDG_Gangsa_ENSEMBLE01.wav,C:\Users\vonje\Documents\4th Year Acts\Thesis\Latest Requirements\Thesis App\data_pipeline\data\working_audio\ensembles\PERF-001_SDNG_SNDG_Gangsa_ENSEMBLE01.wav,196,219.358912,1.230658,18894,0.046119,pending_review,,,
PERF-001-CAND-0197,PERF-001,PERF-001_SDNG_SNDG_Gangsa_ENSEMBLE01.wav,C:\Users\vonje\Documents\4th Year Acts\Thesis\Latest Requirements\Thesis App\data_pipeline\data\working_audio\ensembles\PERF-001_SDNG_SNDG_Gangsa_ENSEMBLE01.wav,197,219.97424,0.615329,18947,0.043912,pending_review,,,
PERF-001-CAND-0198,PERF-001,PERF-001_SDNG_SNDG_Gangsa_ENSEMBLE01.wav,C:\Users\vonje\Documents\4th Year Acts\Thesis\Latest Requirements\Thesis App\data_pipeline\data\working_audio\ensembles\PERF-001_SDNG_SNDG_Gangsa_ENSEMBLE01.wav,198,220.577959,0.603719,18999,0.040235,pending_review,,,
PERF-001-CAND-0199,PERF-001,PERF-001_SDNG_SNDG_Gangsa_ENSEMBLE01.wav,C:\Users\vonje\Documents\4th Year Acts\Thesis\Latest Requirements\Thesis App\data_pipeline\data\working_audio\ensembles\PERF-001_SDNG_SNDG_Gangsa_ENSEMBLE01.wav,199,221.820227,1.242268,19106,0.030774,pending_review,,,
PERF-001-CAND-0200,PERF-001,PERF-001_SDNG_SNDG_Gangsa_ENSEMBLE01.wav,C:\Users\vonje\Documents\4th Year Acts\Thesis\Latest Requirements\Thesis App\data_pipeline\data\working_audio\ensembles\PERF-001_SDNG_SNDG_Gangsa_ENSEMBLE01.wav,200,223.050884,1.230658,19212,0.029392,pending_review,,,
PERF-001-CAND-0201,PERF-001,PERF-001_SDNG_SNDG_Gangsa_ENSEMBLE01.wav,C:\Users\vonje\Documents\4th Year Acts\Thesis\Latest Requirements\Thesis App\data_pipeline\data\working_audio\ensembles\PERF-001_SDNG_SNDG_Gangsa_ENSEMBLE01.wav,201,223.689433,0.638549,19267,0.046212,pending_review,,,
PERF-001-CAND-0202,PERF-001,PERF-001_SDNG_SNDG_Gangsa_ENSEMBLE01.wav,C:\Users\vonje\Documents\4th Year Acts\Thesis\Latest Requirements\Thesis App\data_pipeline\data\working_audio\ensembles\PERF-001_SDNG_SNDG_Gangsa_ENSEMBLE01.wav,202,224.293152,0.603719,19319,0.040107,pending_review,,,
PERF-001-CAND-0203,PERF-001,PERF-001_SDNG_SNDG_Gangsa_ENSEMBLE01.wav,C:\Users\vonje\Documents\4th Year Acts\Thesis\Latest Requirements\Thesis App\data_pipeline\data\working_audio\ensembles\PERF-001_SDNG_SNDG_Gangsa_ENSEMBLE01.wav,203,226.777687,2.484535,19533,0.056477,pending_review,,,
PERF-001-CAND-0204,PERF-001,PERF-001_SDNG_SNDG_Gangsa_ENSEMBLE01.wav,C:\Users\vonje\Documents\4th Year Acts\Thesis\Latest Requirements\Thesis App\data_pipeline\data\working_audio\ensembles\PERF-001_SDNG_SNDG_Gangsa_ENSEMBLE01.wav,204,228.019955,1.242268,19640,0.047623,pending_review,,,
PERF-001-CAND-0205,PERF-001,PERF-001_SDNG_SNDG_Gangsa_ENSEMBLE01.wav,C:\Users\vonje\Documents\4th Year Acts\Thesis\Latest Requirements\Thesis App\data_pipeline\data\working_audio\ensembles\PERF-001_SDNG_SNDG_Gangsa_ENSEMBLE01.wav,205,230.45805,2.438095,19850,0.042515,pending_review,,,
PERF-001-CAND-0206,PERF-001,PERF-001_SDNG_SNDG_Gangsa_ENSEMBLE01.wav,C:\Users\vonje\Documents\4th Year Acts\Thesis\Latest Requirements\Thesis App\data_pipeline\data\working_audio\ensembles\PERF-001_SDNG_SNDG_Gangsa_ENSEMBLE01.wav,206,231.700317,1.242268,19957,0.035825,pending_review,,,
PERF-001-CAND-0207,PERF-001,PERF-001_SDNG_SNDG_Gangsa_ENSEMBLE01.wav,C:\Users\vonje\Documents\4th Year Acts\Thesis\Latest Requirements\Thesis App\data_pipeline\data\working_audio\ensembles\PERF-001_SDNG_SNDG_Gangsa_ENSEMBLE01.wav,207,234.776961,3.076644,20222,0.038642,pending_review,,,
PERF-001-CAND-0208,PERF-001,PERF-001_SDNG_SNDG_Gangsa_ENSEMBLE01.wav,C:\Users\vonje\Documents\4th Year Acts\Thesis\Latest Requirements\Thesis App\data_pipeline\data\working_audio\ensembles\PERF-001_SDNG_SNDG_Gangsa_ENSEMBLE01.wav,208,235.39229,0.615329,20275,0.046464,pending_review,,,
PERF-001-CAND-0209,PERF-001,PERF-001_SDNG_SNDG_Gangsa_ENSEMBLE01.wav,C:\Users\vonje\Documents\4th Year Acts\Thesis\Latest Requirements\Thesis App\data_pipeline\data\working_audio\ensembles\PERF-001_SDNG_SNDG_Gangsa_ENSEMBLE01.wav,209,235.996009,0.603719,20327,0.033985,pending_review,,,
PERF-001-CAND-0210,PERF-001,PERF-001_SDNG_SNDG_Gangsa_ENSEMBLE01.wav,C:\Users\vonje\Documents\4th Year Acts\Thesis\Latest Requirements\Thesis App\data_pipeline\data\working_audio\ensembles\PERF-001_SDNG_SNDG_Gangsa_ENSEMBLE01.wav,210,240.314921,4.318912,20699,0.039852,pending_review,,,
PERF-001-CAND-0211,PERF-001,PERF-001_SDNG_SNDG_Gangsa_ENSEMBLE01.wav,C:\Users\vonje\Documents\4th Year Acts\Thesis\Latest Requirements\Thesis App\data_pipeline\data\working_audio\ensembles\PERF-001_SDNG_SNDG_Gangsa_ENSEMBLE01.wav,211,250.83356,10.518639,21605,0.041032,pending_review,,,
PERF-001-CAND-0212,PERF-001,PERF-001_SDNG_SNDG_Gangsa_ENSEMBLE01.wav,C:\Users\vonje\Documents\4th Year Acts\Thesis\Latest Requirements\Thesis App\data_pipeline\data\working_audio\ensembles\PERF-001_SDNG_SNDG_Gangsa_ENSEMBLE01.wav,212,254.537143,3.703583,21924,0.036697,pending_review,,,
PERF-001-CAND-0213,PERF-001,PERF-001_SDNG_SNDG_Gangsa_ENSEMBLE01.wav,C:\Users\vonje\Documents\4th Year Acts\Thesis\Latest Requirements\Thesis App\data_pipeline\data\working_audio\ensembles\PERF-001_SDNG_SNDG_Gangsa_ENSEMBLE01.wav,213,255.489161,0.952018,22006,0.033565,pending_review,,,
PERF-001-CAND-0214,PERF-001,PERF-001_SDNG_SNDG_Gangsa_ENSEMBLE01.wav,C:\Users\vonje\Documents\4th Year Acts\Thesis\Latest Requirements\Thesis App\data_pipeline\data\working_audio\ensembles\PERF-001_SDNG_SNDG_Gangsa_ENSEMBLE01.wav,214,258.612245,3.123084,22275,0.027058,pending_review,,,
PERF-001-CAND-0215,PERF-001,PERF-001_SDNG_SNDG_Gangsa_ENSEMBLE01.wav,C:\Users\vonje\Documents\4th Year Acts\Thesis\Latest Requirements\Thesis App\data_pipeline\data\working_audio\ensembles\PERF-001_SDNG_SNDG_Gangsa_ENSEMBLE01.wav,215,258.925714,0.313469,22302,0.044169,pending_review,,,
PERF-001-CAND-0216,PERF-001,PERF-001_SDNG_SNDG_Gangsa_ENSEMBLE01.wav,C:\Users\vonje\Documents\4th Year Acts\Thesis\Latest Requirements\Thesis App\data_pipeline\data\working_audio\ensembles\PERF-001_SDNG_SNDG_Gangsa_ENSEMBLE01.wav,216,259.239184,0.313469,22329,0.03435,pending_review,,,
PERF-001-CAND-0217,PERF-001,PERF-001_SDNG_SNDG_Gangsa_ENSEMBLE01.wav,C:\Users\vonje\Documents\4th Year Acts\Thesis\Latest Requirements\Thesis App\data_pipeline\data\working_audio\ensembles\PERF-001_SDNG_SNDG_Gangsa_ENSEMBLE01.wav,217,260.179592,0.940408,22410,0.047126,pending_review,,,
PERF-001-CAND-0218,PERF-001,PERF-001_SDNG_SNDG_Gangsa_ENSEMBLE01.wav,C:\Users\vonje\Documents\4th Year Acts\Thesis\Latest Requirements\Thesis App\data_pipeline\data\working_audio\ensembles\PERF-001_SDNG_SNDG_Gangsa_ENSEMBLE01.wav,218,262.060408,1.880816,22572,0.024305,pending_review,,,
PERF-001-CAND-0219,PERF-001,PERF-001_SDNG_SNDG_Gangsa_ENSEMBLE01.wav,C:\Users\vonje\Documents\4th Year Acts\Thesis\Latest Requirements\Thesis App\data_pipeline\data\working_audio\ensembles\PERF-001_SDNG_SNDG_Gangsa_ENSEMBLE01.wav,219,262.362268,0.301859,22598,0.043582,pending_review,,,
PERF-001-CAND-0220,PERF-001,PERF-001_SDNG_SNDG_Gangsa_ENSEMBLE01.wav,C:\Users\vonje\Documents\4th Year Acts\Thesis\Latest Requirements\Thesis App\data_pipeline\data\working_audio\ensembles\PERF-001_SDNG_SNDG_Gangsa_ENSEMBLE01.wav,220,262.965986,0.603719,22650,0.047037,pending_review,,,
PERF-001-CAND-0221,PERF-001,PERF-001_SDNG_SNDG_Gangsa_ENSEMBLE01.wav,C:\Users\vonje\Documents\4th Year Acts\Thesis\Latest Requirements\Thesis App\data_pipeline\data\working_audio\ensembles\PERF-001_SDNG_SNDG_Gangsa_ENSEMBLE01.wav,221,265.160272,2.194286,22839,0.041067,pending_review,,,
PERF-001-CAND-0222,PERF-001,PERF-001_SDNG_SNDG_Gangsa_ENSEMBLE01.wav,C:\Users\vonje\Documents\4th Year Acts\Thesis\Latest Requirements\Thesis App\data_pipeline\data\working_audio\ensembles\PERF-001_SDNG_SNDG_Gangsa_ENSEMBLE01.wav,222,266.08907,0.928798,22919,0.06407,pending_review,,,
PERF-001-CAND-0223,PERF-001,PERF-001_SDNG_SNDG_Gangsa_ENSEMBLE01.wav,C:\Users\vonje\Documents\4th Year Acts\Thesis\Latest Requirements\Thesis App\data_pipeline\data\working_audio\ensembles\PERF-001_SDNG_SNDG_Gangsa_ENSEMBLE01.wav,223,266.704399,0.615329,22972,0.021047,pending_review,,,
PERF-001-CAND-0224,PERF-001,PERF-001_SDNG_SNDG_Gangsa_ENSEMBLE01.wav,C:\Users\vonje\Documents\4th Year Acts\Thesis\Latest Requirements\Thesis App\data_pipeline\data\working_audio\ensembles\PERF-001_SDNG_SNDG_Gangsa_ENSEMBLE01.wav,224,267.923447,1.219048,23077,0.03933,pending_review,,,
PERF-001-CAND-0225,PERF-001,PERF-001_SDNG_SNDG_Gangsa_ENSEMBLE01.wav,C:\Users\vonje\Documents\4th Year Acts\Thesis\Latest Requirements\Thesis App\data_pipeline\data\working_audio\ensembles\PERF-001_SDNG_SNDG_Gangsa_ENSEMBLE01.wav,225,269.200544,1.277098,23187,0.035079,pending_review,,,
PERF-001-CAND-0226,PERF-001,PERF-001_SDNG_SNDG_Gangsa_ENSEMBLE01.wav,C:\Users\vonje\Documents\4th Year Acts\Thesis\Latest Requirements\Thesis App\data_pipeline\data\working_audio\ensembles\PERF-001_SDNG_SNDG_Gangsa_ENSEMBLE01.wav,226,271.673469,2.472925,23400,0.027754,pending_review,,,
PERF-001-CAND-0227,PERF-001,PERF-001_SDNG_SNDG_Gangsa_ENSEMBLE01.wav,C:\Users\vonje\Documents\4th Year Acts\Thesis\Latest Requirements\Thesis App\data_pipeline\data\working_audio\ensembles\PERF-001_SDNG_SNDG_Gangsa_ENSEMBLE01.wav,227,272.904127,1.230658,23506,0.034695,pending_review,,,
PERF-001-CAND-0228,PERF-001,PERF-001_SDNG_SNDG_Gangsa_ENSEMBLE01.wav,C:\Users\vonje\Documents\4th Year Acts\Thesis\Latest Requirements\Thesis App\data_pipeline\data\working_audio\ensembles\PERF-001_SDNG_SNDG_Gangsa_ENSEMBLE01.wav,228,273.519456,0.615329,23559,0.045522,pending_review,,,
PERF-001-CAND-0229,PERF-001,PERF-001_SDNG_SNDG_Gangsa_ENSEMBLE01.wav,C:\Users\vonje\Documents\4th Year Acts\Thesis\Latest Requirements\Thesis App\data_pipeline\data\working_audio\ensembles\PERF-001_SDNG_SNDG_Gangsa_ENSEMBLE01.wav,229,275.411882,1.892426,23722,0.043843,pending_review,,,
PERF-001-CAND-0230,PERF-001,PERF-001_SDNG_SNDG_Gangsa_ENSEMBLE01.wav,C:\Users\vonje\Documents\4th Year Acts\Thesis\Latest Requirements\Thesis App\data_pipeline\data\working_audio\ensembles\PERF-001_SDNG_SNDG_Gangsa_ENSEMBLE01.wav,230,276.67737,1.265488,23831,0.086469,pending_review,,,
PERF-001-CAND-0231,PERF-001,PERF-001_SDNG_SNDG_Gangsa_ENSEMBLE01.wav,C:\Users\vonje\Documents\4th Year Acts\Thesis\Latest Requirements\Thesis App\data_pipeline\data\working_audio\ensembles\PERF-001_SDNG_SNDG_Gangsa_ENSEMBLE01.wav,231,284.432834,7.755465,24499,0.034778,pending_review,,,
PERF-001-CAND-0232,PERF-001,PERF-001_SDNG_SNDG_Gangsa_ENSEMBLE01.wav,C:\Users\vonje\Documents\4th Year Acts\Thesis\Latest Requirements\Thesis App\data_pipeline\data\working_audio\ensembles\PERF-001_SDNG_SNDG_Gangsa_ENSEMBLE01.wav,232,285.036553,0.603719,24551,0.029014,pending_review,,,
PERF-001-CAND-0233,PERF-001,PERF-001_SDNG_SNDG_Gangsa_ENSEMBLE01.wav,C:\Users\vonje\Documents\4th Year Acts\Thesis\Latest Requirements\Thesis App\data_pipeline\data\working_audio\ensembles\PERF-001_SDNG_SNDG_Gangsa_ENSEMBLE01.wav,233,287.544308,2.507755,24767,0.052316,pending_review,,,
PERF-001-CAND-0234,PERF-001,PERF-001_SDNG_SNDG_Gangsa_ENSEMBLE01.wav,C:\Users\vonje\Documents\4th Year Acts\Thesis\Latest Requirements\Thesis App\data_pipeline\data\working_audio\ensembles\PERF-001_SDNG_SNDG_Gangsa_ENSEMBLE01.wav,234,288.159637,0.615329,24820,0.032109,pending_review,,,
PERF-001-CAND-0235,PERF-001,PERF-001_SDNG_SNDG_Gangsa_ENSEMBLE01.wav,C:\Users\vonje\Documents\4th Year Acts\Thesis\Latest Requirements\Thesis App\data_pipeline\data\working_audio\ensembles\PERF-001_SDNG_SNDG_Gangsa_ENSEMBLE01.wav,235,289.436735,1.277098,24930,0.044337,pending_review,,,
PERF-002-CAND-0001,PERF-002,PERF-002_SDNG_SNDG_Gangsa_ENSEMBLE02.wav,C:\Users\vonje\Documents\4th Year Acts\Thesis\Latest Requirements\Thesis App\data_pipeline\data\working_audio\ensembles\PERF-002_SDNG_SNDG_Gangsa_ENSEMBLE02.wav,1,0.02322,,2,0.0,pending_review,,,
PERF-002-CAND-0002,PERF-002,PERF-002_SDNG_SNDG_Gangsa_ENSEMBLE02.wav,C:\Users\vonje\Documents\4th Year Acts\Thesis\Latest Requirements\Thesis App\data_pipeline\data\working_audio\ensembles\PERF-002_SDNG_SNDG_Gangsa_ENSEMBLE02.wav,2,5.909478,5.886259,509,0.034026,pending_review,,,
PERF-002-CAND-0003,PERF-002,PERF-002_SDNG_SNDG_Gangsa_ENSEMBLE02.wav,C:\Users\vonje\Documents\4th Year Acts\Thesis\Latest Requirements\Thesis App\data_pipeline\data\working_audio\ensembles\PERF-002_SDNG_SNDG_Gangsa_ENSEMBLE02.wav,3,6.791837,0.882358,585,0.015075,pending_review,,,
PERF-002-CAND-0004,PERF-002,PERF-002_SDNG_SNDG_Gangsa_ENSEMBLE02.wav,C:\Users\vonje\Documents\4th Year Acts\Thesis\Latest Requirements\Thesis App\data_pipeline\data\working_audio\ensembles\PERF-002_SDNG_SNDG_Gangsa_ENSEMBLE02.wav,4,7.244626,0.452789,624,0.032545,pending_review,,,
PERF-002-CAND-0005,PERF-002,PERF-002_SDNG_SNDG_Gangsa_ENSEMBLE02.wav,C:\Users\vonje\Documents\4th Year Acts\Thesis\Latest Requirements\Thesis App\data_pipeline\data\working_audio\ensembles\PERF-002_SDNG_SNDG_Gangsa_ENSEMBLE02.wav,5,10.797279,3.552653,930,0.027543,pending_review,,,
PERF-002-CAND-0006,PERF-002,PERF-002_SDNG_SNDG_Gangsa_ENSEMBLE02.wav,C:\Users\vonje\Documents\4th Year Acts\Thesis\Latest Requirements\Thesis App\data_pipeline\data\working_audio\ensembles\PERF-002_SDNG_SNDG_Gangsa_ENSEMBLE02.wav,6,11.691247,0.893968,1007,0.041279,pending_review,,,
PERF-002-CAND-0007,PERF-002,PERF-002_SDNG_SNDG_Gangsa_ENSEMBLE02.wav,C:\Users\vonje\Documents\4th Year Acts\Thesis\Latest Requirements\Thesis App\data_pipeline\data\working_audio\ensembles\PERF-002_SDNG_SNDG_Gangsa_ENSEMBLE02.wav,7,12.608435,0.917188,1086,0.030048,pending_review,,,
PERF-002-CAND-0008,PERF-002,PERF-002_SDNG_SNDG_Gangsa_ENSEMBLE02.wav,C:\Users\vonje\Documents\4th Year Acts\Thesis\Latest Requirements\Thesis App\data_pipeline\data\working_audio\ensembles\PERF-002_SDNG_SNDG_Gangsa_ENSEMBLE02.wav,8,13.072834,0.464399,1126,0.04561,pending_review,,,
PERF-002-CAND-0009,PERF-002,PERF-002_SDNG_SNDG_Gangsa_ENSEMBLE02.wav,C:\Users\vonje\Documents\4th Year Acts\Thesis\Latest Requirements\Thesis App\data_pipeline\data\working_audio\ensembles\PERF-002_SDNG_SNDG_Gangsa_ENSEMBLE02.wav,9,13.502404,0.429569,1163,0.036545,pending_review,,,
PERF-002-CAND-0010,PERF-002,PERF-002_SDNG_SNDG_Gangsa_ENSEMBLE02.wav,C:\Users\vonje\Documents\4th Year Acts\Thesis\Latest Requirements\Thesis App\data_pipeline\data\working_audio\ensembles\PERF-002_SDNG_SNDG_Gangsa_ENSEMBLE02.wav,10,14.419592,0.917188,1242,0.041969,pending_review,,,
PERF-002-CAND-0011,PERF-002,PERF-002_SDNG_SNDG_Gangsa_ENSEMBLE02.wav,C:\Users\vonje\Documents\4th Year Acts\Thesis\Latest Requirements\Thesis App\data_pipeline\data\working_audio\ensembles\PERF-002_SDNG_SNDG_Gangsa_ENSEMBLE02.wav,11,15.31356,0.893968,1319,0.033263,pending_review,,,
PERF-002-CAND-0012,PERF-002,PERF-002_SDNG_SNDG_Gangsa_ENSEMBLE02.wav,C:\Users\vonje\Documents\4th Year Acts\Thesis\Latest Requirements\Thesis App\data_pipeline\data\working_audio\ensembles\PERF-002_SDNG_SNDG_Gangsa_ENSEMBLE02.wav,12,16.230748,0.917188,1398,0.046566,pending_review,,,
PERF-002-CAND-0013,PERF-002,PERF-002_SDNG_SNDG_Gangsa_ENSEMBLE02.wav,C:\Users\vonje\Documents\4th Year Acts\Thesis\Latest Requirements\Thesis App\data_pipeline\data\working_audio\ensembles\PERF-002_SDNG_SNDG_Gangsa_ENSEMBLE02.wav,13,24.473832,8.243084,2108,0.051126,pending_review,,,
PERF-002-CAND-0014,PERF-002,PERF-002_SDNG_SNDG_Gangsa_ENSEMBLE02.wav,C:\Users\vonje\Documents\4th Year Acts\Thesis\Latest Requirements\Thesis App\data_pipeline\data\working_audio\ensembles\PERF-002_SDNG_SNDG_Gangsa_ENSEMBLE02.wav,14,25.40263,0.928798,2188,0.035494,pending_review,,,
PERF-002-CAND-0015,PERF-002,PERF-002_SDNG_SNDG_Gangsa_ENSEMBLE02.wav,C:\Users\vonje\Documents\4th Year Acts\Thesis\Latest Requirements\Thesis App\data_pipeline\data\working_audio\ensembles\PERF-002_SDNG_SNDG_Gangsa_ENSEMBLE02.wav,15,26.343039,0.940408,2269,0.113887,pending_review,,,
PERF-002-CAND-0016,PERF-002,PERF-002_SDNG_SNDG_Gangsa_ENSEMBLE02.wav,C:\Users\vonje\Documents\4th Year Acts\Thesis\Latest Requirements\Thesis App\data_pipeline\data\working_audio\ensembles\PERF-002_SDNG_SNDG_Gangsa_ENSEMBLE02.wav,16,28.154195,1.811156,2425,0.032212,pending_review,,,
PERF-002-CAND-0017,PERF-002,PERF-002_SDNG_SNDG_Gangsa_ENSEMBLE02.wav,C:\Users\vonje\Documents\4th Year Acts\Thesis\Latest Requirements\Thesis App\data_pipeline\data\working_audio\ensembles\PERF-002_SDNG_SNDG_Gangsa_ENSEMBLE02.wav,17,29.094603,0.940408,2506,0.06377,pending_review,,,
PERF-002-CAND-0018,PERF-002,PERF-002_SDNG_SNDG_Gangsa_ENSEMBLE02.wav,C:\Users\vonje\Documents\4th Year Acts\Thesis\Latest Requirements\Thesis App\data_pipeline\data\working_audio\ensembles\PERF-002_SDNG_SNDG_Gangsa_ENSEMBLE02.wav,18,35.6078,6.513197,3067,0.038648,pending_review,,,
PERF-002-CAND-0019,PERF-002,PERF-002_SDNG_SNDG_Gangsa_ENSEMBLE02.wav,C:\Users\vonje\Documents\4th Year Acts\Thesis\Latest Requirements\Thesis App\data_pipeline\data\working_audio\ensembles\PERF-002_SDNG_SNDG_Gangsa_ENSEMBLE02.wav,19,41.261859,5.654059,3554,0.049504,pending_review,,,
PERF-002-CAND-0020,PERF-002,PERF-002_SDNG_SNDG_Gangsa_ENSEMBLE02.wav,C:\Users\vonje\Documents\4th Year Acts\Thesis\Latest Requirements\Thesis App\data_pipeline\data\working_audio\ensembles\PERF-002_SDNG_SNDG_Gangsa_ENSEMBLE02.wav,20,52.616417,11.354558,4532,0.042408,pending_review,,,
PERF-002-CAND-0021,PERF-002,PERF-002_SDNG_SNDG_Gangsa_ENSEMBLE02.wav,C:\Users\vonje\Documents\4th Year Acts\Thesis\Latest Requirements\Thesis App\data_pipeline\data\working_audio\ensembles\PERF-002_SDNG_SNDG_Gangsa_ENSEMBLE02.wav,21,67.314649,14.698231,5798,0.025852,pending_review,,,
PERF-002-CAND-0022,PERF-002,PERF-002_SDNG_SNDG_Gangsa_ENSEMBLE02.wav,C:\Users\vonje\Documents\4th Year Acts\Thesis\Latest Requirements\Thesis App\data_pipeline\data\working_audio\ensembles\PERF-002_SDNG_SNDG_Gangsa_ENSEMBLE02.wav,22,69.183855,1.869206,5959,0.038826,pending_review,,,
PERF-002-CAND-0023,PERF-002,PERF-002_SDNG_SNDG_Gangsa_ENSEMBLE02.wav,C:\Users\vonje\Documents\4th Year Acts\Thesis\Latest Requirements\Thesis App\data_pipeline\data\working_audio\ensembles\PERF-002_SDNG_SNDG_Gangsa_ENSEMBLE02.wav,23,69.648254,0.464399,5999,0.045409,pending_review,,,
PERF-002-CAND-0024,PERF-002,PERF-002_SDNG_SNDG_Gangsa_ENSEMBLE02.wav,C:\Users\vonje\Documents\4th Year Acts\Thesis\Latest Requirements\Thesis App\data_pipeline\data\working_audio\ensembles\PERF-002_SDNG_SNDG_Gangsa_ENSEMBLE02.wav,24,71.087891,1.439637,6123,0.028304,pending_review,,,
PERF-002-CAND-0025,PERF-002,PERF-002_SDNG_SNDG_Gangsa_ENSEMBLE02.wav,C:\Users\vonje\Documents\4th Year Acts\Thesis\Latest Requirements\Thesis App\data_pipeline\data\working_audio\ensembles\PERF-002_SDNG_SNDG_Gangsa_ENSEMBLE02.wav,25,71.55229,0.464399,6163,0.026694,pending_review,,,
PERF-002-CAND-0026,PERF-002,PERF-002_SDNG_SNDG_Gangsa_ENSEMBLE02.wav,C:\Users\vonje\Documents\4th Year Acts\Thesis\Latest Requirements\Thesis App\data_pipeline\data\working_audio\ensembles\PERF-002_SDNG_SNDG_Gangsa_ENSEMBLE02.wav,26,75.859592,4.307302,6534,0.036911,pending_review,,,
PERF-002-CAND-0027,PERF-002,PERF-002_SDNG_SNDG_Gangsa_ENSEMBLE02.wav,C:\Users\vonje\Documents\4th Year Acts\Thesis\Latest Requirements\Thesis App\data_pipeline\data\working_audio\ensembles\PERF-002_SDNG_SNDG_Gangsa_ENSEMBLE02.wav,27,76.8,0.940408,6615,0.026556,pending_review,,,
PERF-002-CAND-0028,PERF-002,PERF-002_SDNG_SNDG_Gangsa_ENSEMBLE02.wav,C:\Users\vonje\Documents\4th Year Acts\Thesis\Latest Requirements\Thesis App\data_pipeline\data\working_audio\ensembles\PERF-002_SDNG_SNDG_Gangsa_ENSEMBLE02.wav,28,78.239637,1.439637,6739,0.035145,pending_review,,,
PERF-002-CAND-0029,PERF-002,PERF-002_SDNG_SNDG_Gangsa_ENSEMBLE02.wav,C:\Users\vonje\Documents\4th Year Acts\Thesis\Latest Requirements\Thesis App\data_pipeline\data\working_audio\ensembles\PERF-002_SDNG_SNDG_Gangsa_ENSEMBLE02.wav,29,84.474195,6.234558,7276,0.03703,pending_review,,,
PERF-002-CAND-0030,PERF-002,PERF-002_SDNG_SNDG_Gangsa_ENSEMBLE02.wav,C:\Users\vonje\Documents\4th Year Acts\Thesis\Latest Requirements\Thesis App\data_pipeline\data\working_audio\ensembles\PERF-002_SDNG_SNDG_Gangsa_ENSEMBLE02.wav,30,88.293878,3.819683,7605,0.029996,pending_review,,,
PERF-002-CAND-0031,PERF-002,PERF-002_SDNG_SNDG_Gangsa_ENSEMBLE02.wav,C:\Users\vonje\Documents\4th Year Acts\Thesis\Latest Requirements\Thesis App\data_pipeline\data\working_audio\ensembles\PERF-002_SDNG_SNDG_Gangsa_ENSEMBLE02.wav,31,89.257506,0.963628,7688,0.036404,pending_review,,,
PERF-002-CAND-0032,PERF-002,PERF-002_SDNG_SNDG_Gangsa_ENSEMBLE02.wav,C:\Users\vonje\Documents\4th Year Acts\Thesis\Latest Requirements\Thesis App\data_pipeline\data\working_audio\ensembles\PERF-002_SDNG_SNDG_Gangsa_ENSEMBLE02.wav,32,91.196372,1.938866,7855,0.031863,pending_review,,,
PERF-002-CAND-0033,PERF-002,PERF-002_SDNG_SNDG_Gangsa_ENSEMBLE02.wav,C:\Users\vonje\Documents\4th Year Acts\Thesis\Latest Requirements\Thesis App\data_pipeline\data\working_audio\ensembles\PERF-002_SDNG_SNDG_Gangsa_ENSEMBLE02.wav,33,93.135238,1.938866,8022,0.036082,pending_review,,,
PERF-002-CAND-0034,PERF-002,PERF-002_SDNG_SNDG_Gangsa_ENSEMBLE02.wav,C:\Users\vonje\Documents\4th Year Acts\Thesis\Latest Requirements\Thesis App\data_pipeline\data\working_audio\ensembles\PERF-002_SDNG_SNDG_Gangsa_ENSEMBLE02.wav,34,95.341134,2.205896,8212,0.058454,pending_review,,,
PERF-002-CAND-0035,PERF-002,PERF-002_SDNG_SNDG_Gangsa_ENSEMBLE02.wav,C:\Users\vonje\Documents\4th Year Acts\Thesis\Latest Requirements\Thesis App\data_pipeline\data\working_audio\ensembles\PERF-002_SDNG_SNDG_Gangsa_ENSEMBLE02.wav,35,95.538503,0.19737,8229,0.037696,pending_review,,,
PERF-002-CAND-0036,PERF-002,PERF-002_SDNG_SNDG_Gangsa_ENSEMBLE02.wav,C:\Users\vonje\Documents\4th Year Acts\Thesis\Latest Requirements\Thesis App\data_pipeline\data\working_audio\ensembles\PERF-002_SDNG_SNDG_Gangsa_ENSEMBLE02.wav,36,96.978141,1.439637,8353,0.031011,pending_review,,,
PERF-002-CAND-0037,PERF-002,PERF-002_SDNG_SNDG_Gangsa_ENSEMBLE02.wav,C:\Users\vonje\Documents\4th Year Acts\Thesis\Latest Requirements\Thesis App\data_pipeline\data\working_audio\ensembles\PERF-002_SDNG_SNDG_Gangsa_ENSEMBLE02.wav,37,103.758367,6.780227,8937,0.065847,pending_review,,,
PERF-002-CAND-0038,PERF-002,PERF-002_SDNG_SNDG_Gangsa_ENSEMBLE02.wav,C:\Users\vonje\Documents\4th Year Acts\Thesis\Latest Requirements\Thesis App\data_pipeline\data\working_audio\ensembles\PERF-002_SDNG_SNDG_Gangsa_ENSEMBLE02.wav,38,104.489796,0.731429,9000,0.034091,pending_review,,,
PERF-002-CAND-0039,PERF-002,PERF-002_SDNG_SNDG_Gangsa_ENSEMBLE02.wav,C:\Users\vonje\Documents\4th Year Acts\Thesis\Latest Requirements\Thesis App\data_pipeline\data\working_audio\ensembles\PERF-002_SDNG_SNDG_Gangsa_ENSEMBLE02.wav,39,105.697234,1.207438,9104,0.044233,pending_review,,,
PERF-003-CAND-0001,PERF-003,PERF-003_SDNG_SNDG_Gangsa_ENSEMBLE03.wav,C:\Users\vonje\Documents\4th Year Acts\Thesis\Latest Requirements\Thesis App\data_pipeline\data\working_audio\ensembles\PERF-003_SDNG_SNDG_Gangsa_ENSEMBLE03.wav,1,0.02322,,2,0.0,pending_review,,,
PERF-003-CAND-0002,PERF-003,PERF-003_SDNG_SNDG_Gangsa_ENSEMBLE03.wav,C:\Users\vonje\Documents\4th Year Acts\Thesis\Latest Requirements\Thesis App\data_pipeline\data\working_audio\ensembles\PERF-003_SDNG_SNDG_Gangsa_ENSEMBLE03.wav,2,4.191202,4.167982,361,0.048321,pending_review,,,
PERF-003-CAND-0003,PERF-003,PERF-003_SDNG_SNDG_Gangsa_ENSEMBLE03.wav,C:\Users\vonje\Documents\4th Year Acts\Thesis\Latest Requirements\Thesis App\data_pipeline\data\working_audio\ensembles\PERF-003_SDNG_SNDG_Gangsa_ENSEMBLE03.wav,3,8.301134,4.109932,715,0.045401,pending_review,,,
PERF-003-CAND-0004,PERF-003,PERF-003_SDNG_SNDG_Gangsa_ENSEMBLE03.wav,C:\Users\vonje\Documents\4th Year Acts\Thesis\Latest Requirements\Thesis App\data_pipeline\data\working_audio\ensembles\PERF-003_SDNG_SNDG_Gangsa_ENSEMBLE03.wav,4,9.229932,0.928798,795,0.030528,pending_review,,,
PERF-003-CAND-0005,PERF-003,PERF-003_SDNG_SNDG_Gangsa_ENSEMBLE03.wav,C:\Users\vonje\Documents\4th Year Acts\Thesis\Latest Requirements\Thesis App\data_pipeline\data\working_audio\ensembles\PERF-003_SDNG_SNDG_Gangsa_ENSEMBLE03.wav,5,9.671111,0.441179,833,0.035009,pending_review,,,
PERF-003-CAND-0006,PERF-003,PERF-003_SDNG_SNDG_Gangsa_ENSEMBLE03.wav,C:\Users\vonje\Documents\4th Year Acts\Thesis\Latest Requirements\Thesis App\data_pipeline\data\working_audio\ensembles\PERF-003_SDNG_SNDG_Gangsa_ENSEMBLE03.wav,6,11.528707,1.857596,993,0.043284,pending_review,,,
PERF-003-CAND-0007,PERF-003,PERF-003_SDNG_SNDG_Gangsa_ENSEMBLE03.wav,C:\Users\vonje\Documents\4th Year Acts\Thesis\Latest Requirements\Thesis App\data_pipeline\data\working_audio\ensembles\PERF-003_SDNG_SNDG_Gangsa_ENSEMBLE03.wav,7,13.839093,2.310385,1192,0.032501,pending_review,,,
PERF-003-CAND-0008,PERF-003,PERF-003_SDNG_SNDG_Gangsa_ENSEMBLE03.wav,C:\Users\vonje\Documents\4th Year Acts\Thesis\Latest Requirements\Thesis App\data_pipeline\data\working_audio\ensembles\PERF-003_SDNG_SNDG_Gangsa_ENSEMBLE03.wav,8,14.767891,0.928798,1272,0.029708,pending_review,,,
PERF-003-CAND-0009,PERF-003,PERF-003_SDNG_SNDG_Gangsa_ENSEMBLE03.wav,C:\Users\vonje\Documents\4th Year Acts\Thesis\Latest Requirements\Thesis App\data_pipeline\data\working_audio\ensembles\PERF-003_SDNG_SNDG_Gangsa_ENSEMBLE03.wav,9,17.565896,2.798005,1513,0.044711,pending_review,,,
PERF-003-CAND-0010,PERF-003,PERF-003_SDNG_SNDG_Gangsa_ENSEMBLE03.wav,C:\Users\vonje\Documents\4th Year Acts\Thesis\Latest Requirements\Thesis App\data_pipeline\data\working_audio\ensembles\PERF-003_SDNG_SNDG_Gangsa_ENSEMBLE03.wav,10,19.876281,2.310385,1712,0.032278,pending_review,,,
PERF-003-CAND-0011,PERF-003,PERF-003_SDNG_SNDG_Gangsa_ENSEMBLE03.wav,C:\Users\vonje\Documents\4th Year Acts\Thesis\Latest Requirements\Thesis App\data_pipeline\data\working_audio\ensembles\PERF-003_SDNG_SNDG_Gangsa_ENSEMBLE03.wav,11,20.35229,0.476009,1753,0.037874,pending_review,,,
PERF-003-CAND-0012,PERF-003,PERF-003_SDNG_SNDG_Gangsa_ENSEMBLE03.wav,C:\Users\vonje\Documents\4th Year Acts\Thesis\Latest Requirements\Thesis App\data_pipeline\data\working_audio\ensembles\PERF-003_SDNG_SNDG_Gangsa_ENSEMBLE03.wav,12,23.150295,2.798005,1994,0.043221,pending_review,,,
PERF-003-CAND-0013,PERF-003,PERF-003_SDNG_SNDG_Gangsa_ENSEMBLE03.wav,C:\Users\vonje\Documents\4th Year Acts\Thesis\Latest Requirements\Thesis App\data_pipeline\data\working_audio\ensembles\PERF-003_SDNG_SNDG_Gangsa_ENSEMBLE03.wav,13,25.971519,2.821224,2237,0.046204,pending_review,,,
PERF-003-CAND-0014,PERF-003,PERF-003_SDNG_SNDG_Gangsa_ENSEMBLE03.wav,C:\Users\vonje\Documents\4th Year Acts\Thesis\Latest Requirements\Thesis App\data_pipeline\data\working_audio\ensembles\PERF-003_SDNG_SNDG_Gangsa_ENSEMBLE03.wav,14,27.353107,1.381587,2356,0.027257,pending_review,,,
PERF-003-CAND-0015,PERF-003,PERF-003_SDNG_SNDG_Gangsa_ENSEMBLE03.wav,C:\Users\vonje\Documents\4th Year Acts\Thesis\Latest Requirements\Thesis App\data_pipeline\data\working_audio\ensembles\PERF-003_SDNG_SNDG_Gangsa_ENSEMBLE03.wav,15,28.328345,0.975238,2440,0.052604,pending_review,,,
PERF-003-CAND-0016,PERF-003,PERF-003_SDNG_SNDG_Gangsa_ENSEMBLE03.wav,C:\Users\vonje\Documents\4th Year Acts\Thesis\Latest Requirements\Thesis App\data_pipeline\data\working_audio\ensembles\PERF-003_SDNG_SNDG_Gangsa_ENSEMBLE03.wav,16,28.781134,0.452789,2479,0.028629,pending_review,,,
PERF-003-CAND-0017,PERF-003,PERF-003_SDNG_SNDG_Gangsa_ENSEMBLE03.wav,C:\Users\vonje\Documents\4th Year Acts\Thesis\Latest Requirements\Thesis App\data_pipeline\data\working_audio\ensembles\PERF-003_SDNG_SNDG_Gangsa_ENSEMBLE03.wav,17,31.137959,2.356825,2682,0.033072,pending_review,,,
PERF-003-CAND-0018,PERF-003,PERF-003_SDNG_SNDG_Gangsa_ENSEMBLE03.wav,C:\Users\vonje\Documents\4th Year Acts\Thesis\Latest Requirements\Thesis App\data_pipeline\data\working_audio\ensembles\PERF-003_SDNG_SNDG_Gangsa_ENSEMBLE03.wav,18,34.887982,3.750023,3005,0.031755,pending_review,,,
PERF-003-CAND-0019,PERF-003,PERF-003_SDNG_SNDG_Gangsa_ENSEMBLE03.wav,C:\Users\vonje\Documents\4th Year Acts\Thesis\Latest Requirements\Thesis App\data_pipeline\data\working_audio\ensembles\PERF-003_SDNG_SNDG_Gangsa_ENSEMBLE03.wav,19,37.755646,2.867664,3252,0.032314,pending_review,,,
PERF-003-CAND-0020,PERF-003,PERF-003_SDNG_SNDG_Gangsa_ENSEMBLE03.wav,C:\Users\vonje\Documents\4th Year Acts\Thesis\Latest Requirements\Thesis App\data_pipeline\data\working_audio\ensembles\PERF-003_SDNG_SNDG_Gangsa_ENSEMBLE03.wav,20,38.220045,0.464399,3292,0.043446,pending_review,,,
PERF-003-CAND-0021,PERF-003,PERF-003_SDNG_SNDG_Gangsa_ENSEMBLE03.wav,C:\Users\vonje\Documents\4th Year Acts\Thesis\Latest Requirements\Thesis App\data_pipeline\data\working_audio\ensembles\PERF-003_SDNG_SNDG_Gangsa_ENSEMBLE03.wav,21,38.916644,0.696599,3352,0.048589,pending_review,,,
PERF-003-CAND-0022,PERF-003,PERF-003_SDNG_SNDG_Gangsa_ENSEMBLE03.wav,C:\Users\vonje\Documents\4th Year Acts\Thesis\Latest Requirements\Thesis App\data_pipeline\data\working_audio\ensembles\PERF-003_SDNG_SNDG_Gangsa_ENSEMBLE03.wav,22,39.624853,0.708209,3413,0.03999,pending_review,,,
PERF-003-CAND-0023,PERF-003,PERF-003_SDNG_SNDG_Gangsa_ENSEMBLE03.wav,C:\Users\vonje\Documents\4th Year Acts\Thesis\Latest Requirements\Thesis App\data_pipeline\data\working_audio\ensembles\PERF-003_SDNG_SNDG_Gangsa_ENSEMBLE03.wav,23,40.089252,0.464399,3453,0.034097,pending_review,,,
PERF-003-CAND-0024,PERF-003,PERF-003_SDNG_SNDG_Gangsa_ENSEMBLE03.wav,C:\Users\vonje\Documents\4th Year Acts\Thesis\Latest Requirements\Thesis App\data_pipeline\data\working_audio\ensembles\PERF-003_SDNG_SNDG_Gangsa_ENSEMBLE03.wav,24,41.505669,1.416417,3575,0.038808,pending_review,,,
PERF-003-CAND-0025,PERF-003,PERF-003_SDNG_SNDG_Gangsa_ENSEMBLE03.wav,C:\Users\vonje\Documents\4th Year Acts\Thesis\Latest Requirements\Thesis App\data_pipeline\data\working_audio\ensembles\PERF-003_SDNG_SNDG_Gangsa_ENSEMBLE03.wav,25,42.922086,1.416417,3697,0.04037,pending_review,,,
PERF-003-CAND-0026,PERF-003,PERF-003_SDNG_SNDG_Gangsa_ENSEMBLE03.wav,C:\Users\vonje\Documents\4th Year Acts\Thesis\Latest Requirements\Thesis App\data_pipeline\data\working_audio\ensembles\PERF-003_SDNG_SNDG_Gangsa_ENSEMBLE03.wav,26,43.386485,0.464399,3737,0.061032,pending_review,,,
PERF-003-CAND-0027,PERF-003,PERF-003_SDNG_SNDG_Gangsa_ENSEMBLE03.wav,C:\Users\vonje\Documents\4th Year Acts\Thesis\Latest Requirements\Thesis App\data_pipeline\data\working_audio\ensembles\PERF-003_SDNG_SNDG_Gangsa_ENSEMBLE03.wav,27,45.267302,1.880816,3899,0.028885,pending_review,,,
PERF-003-CAND-0028,PERF-003,PERF-003_SDNG_SNDG_Gangsa_ENSEMBLE03.wav,C:\Users\vonje\Documents\4th Year Acts\Thesis\Latest Requirements\Thesis App\data_pipeline\data\working_audio\ensembles\PERF-003_SDNG_SNDG_Gangsa_ENSEMBLE03.wav,28,46.695329,1.428027,4022,0.020253,pending_review,,,
PERF-003-CAND-0029,PERF-003,PERF-003_SDNG_SNDG_Gangsa_ENSEMBLE03.wav,C:\Users\vonje\Documents\4th Year Acts\Thesis\Latest Requirements\Thesis App\data_pipeline\data\working_audio\ensembles\PERF-003_SDNG_SNDG_Gangsa_ENSEMBLE03.wav,29,47.159728,0.464399,4062,0.031435,pending_review,,,
PERF-003-CAND-0030,PERF-003,PERF-003_SDNG_SNDG_Gangsa_ENSEMBLE03.wav,C:\Users\vonje\Documents\4th Year Acts\Thesis\Latest Requirements\Thesis App\data_pipeline\data\working_audio\ensembles\PERF-003_SDNG_SNDG_Gangsa_ENSEMBLE03.wav,30,52.395828,5.2361,4513,0.03456,pending_review,,,
PERF-003-CAND-0031,PERF-003,PERF-003_SDNG_SNDG_Gangsa_ENSEMBLE03.wav,C:\Users\vonje\Documents\4th Year Acts\Thesis\Latest Requirements\Thesis App\data_pipeline\data\working_audio\ensembles\PERF-003_SDNG_SNDG_Gangsa_ENSEMBLE03.wav,31,52.871837,0.476009,4554,0.03204,pending_review,,,
PERF-003-CAND-0032,PERF-003,PERF-003_SDNG_SNDG_Gangsa_ENSEMBLE03.wav,C:\Users\vonje\Documents\4th Year Acts\Thesis\Latest Requirements\Thesis App\data_pipeline\data\working_audio\ensembles\PERF-003_SDNG_SNDG_Gangsa_ENSEMBLE03.wav,32,53.359456,0.487619,4596,0.036615,pending_review,,,
PERF-003-CAND-0033,PERF-003,PERF-003_SDNG_SNDG_Gangsa_ENSEMBLE03.wav,C:\Users\vonje\Documents\4th Year Acts\Thesis\Latest Requirements\Thesis App\data_pipeline\data\working_audio\ensembles\PERF-003_SDNG_SNDG_Gangsa_ENSEMBLE03.wav,33,65.306122,11.946667,5625,0.023906,pending_review,,,
PERF-003-CAND-0034,PERF-003,PERF-003_SDNG_SNDG_Gangsa_ENSEMBLE03.wav,C:\Users\vonje\Documents\4th Year Acts\Thesis\Latest Requirements\Thesis App\data_pipeline\data\working_audio\ensembles\PERF-003_SDNG_SNDG_Gangsa_ENSEMBLE03.wav,34,65.816961,0.510839,5669,0.035023,pending_review,,,
PERF-004-CAND-0001,PERF-004,PERF-004_SDNG_SNDG_Gangsa_ENSEMBLE04.wav,C:\Users\vonje\Documents\4th Year Acts\Thesis\Latest Requirements\Thesis App\data_pipeline\data\working_audio\ensembles\PERF-004_SDNG_SNDG_Gangsa_ENSEMBLE04.wav,1,0.16254,,14,0.024433,pending_review,,,
PERF-004-CAND-0002,PERF-004,PERF-004_SDNG_SNDG_Gangsa_ENSEMBLE04.wav,C:\Users\vonje\Documents\4th Year Acts\Thesis\Latest Requirements\Thesis App\data_pipeline\data\working_audio\ensembles\PERF-004_SDNG_SNDG_Gangsa_ENSEMBLE04.wav,2,0.673379,0.510839,58,0.020957,pending_review,,,
PERF-004-CAND-0003,PERF-004,PERF-004_SDNG_SNDG_Gangsa_ENSEMBLE04.wav,C:\Users\vonje\Documents\4th Year Acts\Thesis\Latest Requirements\Thesis App\data_pipeline\data\working_audio\ensembles\PERF-004_SDNG_SNDG_Gangsa_ENSEMBLE04.wav,3,0.986848,0.313469,85,0.033522,pending_review,,,
PERF-004-CAND-0004,PERF-004,PERF-004_SDNG_SNDG_Gangsa_ENSEMBLE04.wav,C:\Users\vonje\Documents\4th Year Acts\Thesis\Latest Requirements\Thesis App\data_pipeline\data\working_audio\ensembles\PERF-004_SDNG_SNDG_Gangsa_ENSEMBLE04.wav,4,1.242268,0.25542,107,0.034822,pending_review,,,
PERF-004-CAND-0005,PERF-004,PERF-004_SDNG_SNDG_Gangsa_ENSEMBLE04.wav,C:\Users\vonje\Documents\4th Year Acts\Thesis\Latest Requirements\Thesis App\data_pipeline\data\working_audio\ensembles\PERF-004_SDNG_SNDG_Gangsa_ENSEMBLE04.wav,5,1.834376,0.592109,158,0.02778,pending_review,,,
PERF-004-CAND-0006,PERF-004,PERF-004_SDNG_SNDG_Gangsa_ENSEMBLE04.wav,C:\Users\vonje\Documents\4th Year Acts\Thesis\Latest Requirements\Thesis App\data_pipeline\data\working_audio\ensembles\PERF-004_SDNG_SNDG_Gangsa_ENSEMBLE04.wav,6,2.380045,0.545669,205,0.016098,pending_review,,,
PERF-004-CAND-0007,PERF-004,PERF-004_SDNG_SNDG_Gangsa_ENSEMBLE04.wav,C:\Users\vonje\Documents\4th Year Acts\Thesis\Latest Requirements\Thesis App\data_pipeline\data\working_audio\ensembles\PERF-004_SDNG_SNDG_Gangsa_ENSEMBLE04.wav,7,3.506213,1.126168,302,0.029746,pending_review,,,
PERF-004-CAND-0008,PERF-004,PERF-004_SDNG_SNDG_Gangsa_ENSEMBLE04.wav,C:\Users\vonje\Documents\4th Year Acts\Thesis\Latest Requirements\Thesis App\data_pipeline\data\working_audio\ensembles\PERF-004_SDNG_SNDG_Gangsa_ENSEMBLE04.wav,8,4.075102,0.568889,351,0.033186,pending_review,,,
PERF-004-CAND-0009,PERF-004,PERF-004_SDNG_SNDG_Gangsa_ENSEMBLE04.wav,C:\Users\vonje\Documents\4th Year Acts\Thesis\Latest Requirements\Thesis App\data_pipeline\data\working_audio\ensembles\PERF-004_SDNG_SNDG_Gangsa_ENSEMBLE04.wav,9,4.655601,0.580499,401,0.040346,pending_review,,,
PERF-004-CAND-0010,PERF-004,PERF-004_SDNG_SNDG_Gangsa_ENSEMBLE04.wav,C:\Users\vonje\Documents\4th Year Acts\Thesis\Latest Requirements\Thesis App\data_pipeline\data\working_audio\ensembles\PERF-004_SDNG_SNDG_Gangsa_ENSEMBLE04.wav,10,4.93424,0.278639,425,0.024758,pending_review,,,
PERF-004-CAND-0011,PERF-004,PERF-004_SDNG_SNDG_Gangsa_ENSEMBLE04.wav,C:\Users\vonje\Documents\4th Year Acts\Thesis\Latest Requirements\Thesis App\data_pipeline\data\working_audio\ensembles\PERF-004_SDNG_SNDG_Gangsa_ENSEMBLE04.wav,11,5.491519,0.557279,473,0.017286,pending_review,,,
PERF-004-CAND-0012,PERF-004,PERF-004_SDNG_SNDG_Gangsa_ENSEMBLE04.wav,C:\Users\vonje\Documents\4th Year Acts\Thesis\Latest Requirements\Thesis App\data_pipeline\data\working_audio\ensembles\PERF-004_SDNG_SNDG_Gangsa_ENSEMBLE04.wav,12,5.758549,0.267029,496,0.033874,pending_review,,,
PERF-004-CAND-0013,PERF-004,PERF-004_SDNG_SNDG_Gangsa_ENSEMBLE04.wav,C:\Users\vonje\Documents\4th Year Acts\Thesis\Latest Requirements\Thesis App\data_pipeline\data\working_audio\ensembles\PERF-004_SDNG_SNDG_Gangsa_ENSEMBLE04.wav,13,6.025578,0.267029,519,0.02743,pending_review,,,
PERF-004-CAND-0014,PERF-004,PERF-004_SDNG_SNDG_Gangsa_ENSEMBLE04.wav,C:\Users\vonje\Documents\4th Year Acts\Thesis\Latest Requirements\Thesis App\data_pipeline\data\working_audio\ensembles\PERF-004_SDNG_SNDG_Gangsa_ENSEMBLE04.wav,14,6.606077,0.580499,569,0.015418,pending_review,,,
PERF-004-CAND-0015,PERF-004,PERF-004_SDNG_SNDG_Gangsa_ENSEMBLE04.wav,C:\Users\vonje\Documents\4th Year Acts\Thesis\Latest Requirements\Thesis App\data_pipeline\data\working_audio\ensembles\PERF-004_SDNG_SNDG_Gangsa_ENSEMBLE04.wav,15,6.884717,0.278639,593,0.025067,pending_review,,,
PERF-004-CAND-0016,PERF-004,PERF-004_SDNG_SNDG_Gangsa_ENSEMBLE04.wav,C:\Users\vonje\Documents\4th Year Acts\Thesis\Latest Requirements\Thesis App\data_pipeline\data\working_audio\ensembles\PERF-004_SDNG_SNDG_Gangsa_ENSEMBLE04.wav,16,7.174966,0.290249,618,0.021428,pending_review,,,
PERF-004-CAND-0017,PERF-004,PERF-004_SDNG_SNDG_Gangsa_ENSEMBLE04.wav,C:\Users\vonje\Documents\4th Year Acts\Thesis\Latest Requirements\Thesis App\data_pipeline\data\working_audio\ensembles\PERF-004_SDNG_SNDG_Gangsa_ENSEMBLE04.wav,17,7.732245,0.557279,666,0.030942,pending_review,,,
PERF-004-CAND-0018,PERF-004,PERF-004_SDNG_SNDG_Gangsa_ENSEMBLE04.wav,C:\Users\vonje\Documents\4th Year Acts\Thesis\Latest Requirements\Thesis App\data_pipeline\data\working_audio\ensembles\PERF-004_SDNG_SNDG_Gangsa_ENSEMBLE04.wav,18,8.010884,0.278639,690,0.03091,pending_review,,,
PERF-004-CAND-0019,PERF-004,PERF-004_SDNG_SNDG_Gangsa_ENSEMBLE04.wav,C:\Users\vonje\Documents\4th Year Acts\Thesis\Latest Requirements\Thesis App\data_pipeline\data\working_audio\ensembles\PERF-004_SDNG_SNDG_Gangsa_ENSEMBLE04.wav,19,8.289524,0.278639,714,0.029961,pending_review,,,
PERF-004-CAND-0020,PERF-004,PERF-004_SDNG_SNDG_Gangsa_ENSEMBLE04.wav,C:\Users\vonje\Documents\4th Year Acts\Thesis\Latest Requirements\Thesis App\data_pipeline\data\working_audio\ensembles\PERF-004_SDNG_SNDG_Gangsa_ENSEMBLE04.wav,20,8.568163,0.278639,738,0.024791,pending_review,,,
PERF-004-CAND-0021,PERF-004,PERF-004_SDNG_SNDG_Gangsa_ENSEMBLE04.wav,C:\Users\vonje\Documents\4th Year Acts\Thesis\Latest Requirements\Thesis App\data_pipeline\data\working_audio\ensembles\PERF-004_SDNG_SNDG_Gangsa_ENSEMBLE04.wav,21,9.125442,0.557279,786,0.025919,pending_review,,,
PERF-004-CAND-0022,PERF-004,PERF-004_SDNG_SNDG_Gangsa_ENSEMBLE04.wav,C:\Users\vonje\Documents\4th Year Acts\Thesis\Latest Requirements\Thesis App\data_pipeline\data\working_audio\ensembles\PERF-004_SDNG_SNDG_Gangsa_ENSEMBLE04.wav,22,9.427302,0.301859,812,0.030096,pending_review,,,
PERF-004-CAND-0023,PERF-004,PERF-004_SDNG_SNDG_Gangsa_ENSEMBLE04.wav,C:\Users\vonje\Documents\4th Year Acts\Thesis\Latest Requirements\Thesis App\data_pipeline\data\working_audio\ensembles\PERF-004_SDNG_SNDG_Gangsa_ENSEMBLE04.wav,23,9.98458,0.557279,860,0.030632,pending_review,,,
PERF-004-CAND-0024,PERF-004,PERF-004_SDNG_SNDG_Gangsa_ENSEMBLE04.wav,C:\Users\vonje\Documents\4th Year Acts\Thesis\Latest Requirements\Thesis App\data_pipeline\data\working_audio\ensembles\PERF-004_SDNG_SNDG_Gangsa_ENSEMBLE04.wav,24,11.633197,1.648617,1002,0.03259,pending_review,,,
PERF-004-CAND-0025,PERF-004,PERF-004_SDNG_SNDG_Gangsa_ENSEMBLE04.wav,C:\Users\vonje\Documents\4th Year Acts\Thesis\Latest Requirements\Thesis App\data_pipeline\data\working_audio\ensembles\PERF-004_SDNG_SNDG_Gangsa_ENSEMBLE04.wav,25,11.900227,0.267029,1025,0.021841,pending_review,,,
PERF-004-CAND-0026,PERF-004,PERF-004_SDNG_SNDG_Gangsa_ENSEMBLE04.wav,C:\Users\vonje\Documents\4th Year Acts\Thesis\Latest Requirements\Thesis App\data_pipeline\data\working_audio\ensembles\PERF-004_SDNG_SNDG_Gangsa_ENSEMBLE04.wav,26,12.434286,0.534059,1071,0.021914,pending_review,,,
PERF-004-CAND-0027,PERF-004,PERF-004_SDNG_SNDG_Gangsa_ENSEMBLE04.wav,C:\Users\vonje\Documents\4th Year Acts\Thesis\Latest Requirements\Thesis App\data_pipeline\data\working_audio\ensembles\PERF-004_SDNG_SNDG_Gangsa_ENSEMBLE04.wav,27,12.968345,0.534059,1117,0.024558,pending_review,,,
PERF-004-CAND-0028,PERF-004,PERF-004_SDNG_SNDG_Gangsa_ENSEMBLE04.wav,C:\Users\vonje\Documents\4th Year Acts\Thesis\Latest Requirements\Thesis App\data_pipeline\data\working_audio\ensembles\PERF-004_SDNG_SNDG_Gangsa_ENSEMBLE04.wav,28,14.628571,1.660227,1260,0.023184,pending_review,,,
PERF-004-CAND-0029,PERF-004,PERF-004_SDNG_SNDG_Gangsa_ENSEMBLE04.wav,C:\Users\vonje\Documents\4th Year Acts\Thesis\Latest Requirements\Thesis App\data_pipeline\data\working_audio\ensembles\PERF-004_SDNG_SNDG_Gangsa_ENSEMBLE04.wav,29,15.18585,0.557279,1308,0.019765,pending_review,,,
PERF-004-CAND-0030,PERF-004,PERF-004_SDNG_SNDG_Gangsa_ENSEMBLE04.wav,C:\Users\vonje\Documents\4th Year Acts\Thesis\Latest Requirements\Thesis App\data_pipeline\data\working_audio\ensembles\PERF-004_SDNG_SNDG_Gangsa_ENSEMBLE04.wav,30,15.719909,0.534059,1354,0.021412,pending_review,,,
PERF-004-CAND-0031,PERF-004,PERF-004_SDNG_SNDG_Gangsa_ENSEMBLE04.wav,C:\Users\vonje\Documents\4th Year Acts\Thesis\Latest Requirements\Thesis App\data_pipeline\data\working_audio\ensembles\PERF-004_SDNG_SNDG_Gangsa_ENSEMBLE04.wav,31,16.834467,1.114558,1450,0.025314,pending_review,,,
PERF-004-CAND-0032,PERF-004,PERF-004_SDNG_SNDG_Gangsa_ENSEMBLE04.wav,C:\Users\vonje\Documents\4th Year Acts\Thesis\Latest Requirements\Thesis App\data_pipeline\data\working_audio\ensembles\PERF-004_SDNG_SNDG_Gangsa_ENSEMBLE04.wav,32,17.983855,1.149388,1549,0.052143,pending_review,,,
PERF-004-CAND-0033,PERF-004,PERF-004_SDNG_SNDG_Gangsa_ENSEMBLE04.wav,C:\Users\vonje\Documents\4th Year Acts\Thesis\Latest Requirements\Thesis App\data_pipeline\data\working_audio\ensembles\PERF-004_SDNG_SNDG_Gangsa_ENSEMBLE04.wav,33,18.250884,0.267029,1572,0.023399,pending_review,,,
PERF-004-CAND-0034,PERF-004,PERF-004_SDNG_SNDG_Gangsa_ENSEMBLE04.wav,C:\Users\vonje\Documents\4th Year Acts\Thesis\Latest Requirements\Thesis App\data_pipeline\data\working_audio\ensembles\PERF-004_SDNG_SNDG_Gangsa_ENSEMBLE04.wav,34,18.529524,0.278639,1596,0.027093,pending_review,,,
PERF-004-CAND-0035,PERF-004,PERF-004_SDNG_SNDG_Gangsa_ENSEMBLE04.wav,C:\Users\vonje\Documents\4th Year Acts\Thesis\Latest Requirements\Thesis App\data_pipeline\data\working_audio\ensembles\PERF-004_SDNG_SNDG_Gangsa_ENSEMBLE04.wav,35,18.819773,0.290249,1621,0.022675,pending_review,,,
PERF-004-CAND-0036,PERF-004,PERF-004_SDNG_SNDG_Gangsa_ENSEMBLE04.wav,C:\Users\vonje\Documents\4th Year Acts\Thesis\Latest Requirements\Thesis App\data_pipeline\data\working_audio\ensembles\PERF-004_SDNG_SNDG_Gangsa_ENSEMBLE04.wav,36,19.655692,0.835918,1693,0.043372,pending_review,,,
PERF-004-CAND-0037,PERF-004,PERF-004_SDNG_SNDG_Gangsa_ENSEMBLE04.wav,C:\Users\vonje\Documents\4th Year Acts\Thesis\Latest Requirements\Thesis App\data_pipeline\data\working_audio\ensembles\PERF-004_SDNG_SNDG_Gangsa_ENSEMBLE04.wav,37,21.025669,1.369977,1811,0.021403,pending_review,,,
PERF-004-CAND-0038,PERF-004,PERF-004_SDNG_SNDG_Gangsa_ENSEMBLE04.wav,C:\Users\vonje\Documents\4th Year Acts\Thesis\Latest Requirements\Thesis App\data_pipeline\data\working_audio\ensembles\PERF-004_SDNG_SNDG_Gangsa_ENSEMBLE04.wav,38,22.105397,1.079728,1904,0.018787,pending_review,,,
PERF-004-CAND-0039,PERF-004,PERF-004_SDNG_SNDG_Gangsa_ENSEMBLE04.wav,C:\Users\vonje\Documents\4th Year Acts\Thesis\Latest Requirements\Thesis App\data_pipeline\data\working_audio\ensembles\PERF-004_SDNG_SNDG_Gangsa_ENSEMBLE04.wav,39,22.674286,0.568889,1953,0.028448,pending_review,,,
PERF-004-CAND-0040,PERF-004,PERF-004_SDNG_SNDG_Gangsa_ENSEMBLE04.wav,C:\Users\vonje\Documents\4th Year Acts\Thesis\Latest Requirements\Thesis App\data_pipeline\data\working_audio\ensembles\PERF-004_SDNG_SNDG_Gangsa_ENSEMBLE04.wav,40,22.941315,0.267029,1976,0.02195,pending_review,,,
PERF-004-CAND-0041,PERF-004,PERF-004_SDNG_SNDG_Gangsa_ENSEMBLE04.wav,C:\Users\vonje\Documents\4th Year Acts\Thesis\Latest Requirements\Thesis App\data_pipeline\data\working_audio\ensembles\PERF-004_SDNG_SNDG_Gangsa_ENSEMBLE04.wav,41,23.754014,0.812698,2046,0.030292,pending_review,,,
PERF-004-CAND-0042,PERF-004,PERF-004_SDNG_SNDG_Gangsa_ENSEMBLE04.wav,C:\Users\vonje\Documents\4th Year Acts\Thesis\Latest Requirements\Thesis App\data_pipeline\data\working_audio\ensembles\PERF-004_SDNG_SNDG_Gangsa_ENSEMBLE04.wav,42,24.044263,0.290249,2071,0.020213,pending_review,,,
PERF-004-CAND-0043,PERF-004,PERF-004_SDNG_SNDG_Gangsa_ENSEMBLE04.wav,C:\Users\vonje\Documents\4th Year Acts\Thesis\Latest Requirements\Thesis App\data_pipeline\data\working_audio\ensembles\PERF-004_SDNG_SNDG_Gangsa_ENSEMBLE04.wav,43,24.311293,0.267029,2094,0.029029,pending_review,,,
PERF-004-CAND-0044,PERF-004,PERF-004_SDNG_SNDG_Gangsa_ENSEMBLE04.wav,C:\Users\vonje\Documents\4th Year Acts\Thesis\Latest Requirements\Thesis App\data_pipeline\data\working_audio\ensembles\PERF-004_SDNG_SNDG_Gangsa_ENSEMBLE04.wav,44,24.845351,0.534059,2140,0.02444,pending_review,,,
PERF-004-CAND-0045,PERF-004,PERF-004_SDNG_SNDG_Gangsa_ENSEMBLE04.wav,C:\Users\vonje\Documents\4th Year Acts\Thesis\Latest Requirements\Thesis App\data_pipeline\data\working_audio\ensembles\PERF-004_SDNG_SNDG_Gangsa_ENSEMBLE04.wav,45,25.123991,0.278639,2164,0.021805,pending_review,,,
PERF-004-CAND-0046,PERF-004,PERF-004_SDNG_SNDG_Gangsa_ENSEMBLE04.wav,C:\Users\vonje\Documents\4th Year Acts\Thesis\Latest Requirements\Thesis App\data_pipeline\data\working_audio\ensembles\PERF-004_SDNG_SNDG_Gangsa_ENSEMBLE04.wav,46,26.261769,1.137778,2262,0.079802,pending_review,,,
PERF-004-CAND-0047,PERF-004,PERF-004_SDNG_SNDG_Gangsa_ENSEMBLE04.wav,C:\Users\vonje\Documents\4th Year Acts\Thesis\Latest Requirements\Thesis App\data_pipeline\data\working_audio\ensembles\PERF-004_SDNG_SNDG_Gangsa_ENSEMBLE04.wav,47,26.784218,0.522449,2307,0.026905,pending_review,,,
PERF-004-CAND-0048,PERF-004,PERF-004_SDNG_SNDG_Gangsa_ENSEMBLE04.wav,C:\Users\vonje\Documents\4th Year Acts\Thesis\Latest Requirements\Thesis App\data_pipeline\data\working_audio\ensembles\PERF-004_SDNG_SNDG_Gangsa_ENSEMBLE04.wav,48,27.051247,0.267029,2330,0.026232,pending_review,,,
PERF-004-CAND-0049,PERF-004,PERF-004_SDNG_SNDG_Gangsa_ENSEMBLE04.wav,C:\Users\vonje\Documents\4th Year Acts\Thesis\Latest Requirements\Thesis App\data_pipeline\data\working_audio\ensembles\PERF-004_SDNG_SNDG_Gangsa_ENSEMBLE04.wav,49,27.329887,0.278639,2354,0.024812,pending_review,,,
PERF-004-CAND-0050,PERF-004,PERF-004_SDNG_SNDG_Gangsa_ENSEMBLE04.wav,C:\Users\vonje\Documents\4th Year Acts\Thesis\Latest Requirements\Thesis App\data_pipeline\data\working_audio\ensembles\PERF-004_SDNG_SNDG_Gangsa_ENSEMBLE04.wav,50,27.608526,0.278639,2378,0.027154,pending_review,,,
PERF-004-CAND-0051,PERF-004,PERF-004_SDNG_SNDG_Gangsa_ENSEMBLE04.wav,C:\Users\vonje\Documents\4th Year Acts\Thesis\Latest Requirements\Thesis App\data_pipeline\data\working_audio\ensembles\PERF-004_SDNG_SNDG_Gangsa_ENSEMBLE04.wav,51,27.887166,0.278639,2402,0.021951,pending_review,,,
PERF-004-CAND-0052,PERF-004,PERF-004_SDNG_SNDG_Gangsa_ENSEMBLE04.wav,C:\Users\vonje\Documents\4th Year Acts\Thesis\Latest Requirements\Thesis App\data_pipeline\data\working_audio\ensembles\PERF-004_SDNG_SNDG_Gangsa_ENSEMBLE04.wav,52,28.154195,0.267029,2425,0.020674,pending_review,,,
PERF-004-CAND-0053,PERF-004,PERF-004_SDNG_SNDG_Gangsa_ENSEMBLE04.wav,C:\Users\vonje\Documents\4th Year Acts\Thesis\Latest Requirements\Thesis App\data_pipeline\data\working_audio\ensembles\PERF-004_SDNG_SNDG_Gangsa_ENSEMBLE04.wav,53,28.699864,0.545669,2472,0.026085,pending_review,,,
PERF-004-CAND-0054,PERF-004,PERF-004_SDNG_SNDG_Gangsa_ENSEMBLE04.wav,C:\Users\vonje\Documents\4th Year Acts\Thesis\Latest Requirements\Thesis App\data_pipeline\data\working_audio\ensembles\PERF-004_SDNG_SNDG_Gangsa_ENSEMBLE04.wav,54,29.280363,0.580499,2522,0.02209,pending_review,,,
PERF-004-CAND-0055,PERF-004,PERF-004_SDNG_SNDG_Gangsa_ENSEMBLE04.wav,C:\Users\vonje\Documents\4th Year Acts\Thesis\Latest Requirements\Thesis App\data_pipeline\data\working_audio\ensembles\PERF-004_SDNG_SNDG_Gangsa_ENSEMBLE04.wav,55,29.547392,0.267029,2545,0.024117,pending_review,,,
PERF-004-CAND-0056,PERF-004,PERF-004_SDNG_SNDG_Gangsa_ENSEMBLE04.wav,C:\Users\vonje\Documents\4th Year Acts\Thesis\Latest Requirements\Thesis App\data_pipeline\data\working_audio\ensembles\PERF-004_SDNG_SNDG_Gangsa_ENSEMBLE04.wav,56,29.849252,0.301859,2571,0.024136,pending_review,,,
PERF-004-CAND-0057,PERF-004,PERF-004_SDNG_SNDG_Gangsa_ENSEMBLE04.wav,C:\Users\vonje\Documents\4th Year Acts\Thesis\Latest Requirements\Thesis App\data_pipeline\data\working_audio\ensembles\PERF-004_SDNG_SNDG_Gangsa_ENSEMBLE04.wav,57,31.196009,1.346757,2687,0.025725,pending_review,,,
PERF-004-CAND-0058,PERF-004,PERF-004_SDNG_SNDG_Gangsa_ENSEMBLE04.wav,C:\Users\vonje\Documents\4th Year Acts\Thesis\Latest Requirements\Thesis App\data_pipeline\data\working_audio\ensembles\PERF-004_SDNG_SNDG_Gangsa_ENSEMBLE04.wav,58,31.764898,0.568889,2736,0.019788,pending_review,,,
PERF-004-CAND-0059,PERF-004,PERF-004_SDNG_SNDG_Gangsa_ENSEMBLE04.wav,C:\Users\vonje\Documents\4th Year Acts\Thesis\Latest Requirements\Thesis App\data_pipeline\data\working_audio\ensembles\PERF-004_SDNG_SNDG_Gangsa_ENSEMBLE04.wav,59,32.008707,0.24381,2757,0.03679,pending_review,,,
PERF-004-CAND-0060,PERF-004,PERF-004_SDNG_SNDG_Gangsa_ENSEMBLE04.wav,C:\Users\vonje\Documents\4th Year Acts\Thesis\Latest Requirements\Thesis App\data_pipeline\data\working_audio\ensembles\PERF-004_SDNG_SNDG_Gangsa_ENSEMBLE04.wav,60,32.310567,0.301859,2783,0.031579,pending_review,,,
PERF-004-CAND-0061,PERF-004,PERF-004_SDNG_SNDG_Gangsa_ENSEMBLE04.wav,C:\Users\vonje\Documents\4th Year Acts\Thesis\Latest Requirements\Thesis App\data_pipeline\data\working_audio\ensembles\PERF-004_SDNG_SNDG_Gangsa_ENSEMBLE04.wav,61,32.844626,0.534059,2829,0.0194,pending_review,,,
PERF-004-CAND-0062,PERF-004,PERF-004_SDNG_SNDG_Gangsa_ENSEMBLE04.wav,C:\Users\vonje\Documents\4th Year Acts\Thesis\Latest Requirements\Thesis App\data_pipeline\data\working_audio\ensembles\PERF-004_SDNG_SNDG_Gangsa_ENSEMBLE04.wav,62,34.818322,1.973696,2999,0.034416,pending_review,,,
PERF-004-CAND-0063,PERF-004,PERF-004_SDNG_SNDG_Gangsa_ENSEMBLE04.wav,C:\Users\vonje\Documents\4th Year Acts\Thesis\Latest Requirements\Thesis App\data_pipeline\data\working_audio\ensembles\PERF-004_SDNG_SNDG_Gangsa_ENSEMBLE04.wav,63,36.188299,1.369977,3117,0.029044,pending_review,,,
PERF-004-CAND-0064,PERF-004,PERF-004_SDNG_SNDG_Gangsa_ENSEMBLE04.wav,C:\Users\vonje\Documents\4th Year Acts\Thesis\Latest Requirements\Thesis App\data_pipeline\data\working_audio\ensembles\PERF-004_SDNG_SNDG_Gangsa_ENSEMBLE04.wav,64,37.314467,1.126168,3214,0.024757,pending_review,,,
PERF-004-CAND-0065,PERF-004,PERF-004_SDNG_SNDG_Gangsa_ENSEMBLE04.wav,C:\Users\vonje\Documents\4th Year Acts\Thesis\Latest Requirements\Thesis App\data_pipeline\data\working_audio\ensembles\PERF-004_SDNG_SNDG_Gangsa_ENSEMBLE04.wav,65,37.871746,0.557279,3262,0.035712,pending_review,,,
PERF-004-CAND-0066,PERF-004,PERF-004_SDNG_SNDG_Gangsa_ENSEMBLE04.wav,C:\Users\vonje\Documents\4th Year Acts\Thesis\Latest Requirements\Thesis App\data_pipeline\data\working_audio\ensembles\PERF-004_SDNG_SNDG_Gangsa_ENSEMBLE04.wav,66,40.089252,2.217506,3453,0.018516,pending_review,,,
PERF-004-CAND-0067,PERF-004,PERF-004_SDNG_SNDG_Gangsa_ENSEMBLE04.wav,C:\Users\vonje\Documents\4th Year Acts\Thesis\Latest Requirements\Thesis App\data_pipeline\data\working_audio\ensembles\PERF-004_SDNG_SNDG_Gangsa_ENSEMBLE04.wav,67,40.90195,0.812698,3523,0.025212,pending_review,,,
PERF-004-CAND-0068,PERF-004,PERF-004_SDNG_SNDG_Gangsa_ENSEMBLE04.wav,C:\Users\vonje\Documents\4th Year Acts\Thesis\Latest Requirements\Thesis App\data_pipeline\data\working_audio\ensembles\PERF-004_SDNG_SNDG_Gangsa_ENSEMBLE04.wav,68,41.470839,0.568889,3572,0.032944,pending_review,,,
PERF-004-CAND-0069,PERF-004,PERF-004_SDNG_SNDG_Gangsa_ENSEMBLE04.wav,C:\Users\vonje\Documents\4th Year Acts\Thesis\Latest Requirements\Thesis App\data_pipeline\data\working_audio\ensembles\PERF-004_SDNG_SNDG_Gangsa_ENSEMBLE04.wav,69,41.737868,0.267029,3595,0.030913,pending_review,,,
PERF-004-CAND-0070,PERF-004,PERF-004_SDNG_SNDG_Gangsa_ENSEMBLE04.wav,C:\Users\vonje\Documents\4th Year Acts\Thesis\Latest Requirements\Thesis App\data_pipeline\data\working_audio\ensembles\PERF-004_SDNG_SNDG_Gangsa_ENSEMBLE04.wav,70,42.306757,0.568889,3644,0.024086,pending_review,,,
PERF-004-CAND-0071,PERF-004,PERF-004_SDNG_SNDG_Gangsa_ENSEMBLE04.wav,C:\Users\vonje\Documents\4th Year Acts\Thesis\Latest Requirements\Thesis App\data_pipeline\data\working_audio\ensembles\PERF-004_SDNG_SNDG_Gangsa_ENSEMBLE04.wav,71,43.154286,0.847528,3717,0.298676,pending_review,,,
PERF-004-CAND-0072,PERF-004,PERF-004_SDNG_SNDG_Gangsa_ENSEMBLE04.wav,C:\Users\vonje\Documents\4th Year Acts\Thesis\Latest Requirements\Thesis App\data_pipeline\data\working_audio\ensembles\PERF-004_SDNG_SNDG_Gangsa_ENSEMBLE04.wav,72,43.665125,0.510839,3761,0.016948,pending_review,,,
PERF-004-CAND-0073,PERF-004,PERF-004_SDNG_SNDG_Gangsa_ENSEMBLE04.wav,C:\Users\vonje\Documents\4th Year Acts\Thesis\Latest Requirements\Thesis App\data_pipeline\data\working_audio\ensembles\PERF-004_SDNG_SNDG_Gangsa_ENSEMBLE04.wav,73,43.920544,0.25542,3783,0.020911,pending_review,,,
PERF-004-CAND-0074,PERF-004,PERF-004_SDNG_SNDG_Gangsa_ENSEMBLE04.wav,C:\Users\vonje\Documents\4th Year Acts\Thesis\Latest Requirements\Thesis App\data_pipeline\data\working_audio\ensembles\PERF-004_SDNG_SNDG_Gangsa_ENSEMBLE04.wav,74,44.477823,0.557279,3831,0.029883,pending_review,,,
PERF-004-CAND-0075,PERF-004,PERF-004_SDNG_SNDG_Gangsa_ENSEMBLE04.wav,C:\Users\vonje\Documents\4th Year Acts\Thesis\Latest Requirements\Thesis App\data_pipeline\data\working_audio\ensembles\PERF-004_SDNG_SNDG_Gangsa_ENSEMBLE04.wav,75,45.302132,0.824308,3902,0.030428,pending_review,,,
PERF-004-CAND-0076,PERF-004,PERF-004_SDNG_SNDG_Gangsa_ENSEMBLE04.wav,C:\Users\vonje\Documents\4th Year Acts\Thesis\Latest Requirements\Thesis App\data_pipeline\data\working_audio\ensembles\PERF-004_SDNG_SNDG_Gangsa_ENSEMBLE04.wav,76,45.83619,0.534059,3948,0.020918,pending_review,,,
PERF-004-CAND-0077,PERF-004,PERF-004_SDNG_SNDG_Gangsa_ENSEMBLE04.wav,C:\Users\vonje\Documents\4th Year Acts\Thesis\Latest Requirements\Thesis App\data_pipeline\data\working_audio\ensembles\PERF-004_SDNG_SNDG_Gangsa_ENSEMBLE04.wav,77,46.381859,0.545669,3995,0.031736,pending_review,,,
PERF-004-CAND-0078,PERF-004,PERF-004_SDNG_SNDG_Gangsa_ENSEMBLE04.wav,C:\Users\vonje\Documents\4th Year Acts\Thesis\Latest Requirements\Thesis App\data_pipeline\data\working_audio\ensembles\PERF-004_SDNG_SNDG_Gangsa_ENSEMBLE04.wav,78,46.939138,0.557279,4043,0.027406,pending_review,,,
PERF-004-CAND-0079,PERF-004,PERF-004_SDNG_SNDG_Gangsa_ENSEMBLE04.wav,C:\Users\vonje\Documents\4th Year Acts\Thesis\Latest Requirements\Thesis App\data_pipeline\data\working_audio\ensembles\PERF-004_SDNG_SNDG_Gangsa_ENSEMBLE04.wav,79,48.587755,1.648617,4185,0.024448,pending_review,,,
PERF-004-CAND-0080,PERF-004,PERF-004_SDNG_SNDG_Gangsa_ENSEMBLE04.wav,C:\Users\vonje\Documents\4th Year Acts\Thesis\Latest Requirements\Thesis App\data_pipeline\data\working_audio\ensembles\PERF-004_SDNG_SNDG_Gangsa_ENSEMBLE04.wav,80,48.843175,0.25542,4207,0.025149,pending_review,,,
PERF-004-CAND-0081,PERF-004,PERF-004_SDNG_SNDG_Gangsa_ENSEMBLE04.wav,C:\Users\vonje\Documents\4th Year Acts\Thesis\Latest Requirements\Thesis App\data_pipeline\data\working_audio\ensembles\PERF-004_SDNG_SNDG_Gangsa_ENSEMBLE04.wav,81,49.110204,0.267029,4230,0.015409,pending_review,,,
PERF-004-CAND-0082,PERF-004,PERF-004_SDNG_SNDG_Gangsa_ENSEMBLE04.wav,C:\Users\vonje\Documents\4th Year Acts\Thesis\Latest Requirements\Thesis App\data_pipeline\data\working_audio\ensembles\PERF-004_SDNG_SNDG_Gangsa_ENSEMBLE04.wav,82,49.388844,0.278639,4254,0.035091,pending_review,,,
PERF-004-CAND-0083,PERF-004,PERF-004_SDNG_SNDG_Gangsa_ENSEMBLE04.wav,C:\Users\vonje\Documents\4th Year Acts\Thesis\Latest Requirements\Thesis App\data_pipeline\data\working_audio\ensembles\PERF-004_SDNG_SNDG_Gangsa_ENSEMBLE04.wav,83,49.969342,0.580499,4304,0.036987,pending_review,,,
PERF-004-CAND-0084,PERF-004,PERF-004_SDNG_SNDG_Gangsa_ENSEMBLE04.wav,C:\Users\vonje\Documents\4th Year Acts\Thesis\Latest Requirements\Thesis App\data_pipeline\data\working_audio\ensembles\PERF-004_SDNG_SNDG_Gangsa_ENSEMBLE04.wav,84,51.35093,1.381587,4423,0.039324,pending_review,,,
PERF-004-CAND-0085,PERF-004,PERF-004_SDNG_SNDG_Gangsa_ENSEMBLE04.wav,C:\Users\vonje\Documents\4th Year Acts\Thesis\Latest Requirements\Thesis App\data_pipeline\data\working_audio\ensembles\PERF-004_SDNG_SNDG_Gangsa_ENSEMBLE04.wav,85,52.163628,0.812698,4493,0.018607,pending_review,,,
PERF-004-CAND-0086,PERF-004,PERF-004_SDNG_SNDG_Gangsa_ENSEMBLE04.wav,C:\Users\vonje\Documents\4th Year Acts\Thesis\Latest Requirements\Thesis App\data_pipeline\data\working_audio\ensembles\PERF-004_SDNG_SNDG_Gangsa_ENSEMBLE04.wav,86,52.720907,0.557279,4541,0.029999,pending_review,,,
PERF-004-CAND-0087,PERF-004,PERF-004_SDNG_SNDG_Gangsa_ENSEMBLE04.wav,C:\Users\vonje\Documents\4th Year Acts\Thesis\Latest Requirements\Thesis App\data_pipeline\data\working_audio\ensembles\PERF-004_SDNG_SNDG_Gangsa_ENSEMBLE04.wav,87,52.999546,0.278639,4565,0.023664,pending_review,,,
PERF-004-CAND-0088,PERF-004,PERF-004_SDNG_SNDG_Gangsa_ENSEMBLE04.wav,C:\Users\vonje\Documents\4th Year Acts\Thesis\Latest Requirements\Thesis App\data_pipeline\data\working_audio\ensembles\PERF-004_SDNG_SNDG_Gangsa_ENSEMBLE04.wav,88,54.090884,1.091338,4659,0.021881,pending_review,,,
PERF-004-CAND-0089,PERF-004,PERF-004_SDNG_SNDG_Gangsa_ENSEMBLE04.wav,C:\Users\vonje\Documents\4th Year Acts\Thesis\Latest Requirements\Thesis App\data_pipeline\data\working_audio\ensembles\PERF-004_SDNG_SNDG_Gangsa_ENSEMBLE04.wav,89,54.636553,0.545669,4706,0.014803,pending_review,,,
PERF-004-CAND-0090,PERF-004,PERF-004_SDNG_SNDG_Gangsa_ENSEMBLE04.wav,C:\Users\vonje\Documents\4th Year Acts\Thesis\Latest Requirements\Thesis App\data_pipeline\data\working_audio\ensembles\PERF-004_SDNG_SNDG_Gangsa_ENSEMBLE04.wav,90,54.926803,0.290249,4731,0.032156,pending_review,,,
PERF-004-CAND-0091,PERF-004,PERF-004_SDNG_SNDG_Gangsa_ENSEMBLE04.wav,C:\Users\vonje\Documents\4th Year Acts\Thesis\Latest Requirements\Thesis App\data_pipeline\data\working_audio\ensembles\PERF-004_SDNG_SNDG_Gangsa_ENSEMBLE04.wav,91,55.217052,0.290249,4756,0.017541,pending_review,,,
PERF-004-CAND-0092,PERF-004,PERF-004_SDNG_SNDG_Gangsa_ENSEMBLE04.wav,C:\Users\vonje\Documents\4th Year Acts\Thesis\Latest Requirements\Thesis App\data_pipeline\data\working_audio\ensembles\PERF-004_SDNG_SNDG_Gangsa_ENSEMBLE04.wav,92,55.751111,0.534059,4802,0.015045,pending_review,,,
PERF-004-CAND-0093,PERF-004,PERF-004_SDNG_SNDG_Gangsa_ENSEMBLE04.wav,C:\Users\vonje\Documents\4th Year Acts\Thesis\Latest Requirements\Thesis App\data_pipeline\data\working_audio\ensembles\PERF-004_SDNG_SNDG_Gangsa_ENSEMBLE04.wav,93,56.29678,0.545669,4849,0.017834,pending_review,,,
PERF-004-CAND-0094,PERF-004,PERF-004_SDNG_SNDG_Gangsa_ENSEMBLE04.wav,C:\Users\vonje\Documents\4th Year Acts\Thesis\Latest Requirements\Thesis App\data_pipeline\data\working_audio\ensembles\PERF-004_SDNG_SNDG_Gangsa_ENSEMBLE04.wav,94,56.830839,0.534059,4895,0.024735,pending_review,,,
PERF-004-CAND-0095,PERF-004,PERF-004_SDNG_SNDG_Gangsa_ENSEMBLE04.wav,C:\Users\vonje\Documents\4th Year Acts\Thesis\Latest Requirements\Thesis App\data_pipeline\data\working_audio\ensembles\PERF-004_SDNG_SNDG_Gangsa_ENSEMBLE04.wav,95,57.399728,0.568889,4944,0.023797,pending_review,,,
PERF-004-CAND-0096,PERF-004,PERF-004_SDNG_SNDG_Gangsa_ENSEMBLE04.wav,C:\Users\vonje\Documents\4th Year Acts\Thesis\Latest Requirements\Thesis App\data_pipeline\data\working_audio\ensembles\PERF-004_SDNG_SNDG_Gangsa_ENSEMBLE04.wav,96,57.968617,0.568889,4993,0.039143,pending_review,,,
PERF-004-CAND-0097,PERF-004,PERF-004_SDNG_SNDG_Gangsa_ENSEMBLE04.wav,C:\Users\vonje\Documents\4th Year Acts\Thesis\Latest Requirements\Thesis App\data_pipeline\data\working_audio\ensembles\PERF-004_SDNG_SNDG_Gangsa_ENSEMBLE04.wav,97,58.514286,0.545669,5040,0.030979,pending_review,,,
PERF-004-CAND-0098,PERF-004,PERF-004_SDNG_SNDG_Gangsa_ENSEMBLE04.wav,C:\Users\vonje\Documents\4th Year Acts\Thesis\Latest Requirements\Thesis App\data_pipeline\data\working_audio\ensembles\PERF-004_SDNG_SNDG_Gangsa_ENSEMBLE04.wav,98,58.792925,0.278639,5064,0.028491,pending_review,,,
PERF-004-CAND-0099,PERF-004,PERF-004_SDNG_SNDG_Gangsa_ENSEMBLE04.wav,C:\Users\vonje\Documents\4th Year Acts\Thesis\Latest Requirements\Thesis App\data_pipeline\data\working_audio\ensembles\PERF-004_SDNG_SNDG_Gangsa_ENSEMBLE04.wav,99,60.186122,1.393197,5184,0.028244,pending_review,,,
PERF-004-CAND-0100,PERF-004,PERF-004_SDNG_SNDG_Gangsa_ENSEMBLE04.wav,C:\Users\vonje\Documents\4th Year Acts\Thesis\Latest Requirements\Thesis App\data_pipeline\data\working_audio\ensembles\PERF-004_SDNG_SNDG_Gangsa_ENSEMBLE04.wav,100,61.28907,1.102948,5279,0.063875,pending_review,,,
PERF-004-CAND-0101,PERF-004,PERF-004_SDNG_SNDG_Gangsa_ENSEMBLE04.wav,C:\Users\vonje\Documents\4th Year Acts\Thesis\Latest Requirements\Thesis App\data_pipeline\data\working_audio\ensembles\PERF-004_SDNG_SNDG_Gangsa_ENSEMBLE04.wav,101,61.834739,0.545669,5326,0.031082,pending_review,,,
PERF-004-CAND-0102,PERF-004,PERF-004_SDNG_SNDG_Gangsa_ENSEMBLE04.wav,C:\Users\vonje\Documents\4th Year Acts\Thesis\Latest Requirements\Thesis App\data_pipeline\data\working_audio\ensembles\PERF-004_SDNG_SNDG_Gangsa_ENSEMBLE04.wav,102,62.090159,0.25542,5348,0.019556,pending_review,,,
PERF-004-CAND-0103,PERF-004,PERF-004_SDNG_SNDG_Gangsa_ENSEMBLE04.wav,C:\Users\vonje\Documents\4th Year Acts\Thesis\Latest Requirements\Thesis App\data_pipeline\data\working_audio\ensembles\PERF-004_SDNG_SNDG_Gangsa_ENSEMBLE04.wav,103,62.659048,0.568889,5397,0.027142,pending_review,,,
PERF-004-CAND-0104,PERF-004,PERF-004_SDNG_SNDG_Gangsa_ENSEMBLE04.wav,C:\Users\vonje\Documents\4th Year Acts\Thesis\Latest Requirements\Thesis App\data_pipeline\data\working_audio\ensembles\PERF-004_SDNG_SNDG_Gangsa_ENSEMBLE04.wav,104,63.181497,0.522449,5442,0.023843,pending_review,,,
PERF-004-CAND-0105,PERF-004,PERF-004_SDNG_SNDG_Gangsa_ENSEMBLE04.wav,C:\Users\vonje\Documents\4th Year Acts\Thesis\Latest Requirements\Thesis App\data_pipeline\data\working_audio\ensembles\PERF-004_SDNG_SNDG_Gangsa_ENSEMBLE04.wav,105,63.494966,0.313469,5469,0.028298,pending_review,,,
PERF-004-CAND-0106,PERF-004,PERF-004_SDNG_SNDG_Gangsa_ENSEMBLE04.wav,C:\Users\vonje\Documents\4th Year Acts\Thesis\Latest Requirements\Thesis App\data_pipeline\data\working_audio\ensembles\PERF-004_SDNG_SNDG_Gangsa_ENSEMBLE04.wav,106,64.307664,0.812698,5539,0.028738,pending_review,,,
PERF-004-CAND-0107,PERF-004,PERF-004_SDNG_SNDG_Gangsa_ENSEMBLE04.wav,C:\Users\vonje\Documents\4th Year Acts\Thesis\Latest Requirements\Thesis App\data_pipeline\data\working_audio\ensembles\PERF-004_SDNG_SNDG_Gangsa_ENSEMBLE04.wav,107,64.586304,0.278639,5563,0.02169,pending_review,,,
PERF-004-CAND-0108,PERF-004,PERF-004_SDNG_SNDG_Gangsa_ENSEMBLE04.wav,C:\Users\vonje\Documents\4th Year Acts\Thesis\Latest Requirements\Thesis App\data_pipeline\data\working_audio\ensembles\PERF-004_SDNG_SNDG_Gangsa_ENSEMBLE04.wav,108,64.876553,0.290249,5588,0.019607,pending_review,,,
PERF-004-CAND-0109,PERF-004,PERF-004_SDNG_SNDG_Gangsa_ENSEMBLE04.wav,C:\Users\vonje\Documents\4th Year Acts\Thesis\Latest Requirements\Thesis App\data_pipeline\data\working_audio\ensembles\PERF-004_SDNG_SNDG_Gangsa_ENSEMBLE04.wav,109,65.677642,0.801088,5657,0.026182,pending_review,,,
PERF-004-CAND-0110,PERF-004,PERF-004_SDNG_SNDG_Gangsa_ENSEMBLE04.wav,C:\Users\vonje\Documents\4th Year Acts\Thesis\Latest Requirements\Thesis App\data_pipeline\data\working_audio\ensembles\PERF-004_SDNG_SNDG_Gangsa_ENSEMBLE04.wav,110,66.258141,0.580499,5707,0.031482,pending_review,,,
PERF-004-CAND-0111,PERF-004,PERF-004_SDNG_SNDG_Gangsa_ENSEMBLE04.wav,C:\Users\vonje\Documents\4th Year Acts\Thesis\Latest Requirements\Thesis App\data_pipeline\data\working_audio\ensembles\PERF-004_SDNG_SNDG_Gangsa_ENSEMBLE04.wav,111,66.56,0.301859,5733,0.056845,pending_review,,,
PERF-004-CAND-0112,PERF-004,PERF-004_SDNG_SNDG_Gangsa_ENSEMBLE04.wav,C:\Users\vonje\Documents\4th Year Acts\Thesis\Latest Requirements\Thesis App\data_pipeline\data\working_audio\ensembles\PERF-004_SDNG_SNDG_Gangsa_ENSEMBLE04.wav,112,66.81542,0.25542,5755,0.018067,pending_review,,,
PERF-004-CAND-0113,PERF-004,PERF-004_SDNG_SNDG_Gangsa_ENSEMBLE04.wav,C:\Users\vonje\Documents\4th Year Acts\Thesis\Latest Requirements\Thesis App\data_pipeline\data\working_audio\ensembles\PERF-004_SDNG_SNDG_Gangsa_ENSEMBLE04.wav,113,67.059229,0.24381,5776,0.026057,pending_review,,,
PERF-004-CAND-0114,PERF-004,PERF-004_SDNG_SNDG_Gangsa_ENSEMBLE04.wav,C:\Users\vonje\Documents\4th Year Acts\Thesis\Latest Requirements\Thesis App\data_pipeline\data\working_audio\ensembles\PERF-004_SDNG_SNDG_Gangsa_ENSEMBLE04.wav,114,67.372698,0.313469,5803,0.031413,pending_review,,,
PERF-004-CAND-0115,PERF-004,PERF-004_SDNG_SNDG_Gangsa_ENSEMBLE04.wav,C:\Users\vonje\Documents\4th Year Acts\Thesis\Latest Requirements\Thesis App\data_pipeline\data\working_audio\ensembles\PERF-004_SDNG_SNDG_Gangsa_ENSEMBLE04.wav,115,67.918367,0.545669,5850,0.017514,pending_review,,,
PERF-004-CAND-0116,PERF-004,PERF-004_SDNG_SNDG_Gangsa_ENSEMBLE04.wav,C:\Users\vonje\Documents\4th Year Acts\Thesis\Latest Requirements\Thesis App\data_pipeline\data\working_audio\ensembles\PERF-004_SDNG_SNDG_Gangsa_ENSEMBLE04.wav,116,68.452426,0.534059,5896,0.028011,pending_review,,,
PERF-004-CAND-0117,PERF-004,PERF-004_SDNG_SNDG_Gangsa_ENSEMBLE04.wav,C:\Users\vonje\Documents\4th Year Acts\Thesis\Latest Requirements\Thesis App\data_pipeline\data\working_audio\ensembles\PERF-004_SDNG_SNDG_Gangsa_ENSEMBLE04.wav,117,68.998095,0.545669,5943,0.026895,pending_review,,,
PERF-004-CAND-0118,PERF-004,PERF-004_SDNG_SNDG_Gangsa_ENSEMBLE04.wav,C:\Users\vonje\Documents\4th Year Acts\Thesis\Latest Requirements\Thesis App\data_pipeline\data\working_audio\ensembles\PERF-004_SDNG_SNDG_Gangsa_ENSEMBLE04.wav,118,69.299955,0.301859,5969,0.041448,pending_review,,,
PERF-004-CAND-0119,PERF-004,PERF-004_SDNG_SNDG_Gangsa_ENSEMBLE04.wav,C:\Users\vonje\Documents\4th Year Acts\Thesis\Latest Requirements\Thesis App\data_pipeline\data\working_audio\ensembles\PERF-004_SDNG_SNDG_Gangsa_ENSEMBLE04.wav,119,69.868844,0.568889,6018,0.024517,pending_review,,,
PERF-004-CAND-0120,PERF-004,PERF-004_SDNG_SNDG_Gangsa_ENSEMBLE04.wav,C:\Users\vonje\Documents\4th Year Acts\Thesis\Latest Requirements\Thesis App\data_pipeline\data\working_audio\ensembles\PERF-004_SDNG_SNDG_Gangsa_ENSEMBLE04.wav,120,70.112653,0.24381,6039,0.0206,pending_review,,,
PERF-004-CAND-0121,PERF-004,PERF-004_SDNG_SNDG_Gangsa_ENSEMBLE04.wav,C:\Users\vonje\Documents\4th Year Acts\Thesis\Latest Requirements\Thesis App\data_pipeline\data\working_audio\ensembles\PERF-004_SDNG_SNDG_Gangsa_ENSEMBLE04.wav,121,70.681542,0.568889,6088,0.029679,pending_review,,,
PERF-004-CAND-0122,PERF-004,PERF-004_SDNG_SNDG_Gangsa_ENSEMBLE04.wav,C:\Users\vonje\Documents\4th Year Acts\Thesis\Latest Requirements\Thesis App\data_pipeline\data\working_audio\ensembles\PERF-004_SDNG_SNDG_Gangsa_ENSEMBLE04.wav,122,70.948571,0.267029,6111,0.028103,pending_review,,,
PERF-004-CAND-0123,PERF-004,PERF-004_SDNG_SNDG_Gangsa_ENSEMBLE04.wav,C:\Users\vonje\Documents\4th Year Acts\Thesis\Latest Requirements\Thesis App\data_pipeline\data\working_audio\ensembles\PERF-004_SDNG_SNDG_Gangsa_ENSEMBLE04.wav,123,71.55229,0.603719,6163,0.314154,pending_review,,,
PERF-004-CAND-0124,PERF-004,PERF-004_SDNG_SNDG_Gangsa_ENSEMBLE04.wav,C:\Users\vonje\Documents\4th Year Acts\Thesis\Latest Requirements\Thesis App\data_pipeline\data\working_audio\ensembles\PERF-004_SDNG_SNDG_Gangsa_ENSEMBLE04.wav,124,72.364989,0.812698,6233,0.022022,pending_review,,,
PERF-004-CAND-0125,PERF-004,PERF-004_SDNG_SNDG_Gangsa_ENSEMBLE04.wav,C:\Users\vonje\Documents\4th Year Acts\Thesis\Latest Requirements\Thesis App\data_pipeline\data\working_audio\ensembles\PERF-004_SDNG_SNDG_Gangsa_ENSEMBLE04.wav,125,72.933878,0.568889,6282,0.030227,pending_review,,,
PERF-004-CAND-0126,PERF-004,PERF-004_SDNG_SNDG_Gangsa_ENSEMBLE04.wav,C:\Users\vonje\Documents\4th Year Acts\Thesis\Latest Requirements\Thesis App\data_pipeline\data\working_audio\ensembles\PERF-004_SDNG_SNDG_Gangsa_ENSEMBLE04.wav,126,73.479546,0.545669,6329,0.017677,pending_review,,,
PERF-004-CAND-0127,PERF-004,PERF-004_SDNG_SNDG_Gangsa_ENSEMBLE04.wav,C:\Users\vonje\Documents\4th Year Acts\Thesis\Latest Requirements\Thesis App\data_pipeline\data\working_audio\ensembles\PERF-004_SDNG_SNDG_Gangsa_ENSEMBLE04.wav,127,74.036825,0.557279,6377,0.021442,pending_review,,,
PERF-004-CAND-0128,PERF-004,PERF-004_SDNG_SNDG_Gangsa_ENSEMBLE04.wav,C:\Users\vonje\Documents\4th Year Acts\Thesis\Latest Requirements\Thesis App\data_pipeline\data\working_audio\ensembles\PERF-004_SDNG_SNDG_Gangsa_ENSEMBLE04.wav,128,74.594104,0.557279,6425,0.038231,pending_review,,,
PERF-004-CAND-0129,PERF-004,PERF-004_SDNG_SNDG_Gangsa_ENSEMBLE04.wav,C:\Users\vonje\Documents\4th Year Acts\Thesis\Latest Requirements\Thesis App\data_pipeline\data\working_audio\ensembles\PERF-004_SDNG_SNDG_Gangsa_ENSEMBLE04.wav,129,74.895964,0.301859,6451,0.029656,pending_review,,,
PERF-004-CAND-0130,PERF-004,PERF-004_SDNG_SNDG_Gangsa_ENSEMBLE04.wav,C:\Users\vonje\Documents\4th Year Acts\Thesis\Latest Requirements\Thesis App\data_pipeline\data\working_audio\ensembles\PERF-004_SDNG_SNDG_Gangsa_ENSEMBLE04.wav,130,75.174603,0.278639,6475,0.030317,pending_review,,,
PERF-004-CAND-0131,PERF-004,PERF-004_SDNG_SNDG_Gangsa_ENSEMBLE04.wav,C:\Users\vonje\Documents\4th Year Acts\Thesis\Latest Requirements\Thesis App\data_pipeline\data\working_audio\ensembles\PERF-004_SDNG_SNDG_Gangsa_ENSEMBLE04.wav,131,75.731882,0.557279,6523,0.028356,pending_review,,,
PERF-004-CAND-0132,PERF-004,PERF-004_SDNG_SNDG_Gangsa_ENSEMBLE04.wav,C:\Users\vonje\Documents\4th Year Acts\Thesis\Latest Requirements\Thesis App\data_pipeline\data\working_audio\ensembles\PERF-004_SDNG_SNDG_Gangsa_ENSEMBLE04.wav,132,77.415329,1.683447,6668,0.020529,pending_review,,,
PERF-004-CAND-0133,PERF-004,PERF-004_SDNG_SNDG_Gangsa_ENSEMBLE04.wav,C:\Users\vonje\Documents\4th Year Acts\Thesis\Latest Requirements\Thesis App\data_pipeline\data\working_audio\ensembles\PERF-004_SDNG_SNDG_Gangsa_ENSEMBLE04.wav,133,79.400635,1.985306,6839,0.047848,pending_review,,,
PERF-004-CAND-0134,PERF-004,PERF-004_SDNG_SNDG_Gangsa_ENSEMBLE04.wav,C:\Users\vonje\Documents\4th Year Acts\Thesis\Latest Requirements\Thesis App\data_pipeline\data\working_audio\ensembles\PERF-004_SDNG_SNDG_Gangsa_ENSEMBLE04.wav,134,79.911474,0.510839,6883,0.026887,pending_review,,,
PERF-004-CAND-0135,PERF-004,PERF-004_SDNG_SNDG_Gangsa_ENSEMBLE04.wav,C:\Users\vonje\Documents\4th Year Acts\Thesis\Latest Requirements\Thesis App\data_pipeline\data\working_audio\ensembles\PERF-004_SDNG_SNDG_Gangsa_ENSEMBLE04.wav,135,80.224943,0.313469,6910,0.0361,pending_review,,,
PERF-004-CAND-0136,PERF-004,PERF-004_SDNG_SNDG_Gangsa_ENSEMBLE04.wav,C:\Users\vonje\Documents\4th Year Acts\Thesis\Latest Requirements\Thesis App\data_pipeline\data\working_audio\ensembles\PERF-004_SDNG_SNDG_Gangsa_ENSEMBLE04.wav,136,80.480363,0.25542,6932,0.030172,pending_review,,,
PERF-004-CAND-0137,PERF-004,PERF-004_SDNG_SNDG_Gangsa_ENSEMBLE04.wav,C:\Users\vonje\Documents\4th Year Acts\Thesis\Latest Requirements\Thesis App\data_pipeline\data\working_audio\ensembles\PERF-004_SDNG_SNDG_Gangsa_ENSEMBLE04.wav,137,80.759002,0.278639,6956,0.018656,pending_review,,,
PERF-004-CAND-0138,PERF-004,PERF-004_SDNG_SNDG_Gangsa_ENSEMBLE04.wav,C:\Users\vonje\Documents\4th Year Acts\Thesis\Latest Requirements\Thesis App\data_pipeline\data\working_audio\ensembles\PERF-004_SDNG_SNDG_Gangsa_ENSEMBLE04.wav,138,81.049252,0.290249,6981,0.027475,pending_review,,,
PERF-004-CAND-0139,PERF-004,PERF-004_SDNG_SNDG_Gangsa_ENSEMBLE04.wav,C:\Users\vonje\Documents\4th Year Acts\Thesis\Latest Requirements\Thesis App\data_pipeline\data\working_audio\ensembles\PERF-004_SDNG_SNDG_Gangsa_ENSEMBLE04.wav,139,81.89678,0.847528,7054,0.036399,pending_review,,,
PERF-004-CAND-0140,PERF-004,PERF-004_SDNG_SNDG_Gangsa_ENSEMBLE04.wav,C:\Users\vonje\Documents\4th Year Acts\Thesis\Latest Requirements\Thesis App\data_pipeline\data\working_audio\ensembles\PERF-004_SDNG_SNDG_Gangsa_ENSEMBLE04.wav,140,82.465669,0.568889,7103,0.037822,pending_review,,,
PERF-004-CAND-0141,PERF-004,PERF-004_SDNG_SNDG_Gangsa_ENSEMBLE04.wav,C:\Users\vonje\Documents\4th Year Acts\Thesis\Latest Requirements\Thesis App\data_pipeline\data\working_audio\ensembles\PERF-004_SDNG_SNDG_Gangsa_ENSEMBLE04.wav,141,82.732698,0.267029,7126,0.021227,pending_review,,,
PERF-004-CAND-0142,PERF-004,PERF-004_SDNG_SNDG_Gangsa_ENSEMBLE04.wav,C:\Users\vonje\Documents\4th Year Acts\Thesis\Latest Requirements\Thesis App\data_pipeline\data\working_audio\ensembles\PERF-004_SDNG_SNDG_Gangsa_ENSEMBLE04.wav,142,84.137506,1.404807,7247,0.019075,pending_review,,,
PERF-004-CAND-0143,PERF-004,PERF-004_SDNG_SNDG_Gangsa_ENSEMBLE04.wav,C:\Users\vonje\Documents\4th Year Acts\Thesis\Latest Requirements\Thesis App\data_pipeline\data\working_audio\ensembles\PERF-004_SDNG_SNDG_Gangsa_ENSEMBLE04.wav,143,84.683175,0.545669,7294,0.026729,pending_review,,,
PERF-004-CAND-0144,PERF-004,PERF-004_SDNG_SNDG_Gangsa_ENSEMBLE04.wav,C:\Users\vonje\Documents\4th Year Acts\Thesis\Latest Requirements\Thesis App\data_pipeline\data\working_audio\ensembles\PERF-004_SDNG_SNDG_Gangsa_ENSEMBLE04.wav,144,85.565533,0.882358,7370,0.020278,pending_review,,,
PERF-004-CAND-0145,PERF-004,PERF-004_SDNG_SNDG_Gangsa_ENSEMBLE04.wav,C:\Users\vonje\Documents\4th Year Acts\Thesis\Latest Requirements\Thesis App\data_pipeline\data\working_audio\ensembles\PERF-004_SDNG_SNDG_Gangsa_ENSEMBLE04.wav,145,86.111202,0.545669,7417,0.022395,pending_review,,,
PERF-004-CAND-0146,PERF-004,PERF-004_SDNG_SNDG_Gangsa_ENSEMBLE04.wav,C:\Users\vonje\Documents\4th Year Acts\Thesis\Latest Requirements\Thesis App\data_pipeline\data\working_audio\ensembles\PERF-004_SDNG_SNDG_Gangsa_ENSEMBLE04.wav,146,86.378231,0.267029,7440,0.016121,pending_review,,,
PERF-004-CAND-0147,PERF-004,PERF-004_SDNG_SNDG_Gangsa_ENSEMBLE04.wav,C:\Users\vonje\Documents\4th Year Acts\Thesis\Latest Requirements\Thesis App\data_pipeline\data\working_audio\ensembles\PERF-004_SDNG_SNDG_Gangsa_ENSEMBLE04.wav,147,87.817868,1.439637,7564,0.033028,pending_review,,,
PERF-004-CAND-0148,PERF-004,PERF-004_SDNG_SNDG_Gangsa_ENSEMBLE04.wav,C:\Users\vonje\Documents\4th Year Acts\Thesis\Latest Requirements\Thesis App\data_pipeline\data\working_audio\ensembles\PERF-004_SDNG_SNDG_Gangsa_ENSEMBLE04.wav,148,88.073288,0.25542,7586,0.032011,pending_review,,,
PERF-004-CAND-0149,PERF-004,PERF-004_SDNG_SNDG_Gangsa_ENSEMBLE04.wav,C:\Users\vonje\Documents\4th Year Acts\Thesis\Latest Requirements\Thesis App\data_pipeline\data\working_audio\ensembles\PERF-004_SDNG_SNDG_Gangsa_ENSEMBLE04.wav,149,88.618957,0.545669,7633,0.029495,pending_review,,,
PERF-004-CAND-0150,PERF-004,PERF-004_SDNG_SNDG_Gangsa_ENSEMBLE04.wav,C:\Users\vonje\Documents\4th Year Acts\Thesis\Latest Requirements\Thesis App\data_pipeline\data\working_audio\ensembles\PERF-004_SDNG_SNDG_Gangsa_ENSEMBLE04.wav,150,88.920816,0.301859,7659,0.032024,pending_review,,,
PERF-004-CAND-0151,PERF-004,PERF-004_SDNG_SNDG_Gangsa_ENSEMBLE04.wav,C:\Users\vonje\Documents\4th Year Acts\Thesis\Latest Requirements\Thesis App\data_pipeline\data\working_audio\ensembles\PERF-004_SDNG_SNDG_Gangsa_ENSEMBLE04.wav,151,89.187846,0.267029,7682,0.030007,pending_review,,,
PERF-004-CAND-0152,PERF-004,PERF-004_SDNG_SNDG_Gangsa_ENSEMBLE04.wav,C:\Users\vonje\Documents\4th Year Acts\Thesis\Latest Requirements\Thesis App\data_pipeline\data\working_audio\ensembles\PERF-004_SDNG_SNDG_Gangsa_ENSEMBLE04.wav,152,90.046984,0.859138,7756,0.030822,pending_review,,,
PERF-004-CAND-0153,PERF-004,PERF-004_SDNG_SNDG_Gangsa_ENSEMBLE04.wav,C:\Users\vonje\Documents\4th Year Acts\Thesis\Latest Requirements\Thesis App\data_pipeline\data\working_audio\ensembles\PERF-004_SDNG_SNDG_Gangsa_ENSEMBLE04.wav,153,90.325624,0.278639,7780,0.019901,pending_review,,,
PERF-004-CAND-0154,PERF-004,PERF-004_SDNG_SNDG_Gangsa_ENSEMBLE04.wav,C:\Users\vonje\Documents\4th Year Acts\Thesis\Latest Requirements\Thesis App\data_pipeline\data\working_audio\ensembles\PERF-004_SDNG_SNDG_Gangsa_ENSEMBLE04.wav,154,90.569433,0.24381,7801,0.023655,pending_review,,,
PERF-004-CAND-0155,PERF-004,PERF-004_SDNG_SNDG_Gangsa_ENSEMBLE04.wav,C:\Users\vonje\Documents\4th Year Acts\Thesis\Latest Requirements\Thesis App\data_pipeline\data\working_audio\ensembles\PERF-004_SDNG_SNDG_Gangsa_ENSEMBLE04.wav,155,90.859683,0.290249,7826,0.034494,pending_review,,,
PERF-004-CAND-0156,PERF-004,PERF-004_SDNG_SNDG_Gangsa_ENSEMBLE04.wav,C:\Users\vonje\Documents\4th Year Acts\Thesis\Latest Requirements\Thesis App\data_pipeline\data\working_audio\ensembles\PERF-004_SDNG_SNDG_Gangsa_ENSEMBLE04.wav,156,91.416961,0.557279,7874,0.01975,pending_review,,,
PERF-004-CAND-0157,PERF-004,PERF-004_SDNG_SNDG_Gangsa_ENSEMBLE04.wav,C:\Users\vonje\Documents\4th Year Acts\Thesis\Latest Requirements\Thesis App\data_pipeline\data\working_audio\ensembles\PERF-004_SDNG_SNDG_Gangsa_ENSEMBLE04.wav,157,91.99746,0.580499,7924,0.03586,pending_review,,,
PERF-004-CAND-0158,PERF-004,PERF-004_SDNG_SNDG_Gangsa_ENSEMBLE04.wav,C:\Users\vonje\Documents\4th Year Acts\Thesis\Latest Requirements\Thesis App\data_pipeline\data\working_audio\ensembles\PERF-004_SDNG_SNDG_Gangsa_ENSEMBLE04.wav,158,92.28771,0.290249,7949,0.021635,pending_review,,,
PERF-004-CAND-0159,PERF-004,PERF-004_SDNG_SNDG_Gangsa_ENSEMBLE04.wav,C:\Users\vonje\Documents\4th Year Acts\Thesis\Latest Requirements\Thesis App\data_pipeline\data\working_audio\ensembles\PERF-004_SDNG_SNDG_Gangsa_ENSEMBLE04.wav,159,92.577959,0.290249,7974,0.025828,pending_review,,,
PERF-004-CAND-0160,PERF-004,PERF-004_SDNG_SNDG_Gangsa_ENSEMBLE04.wav,C:\Users\vonje\Documents\4th Year Acts\Thesis\Latest Requirements\Thesis App\data_pipeline\data\working_audio\ensembles\PERF-004_SDNG_SNDG_Gangsa_ENSEMBLE04.wav,160,93.123628,0.545669,8021,0.027267,pending_review,,,
PERF-004-CAND-0161,PERF-004,PERF-004_SDNG_SNDG_Gangsa_ENSEMBLE04.wav,C:\Users\vonje\Documents\4th Year Acts\Thesis\Latest Requirements\Thesis App\data_pipeline\data\working_audio\ensembles\PERF-004_SDNG_SNDG_Gangsa_ENSEMBLE04.wav,161,93.680907,0.557279,8069,0.031152,pending_review,,,
PERF-004-CAND-0162,PERF-004,PERF-004_SDNG_SNDG_Gangsa_ENSEMBLE04.wav,C:\Users\vonje\Documents\4th Year Acts\Thesis\Latest Requirements\Thesis App\data_pipeline\data\working_audio\ensembles\PERF-004_SDNG_SNDG_Gangsa_ENSEMBLE04.wav,162,93.994376,0.313469,8096,0.092493,pending_review,,,
PERF-004-CAND-0163,PERF-004,PERF-004_SDNG_SNDG_Gangsa_ENSEMBLE04.wav,C:\Users\vonje\Documents\4th Year Acts\Thesis\Latest Requirements\Thesis App\data_pipeline\data\working_audio\ensembles\PERF-004_SDNG_SNDG_Gangsa_ENSEMBLE04.wav,163,94.505215,0.510839,8140,0.021154,pending_review,,,
PERF-004-CAND-0164,PERF-004,PERF-004_SDNG_SNDG_Gangsa_ENSEMBLE04.wav,C:\Users\vonje\Documents\4th Year Acts\Thesis\Latest Requirements\Thesis App\data_pipeline\data\working_audio\ensembles\PERF-004_SDNG_SNDG_Gangsa_ENSEMBLE04.wav,164,94.795465,0.290249,8165,0.031434,pending_review,,,
PERF-004-CAND-0165,PERF-004,PERF-004_SDNG_SNDG_Gangsa_ENSEMBLE04.wav,C:\Users\vonje\Documents\4th Year Acts\Thesis\Latest Requirements\Thesis App\data_pipeline\data\working_audio\ensembles\PERF-004_SDNG_SNDG_Gangsa_ENSEMBLE04.wav,165,95.085714,0.290249,8190,0.033639,pending_review,,,
PERF-004-CAND-0166,PERF-004,PERF-004_SDNG_SNDG_Gangsa_ENSEMBLE04.wav,C:\Users\vonje\Documents\4th Year Acts\Thesis\Latest Requirements\Thesis App\data_pipeline\data\working_audio\ensembles\PERF-004_SDNG_SNDG_Gangsa_ENSEMBLE04.wav,166,95.387574,0.301859,8216,0.06741,pending_review,,,
PERF-004-CAND-0167,PERF-004,PERF-004_SDNG_SNDG_Gangsa_ENSEMBLE04.wav,C:\Users\vonje\Documents\4th Year Acts\Thesis\Latest Requirements\Thesis App\data_pipeline\data\working_audio\ensembles\PERF-004_SDNG_SNDG_Gangsa_ENSEMBLE04.wav,167,95.933243,0.545669,8263,0.018411,pending_review,,,
PERF-004-CAND-0168,PERF-004,PERF-004_SDNG_SNDG_Gangsa_ENSEMBLE04.wav,C:\Users\vonje\Documents\4th Year Acts\Thesis\Latest Requirements\Thesis App\data_pipeline\data\working_audio\ensembles\PERF-004_SDNG_SNDG_Gangsa_ENSEMBLE04.wav,168,96.803991,0.870748,8338,0.277339,pending_review,,,
PERF-004-CAND-0169,PERF-004,PERF-004_SDNG_SNDG_Gangsa_ENSEMBLE04.wav,C:\Users\vonje\Documents\4th Year Acts\Thesis\Latest Requirements\Thesis App\data_pipeline\data\working_audio\ensembles\PERF-004_SDNG_SNDG_Gangsa_ENSEMBLE04.wav,169,97.593469,0.789478,8406,0.019123,pending_review,,,
PERF-004-CAND-0170,PERF-004,PERF-004_SDNG_SNDG_Gangsa_ENSEMBLE04.wav,C:\Users\vonje\Documents\4th Year Acts\Thesis\Latest Requirements\Thesis App\data_pipeline\data\working_audio\ensembles\PERF-004_SDNG_SNDG_Gangsa_ENSEMBLE04.wav,170,98.150748,0.557279,8454,0.028289,pending_review,,,
PERF-004-CAND-0171,PERF-004,PERF-004_SDNG_SNDG_Gangsa_ENSEMBLE04.wav,C:\Users\vonje\Documents\4th Year Acts\Thesis\Latest Requirements\Thesis App\data_pipeline\data\working_audio\ensembles\PERF-004_SDNG_SNDG_Gangsa_ENSEMBLE04.wav,171,98.731247,0.580499,8504,0.028634,pending_review,,,
PERF-004-CAND-0172,PERF-004,PERF-004_SDNG_SNDG_Gangsa_ENSEMBLE04.wav,C:\Users\vonje\Documents\4th Year Acts\Thesis\Latest Requirements\Thesis App\data_pipeline\data\working_audio\ensembles\PERF-004_SDNG_SNDG_Gangsa_ENSEMBLE04.wav,172,99.009887,0.278639,8528,0.033233,pending_review,,,
PERF-004-CAND-0173,PERF-004,PERF-004_SDNG_SNDG_Gangsa_ENSEMBLE04.wav,C:\Users\vonje\Documents\4th Year Acts\Thesis\Latest Requirements\Thesis App\data_pipeline\data\working_audio\ensembles\PERF-004_SDNG_SNDG_Gangsa_ENSEMBLE04.wav,173,100.136054,1.126168,8625,0.023168,pending_review,,,
PERF-004-CAND-0174,PERF-004,PERF-004_SDNG_SNDG_Gangsa_ENSEMBLE04.wav,C:\Users\vonje\Documents\4th Year Acts\Thesis\Latest Requirements\Thesis App\data_pipeline\data\working_audio\ensembles\PERF-004_SDNG_SNDG_Gangsa_ENSEMBLE04.wav,174,100.681723,0.545669,8672,0.026847,pending_review,,,
PERF-004-CAND-0175,PERF-004,PERF-004_SDNG_SNDG_Gangsa_ENSEMBLE04.wav,C:\Users\vonje\Documents\4th Year Acts\Thesis\Latest Requirements\Thesis App\data_pipeline\data\working_audio\ensembles\PERF-004_SDNG_SNDG_Gangsa_ENSEMBLE04.wav,175,101.227392,0.545669,8719,0.020913,pending_review,,,
PERF-004-CAND-0176,PERF-004,PERF-004_SDNG_SNDG_Gangsa_ENSEMBLE04.wav,C:\Users\vonje\Documents\4th Year Acts\Thesis\Latest Requirements\Thesis App\data_pipeline\data\working_audio\ensembles\PERF-004_SDNG_SNDG_Gangsa_ENSEMBLE04.wav,176,101.540862,0.313469,8746,0.032834,pending_review,,,
PERF-004-CAND-0177,PERF-004,PERF-004_SDNG_SNDG_Gangsa_ENSEMBLE04.wav,C:\Users\vonje\Documents\4th Year Acts\Thesis\Latest Requirements\Thesis App\data_pipeline\data\working_audio\ensembles\PERF-004_SDNG_SNDG_Gangsa_ENSEMBLE04.wav,177,101.807891,0.267029,8769,0.028503,pending_review,,,
PERF-004-CAND-0178,PERF-004,PERF-004_SDNG_SNDG_Gangsa_ENSEMBLE04.wav,C:\Users\vonje\Documents\4th Year Acts\Thesis\Latest Requirements\Thesis App\data_pipeline\data\working_audio\ensembles\PERF-004_SDNG_SNDG_Gangsa_ENSEMBLE04.wav,178,102.109751,0.301859,8795,0.052343,pending_review,,,
PERF-004-CAND-0179,PERF-004,PERF-004_SDNG_SNDG_Gangsa_ENSEMBLE04.wav,C:\Users\vonje\Documents\4th Year Acts\Thesis\Latest Requirements\Thesis App\data_pipeline\data\working_audio\ensembles\PERF-004_SDNG_SNDG_Gangsa_ENSEMBLE04.wav,179,102.4,0.290249,8820,0.110134,pending_review,,,
PERF-004-CAND-0180,PERF-004,PERF-004_SDNG_SNDG_Gangsa_ENSEMBLE04.wav,C:\Users\vonje\Documents\4th Year Acts\Thesis\Latest Requirements\Thesis App\data_pipeline\data\working_audio\ensembles\PERF-004_SDNG_SNDG_Gangsa_ENSEMBLE04.wav,180,102.945669,0.545669,8867,0.036934,pending_review,,,
PERF-004-CAND-0181,PERF-004,PERF-004_SDNG_SNDG_Gangsa_ENSEMBLE04.wav,C:\Users\vonje\Documents\4th Year Acts\Thesis\Latest Requirements\Thesis App\data_pipeline\data\working_audio\ensembles\PERF-004_SDNG_SNDG_Gangsa_ENSEMBLE04.wav,181,103.177868,0.2322,8887,0.024546,pending_review,,,
PERF-004-CAND-0182,PERF-004,PERF-004_SDNG_SNDG_Gangsa_ENSEMBLE04.wav,C:\Users\vonje\Documents\4th Year Acts\Thesis\Latest Requirements\Thesis App\data_pipeline\data\working_audio\ensembles\PERF-004_SDNG_SNDG_Gangsa_ENSEMBLE04.wav,182,103.468118,0.290249,8912,0.026841,pending_review,,,
PERF-004-CAND-0183,PERF-004,PERF-004_SDNG_SNDG_Gangsa_ENSEMBLE04.wav,C:\Users\vonje\Documents\4th Year Acts\Thesis\Latest Requirements\Thesis App\data_pipeline\data\working_audio\ensembles\PERF-004_SDNG_SNDG_Gangsa_ENSEMBLE04.wav,183,104.037007,0.568889,8961,0.029048,pending_review,,,
PERF-004-CAND-0184,PERF-004,PERF-004_SDNG_SNDG_Gangsa_ENSEMBLE04.wav,C:\Users\vonje\Documents\4th Year Acts\Thesis\Latest Requirements\Thesis App\data_pipeline\data\working_audio\ensembles\PERF-004_SDNG_SNDG_Gangsa_ENSEMBLE04.wav,184,104.350476,0.313469,8988,0.147014,pending_review,,,
PERF-004-CAND-0185,PERF-004,PERF-004_SDNG_SNDG_Gangsa_ENSEMBLE04.wav,C:\Users\vonje\Documents\4th Year Acts\Thesis\Latest Requirements\Thesis App\data_pipeline\data\working_audio\ensembles\PERF-004_SDNG_SNDG_Gangsa_ENSEMBLE04.wav,185,104.629116,0.278639,9012,0.035769,pending_review,,,
PERF-004-CAND-0186,PERF-004,PERF-004_SDNG_SNDG_Gangsa_ENSEMBLE04.wav,C:\Users\vonje\Documents\4th Year Acts\Thesis\Latest Requirements\Thesis App\data_pipeline\data\working_audio\ensembles\PERF-004_SDNG_SNDG_Gangsa_ENSEMBLE04.wav,186,104.896145,0.267029,9035,0.034218,pending_review,,,
PERF-004-CAND-0187,PERF-004,PERF-004_SDNG_SNDG_Gangsa_ENSEMBLE04.wav,C:\Users\vonje\Documents\4th Year Acts\Thesis\Latest Requirements\Thesis App\data_pipeline\data\working_audio\ensembles\PERF-004_SDNG_SNDG_Gangsa_ENSEMBLE04.wav,187,105.186395,0.290249,9060,0.043438,pending_review,,,
PERF-004-CAND-0188,PERF-004,PERF-004_SDNG_SNDG_Gangsa_ENSEMBLE04.wav,C:\Users\vonje\Documents\4th Year Acts\Thesis\Latest Requirements\Thesis App\data_pipeline\data\working_audio\ensembles\PERF-004_SDNG_SNDG_Gangsa_ENSEMBLE04.wav,188,105.720454,0.534059,9106,0.030093,pending_review,,,
PERF-004-CAND-0189,PERF-004,PERF-004_SDNG_SNDG_Gangsa_ENSEMBLE04.wav,C:\Users\vonje\Documents\4th Year Acts\Thesis\Latest Requirements\Thesis App\data_pipeline\data\working_audio\ensembles\PERF-004_SDNG_SNDG_Gangsa_ENSEMBLE04.wav,189,106.300952,0.580499,9156,0.025604,pending_review,,,
PERF-004-CAND-0190,PERF-004,PERF-004_SDNG_SNDG_Gangsa_ENSEMBLE04.wav,C:\Users\vonje\Documents\4th Year Acts\Thesis\Latest Requirements\Thesis App\data_pipeline\data\working_audio\ensembles\PERF-004_SDNG_SNDG_Gangsa_ENSEMBLE04.wav,190,106.579592,0.278639,9180,0.022897,pending_review,,,
PERF-004-CAND-0191,PERF-004,PERF-004_SDNG_SNDG_Gangsa_ENSEMBLE04.wav,C:\Users\vonje\Documents\4th Year Acts\Thesis\Latest Requirements\Thesis App\data_pipeline\data\working_audio\ensembles\PERF-004_SDNG_SNDG_Gangsa_ENSEMBLE04.wav,191,106.869841,0.290249,9205,0.030829,pending_review,,,
PERF-004-CAND-0192,PERF-004,PERF-004_SDNG_SNDG_Gangsa_ENSEMBLE04.wav,C:\Users\vonje\Documents\4th Year Acts\Thesis\Latest Requirements\Thesis App\data_pipeline\data\working_audio\ensembles\PERF-004_SDNG_SNDG_Gangsa_ENSEMBLE04.wav,192,107.70576,0.835918,9277,0.031583,pending_review,,,
PERF-004-CAND-0193,PERF-004,PERF-004_SDNG_SNDG_Gangsa_ENSEMBLE04.wav,C:\Users\vonje\Documents\4th Year Acts\Thesis\Latest Requirements\Thesis App\data_pipeline\data\working_audio\ensembles\PERF-004_SDNG_SNDG_Gangsa_ENSEMBLE04.wav,193,107.984399,0.278639,9301,0.044782,pending_review,,,
PERF-004-CAND-0194,PERF-004,PERF-004_SDNG_SNDG_Gangsa_ENSEMBLE04.wav,C:\Users\vonje\Documents\4th Year Acts\Thesis\Latest Requirements\Thesis App\data_pipeline\data\working_audio\ensembles\PERF-004_SDNG_SNDG_Gangsa_ENSEMBLE04.wav,194,108.251429,0.267029,9324,0.020933,pending_review,,,
PERF-004-CAND-0195,PERF-004,PERF-004_SDNG_SNDG_Gangsa_ENSEMBLE04.wav,C:\Users\vonje\Documents\4th Year Acts\Thesis\Latest Requirements\Thesis App\data_pipeline\data\working_audio\ensembles\PERF-004_SDNG_SNDG_Gangsa_ENSEMBLE04.wav,195,108.820317,0.568889,9373,0.027833,pending_review,,,
PERF-004-CAND-0196,PERF-004,PERF-004_SDNG_SNDG_Gangsa_ENSEMBLE04.wav,C:\Users\vonje\Documents\4th Year Acts\Thesis\Latest Requirements\Thesis App\data_pipeline\data\working_audio\ensembles\PERF-004_SDNG_SNDG_Gangsa_ENSEMBLE04.wav,196,109.958095,1.137778,9471,0.035156,pending_review,,,
PERF-004-CAND-0197,PERF-004,PERF-004_SDNG_SNDG_Gangsa_ENSEMBLE04.wav,C:\Users\vonje\Documents\4th Year Acts\Thesis\Latest Requirements\Thesis App\data_pipeline\data\working_audio\ensembles\PERF-004_SDNG_SNDG_Gangsa_ENSEMBLE04.wav,197,110.225125,0.267029,9494,0.018797,pending_review,,,
PERF-004-CAND-0198,PERF-004,PERF-004_SDNG_SNDG_Gangsa_ENSEMBLE04.wav,C:\Users\vonje\Documents\4th Year Acts\Thesis\Latest Requirements\Thesis App\data_pipeline\data\working_audio\ensembles\PERF-004_SDNG_SNDG_Gangsa_ENSEMBLE04.wav,198,111.061043,0.835918,9566,0.034331,pending_review,,,
PERF-004-CAND-0199,PERF-004,PERF-004_SDNG_SNDG_Gangsa_ENSEMBLE04.wav,C:\Users\vonje\Documents\4th Year Acts\Thesis\Latest Requirements\Thesis App\data_pipeline\data\working_audio\ensembles\PERF-004_SDNG_SNDG_Gangsa_ENSEMBLE04.wav,199,111.583492,0.522449,9611,0.028834,pending_review,,,
PERF-004-CAND-0200,PERF-004,PERF-004_SDNG_SNDG_Gangsa_ENSEMBLE04.wav,C:\Users\vonje\Documents\4th Year Acts\Thesis\Latest Requirements\Thesis App\data_pipeline\data\working_audio\ensembles\PERF-004_SDNG_SNDG_Gangsa_ENSEMBLE04.wav,200,112.187211,0.603719,9663,0.028077,pending_review,,,
PERF-004-CAND-0201,PERF-004,PERF-004_SDNG_SNDG_Gangsa_ENSEMBLE04.wav,C:\Users\vonje\Documents\4th Year Acts\Thesis\Latest Requirements\Thesis App\data_pipeline\data\working_audio\ensembles\PERF-004_SDNG_SNDG_Gangsa_ENSEMBLE04.wav,201,112.41941,0.2322,9683,0.020603,pending_review,,,
PERF-004-CAND-0202,PERF-004,PERF-004_SDNG_SNDG_Gangsa_ENSEMBLE04.wav,C:\Users\vonje\Documents\4th Year Acts\Thesis\Latest Requirements\Thesis App\data_pipeline\data\working_audio\ensembles\PERF-004_SDNG_SNDG_Gangsa_ENSEMBLE04.wav,202,113.011519,0.592109,9734,0.028173,pending_review,,,
PERF-004-CAND-0203,PERF-004,PERF-004_SDNG_SNDG_Gangsa_ENSEMBLE04.wav,C:\Users\vonje\Documents\4th Year Acts\Thesis\Latest Requirements\Thesis App\data_pipeline\data\working_audio\ensembles\PERF-004_SDNG_SNDG_Gangsa_ENSEMBLE04.wav,203,113.290159,0.278639,9758,0.017784,pending_review,,,
PERF-004-CAND-0204,PERF-004,PERF-004_SDNG_SNDG_Gangsa_ENSEMBLE04.wav,C:\Users\vonje\Documents\4th Year Acts\Thesis\Latest Requirements\Thesis App\data_pipeline\data\working_audio\ensembles\PERF-004_SDNG_SNDG_Gangsa_ENSEMBLE04.wav,204,113.568798,0.278639,9782,0.014285,pending_review,,,
PERF-004-CAND-0205,PERF-004,PERF-004_SDNG_SNDG_Gangsa_ENSEMBLE04.wav,C:\Users\vonje\Documents\4th Year Acts\Thesis\Latest Requirements\Thesis App\data_pipeline\data\working_audio\ensembles\PERF-004_SDNG_SNDG_Gangsa_ENSEMBLE04.wav,205,115.542494,1.973696,9952,0.0206,pending_review,,,
PERF-004-CAND-0206,PERF-004,PERF-004_SDNG_SNDG_Gangsa_ENSEMBLE04.wav,C:\Users\vonje\Documents\4th Year Acts\Thesis\Latest Requirements\Thesis App\data_pipeline\data\working_audio\ensembles\PERF-004_SDNG_SNDG_Gangsa_ENSEMBLE04.wav,206,116.378413,0.835918,10024,0.018483,pending_review,,,
PERF-004-CAND-0207,PERF-004,PERF-004_SDNG_SNDG_Gangsa_ENSEMBLE04.wav,C:\Users\vonje\Documents\4th Year Acts\Thesis\Latest Requirements\Thesis App\data_pipeline\data\working_audio\ensembles\PERF-004_SDNG_SNDG_Gangsa_ENSEMBLE04.wav,207,116.958912,0.580499,10074,0.036739,pending_review,,,
PERF-004-CAND-0208,PERF-004,PERF-004_SDNG_SNDG_Gangsa_ENSEMBLE04.wav,C:\Users\vonje\Documents\4th Year Acts\Thesis\Latest Requirements\Thesis App\data_pipeline\data\working_audio\ensembles\PERF-004_SDNG_SNDG_Gangsa_ENSEMBLE04.wav,208,117.78322,0.824308,10145,0.025684,pending_review,,,
PERF-004-CAND-0209,PERF-004,PERF-004_SDNG_SNDG_Gangsa_ENSEMBLE04.wav,C:\Users\vonje\Documents\4th Year Acts\Thesis\Latest Requirements\Thesis App\data_pipeline\data\working_audio\ensembles\PERF-004_SDNG_SNDG_Gangsa_ENSEMBLE04.wav,209,118.352109,0.568889,10194,0.034982,pending_review,,,
PERF-004-CAND-0210,PERF-004,PERF-004_SDNG_SNDG_Gangsa_ENSEMBLE04.wav,C:\Users\vonje\Documents\4th Year Acts\Thesis\Latest Requirements\Thesis App\data_pipeline\data\working_audio\ensembles\PERF-004_SDNG_SNDG_Gangsa_ENSEMBLE04.wav,210,118.920998,0.568889,10243,0.024046,pending_review,,,
PERF-004-CAND-0211,PERF-004,PERF-004_SDNG_SNDG_Gangsa_ENSEMBLE04.wav,C:\Users\vonje\Documents\4th Year Acts\Thesis\Latest Requirements\Thesis App\data_pipeline\data\working_audio\ensembles\PERF-004_SDNG_SNDG_Gangsa_ENSEMBLE04.wav,211,119.199637,0.278639,10267,0.020922,pending_review,,,
PERF-004-CAND-0212,PERF-004,PERF-004_SDNG_SNDG_Gangsa_ENSEMBLE04.wav,C:\Users\vonje\Documents\4th Year Acts\Thesis\Latest Requirements\Thesis App\data_pipeline\data\working_audio\ensembles\PERF-004_SDNG_SNDG_Gangsa_ENSEMBLE04.wav,212,120.337415,1.137778,10365,0.027993,pending_review,,,
PERF-004-CAND-0213,PERF-004,PERF-004_SDNG_SNDG_Gangsa_ENSEMBLE04.wav,C:\Users\vonje\Documents\4th Year Acts\Thesis\Latest Requirements\Thesis App\data_pipeline\data\working_audio\ensembles\PERF-004_SDNG_SNDG_Gangsa_ENSEMBLE04.wav,213,120.883084,0.545669,10412,0.034894,pending_review,,,
PERF-004-CAND-0214,PERF-004,PERF-004_SDNG_SNDG_Gangsa_ENSEMBLE04.wav,C:\Users\vonje\Documents\4th Year Acts\Thesis\Latest Requirements\Thesis App\data_pipeline\data\working_audio\ensembles\PERF-004_SDNG_SNDG_Gangsa_ENSEMBLE04.wav,214,122.055692,1.172608,10513,0.018134,pending_review,,,
PERF-005-CAND-0001,PERF-005,PERF-005_SDNG_SNDG_Gangsa_ENSEMBLE05.wav,C:\Users\vonje\Documents\4th Year Acts\Thesis\Latest Requirements\Thesis App\data_pipeline\data\working_audio\ensembles\PERF-005_SDNG_SNDG_Gangsa_ENSEMBLE05.wav,1,0.464399,,40,0.024838,pending_review,,,
PERF-005-CAND-0002,PERF-005,PERF-005_SDNG_SNDG_Gangsa_ENSEMBLE05.wav,C:\Users\vonje\Documents\4th Year Acts\Thesis\Latest Requirements\Thesis App\data_pipeline\data\working_audio\ensembles\PERF-005_SDNG_SNDG_Gangsa_ENSEMBLE05.wav,2,0.847528,0.383129,73,0.043447,pending_review,,,
PERF-005-CAND-0003,PERF-005,PERF-005_SDNG_SNDG_Gangsa_ENSEMBLE05.wav,C:\Users\vonje\Documents\4th Year Acts\Thesis\Latest Requirements\Thesis App\data_pipeline\data\working_audio\ensembles\PERF-005_SDNG_SNDG_Gangsa_ENSEMBLE05.wav,3,1.555737,0.708209,134,0.020978,pending_review,,,
PERF-005-CAND-0004,PERF-005,PERF-005_SDNG_SNDG_Gangsa_ENSEMBLE05.wav,C:\Users\vonje\Documents\4th Year Acts\Thesis\Latest Requirements\Thesis App\data_pipeline\data\working_audio\ensembles\PERF-005_SDNG_SNDG_Gangsa_ENSEMBLE05.wav,4,2.124626,0.568889,183,0.027308,pending_review,,,
PERF-005-CAND-0005,PERF-005,PERF-005_SDNG_SNDG_Gangsa_ENSEMBLE05.wav,C:\Users\vonje\Documents\4th Year Acts\Thesis\Latest Requirements\Thesis App\data_pipeline\data\working_audio\ensembles\PERF-005_SDNG_SNDG_Gangsa_ENSEMBLE05.wav,5,2.728345,0.603719,235,0.044066,pending_review,,,
PERF-005-CAND-0006,PERF-005,PERF-005_SDNG_SNDG_Gangsa_ENSEMBLE05.wav,C:\Users\vonje\Documents\4th Year Acts\Thesis\Latest Requirements\Thesis App\data_pipeline\data\working_audio\ensembles\PERF-005_SDNG_SNDG_Gangsa_ENSEMBLE05.wav,6,3.935782,1.207438,339,0.013022,pending_review,,,
PERF-005-CAND-0007,PERF-005,PERF-005_SDNG_SNDG_Gangsa_ENSEMBLE05.wav,C:\Users\vonje\Documents\4th Year Acts\Thesis\Latest Requirements\Thesis App\data_pipeline\data\working_audio\ensembles\PERF-005_SDNG_SNDG_Gangsa_ENSEMBLE05.wav,7,4.527891,0.592109,390,0.020989,pending_review,,,
PERF-005-CAND-0008,PERF-005,PERF-005_SDNG_SNDG_Gangsa_ENSEMBLE05.wav,C:\Users\vonje\Documents\4th Year Acts\Thesis\Latest Requirements\Thesis App\data_pipeline\data\working_audio\ensembles\PERF-005_SDNG_SNDG_Gangsa_ENSEMBLE05.wav,8,5.12,0.592109,441,0.022395,pending_review,,,
PERF-005-CAND-0009,PERF-005,PERF-005_SDNG_SNDG_Gangsa_ENSEMBLE05.wav,C:\Users\vonje\Documents\4th Year Acts\Thesis\Latest Requirements\Thesis App\data_pipeline\data\working_audio\ensembles\PERF-005_SDNG_SNDG_Gangsa_ENSEMBLE05.wav,9,5.735329,0.615329,494,0.025239,pending_review,,,
PERF-005-CAND-0010,PERF-005,PERF-005_SDNG_SNDG_Gangsa_ENSEMBLE05.wav,C:\Users\vonje\Documents\4th Year Acts\Thesis\Latest Requirements\Thesis App\data_pipeline\data\working_audio\ensembles\PERF-005_SDNG_SNDG_Gangsa_ENSEMBLE05.wav,10,6.362268,0.626939,548,0.018532,pending_review,,,
PERF-005-CAND-0011,PERF-005,PERF-005_SDNG_SNDG_Gangsa_ENSEMBLE05.wav,C:\Users\vonje\Documents\4th Year Acts\Thesis\Latest Requirements\Thesis App\data_pipeline\data\working_audio\ensembles\PERF-005_SDNG_SNDG_Gangsa_ENSEMBLE05.wav,11,6.954376,0.592109,599,0.024261,pending_review,,,
PERF-005-CAND-0012,PERF-005,PERF-005_SDNG_SNDG_Gangsa_ENSEMBLE05.wav,C:\Users\vonje\Documents\4th Year Acts\Thesis\Latest Requirements\Thesis App\data_pipeline\data\working_audio\ensembles\PERF-005_SDNG_SNDG_Gangsa_ENSEMBLE05.wav,12,7.511655,0.557279,647,0.013564,pending_review,,,
PERF-005-CAND-0013,PERF-005,PERF-005_SDNG_SNDG_Gangsa_ENSEMBLE05.wav,C:\Users\vonje\Documents\4th Year Acts\Thesis\Latest Requirements\Thesis App\data_pipeline\data\working_audio\ensembles\PERF-005_SDNG_SNDG_Gangsa_ENSEMBLE05.wav,13,9.253152,1.741497,797,0.020659,pending_review,,,
PERF-005-CAND-0014,PERF-005,PERF-005_SDNG_SNDG_Gangsa_ENSEMBLE05.wav,C:\Users\vonje\Documents\4th Year Acts\Thesis\Latest Requirements\Thesis App\data_pipeline\data\working_audio\ensembles\PERF-005_SDNG_SNDG_Gangsa_ENSEMBLE05.wav,14,10.774059,1.520907,928,0.02777,pending_review,,,
PERF-005-CAND-0015,PERF-005,PERF-005_SDNG_SNDG_Gangsa_ENSEMBLE05.wav,C:\Users\vonje\Documents\4th Year Acts\Thesis\Latest Requirements\Thesis App\data_pipeline\data\working_audio\ensembles\PERF-005_SDNG_SNDG_Gangsa_ENSEMBLE05.wav,15,11.644807,0.870748,1003,0.022254,pending_review,,,
PERF-005-CAND-0016,PERF-005,PERF-005_SDNG_SNDG_Gangsa_ENSEMBLE05.wav,C:\Users\vonje\Documents\4th Year Acts\Thesis\Latest Requirements\Thesis App\data_pipeline\data\working_audio\ensembles\PERF-005_SDNG_SNDG_Gangsa_ENSEMBLE05.wav,16,13.409524,1.764717,1155,0.020623,pending_review,,,
PERF-005-CAND-0017,PERF-005,PERF-005_SDNG_SNDG_Gangsa_ENSEMBLE05.wav,C:\Users\vonje\Documents\4th Year Acts\Thesis\Latest Requirements\Thesis App\data_pipeline\data\working_audio\ensembles\PERF-005_SDNG_SNDG_Gangsa_ENSEMBLE05.wav,17,13.978413,0.568889,1204,0.017621,pending_review,,,
PERF-005-CAND-0018,PERF-005,PERF-005_SDNG_SNDG_Gangsa_ENSEMBLE05.wav,C:\Users\vonje\Documents\4th Year Acts\Thesis\Latest Requirements\Thesis App\data_pipeline\data\working_audio\ensembles\PERF-005_SDNG_SNDG_Gangsa_ENSEMBLE05.wav,18,15.13941,1.160998,1304,0.012881,pending_review,,,
PERF-005-CAND-0019,PERF-005,PERF-005_SDNG_SNDG_Gangsa_ENSEMBLE05.wav,C:\Users\vonje\Documents\4th Year Acts\Thesis\Latest Requirements\Thesis App\data_pipeline\data\working_audio\ensembles\PERF-005_SDNG_SNDG_Gangsa_ENSEMBLE05.wav,19,16.335238,1.195828,1407,0.011844,pending_review,,,
PERF-005-CAND-0020,PERF-005,PERF-005_SDNG_SNDG_Gangsa_ENSEMBLE05.wav,C:\Users\vonje\Documents\4th Year Acts\Thesis\Latest Requirements\Thesis App\data_pipeline\data\working_audio\ensembles\PERF-005_SDNG_SNDG_Gangsa_ENSEMBLE05.wav,20,17.205986,0.870748,1482,0.026998,pending_review,,,
PERF-005-CAND-0021,PERF-005,PERF-005_SDNG_SNDG_Gangsa_ENSEMBLE05.wav,C:\Users\vonje\Documents\4th Year Acts\Thesis\Latest Requirements\Thesis App\data_pipeline\data\working_audio\ensembles\PERF-005_SDNG_SNDG_Gangsa_ENSEMBLE05.wav,21,17.798095,0.592109,1533,0.019198,pending_review,,,
PERF-005-CAND-0022,PERF-005,PERF-005_SDNG_SNDG_Gangsa_ENSEMBLE05.wav,C:\Users\vonje\Documents\4th Year Acts\Thesis\Latest Requirements\Thesis App\data_pipeline\data\working_audio\ensembles\PERF-005_SDNG_SNDG_Gangsa_ENSEMBLE05.wav,22,18.680454,0.882358,1609,0.02523,pending_review,,,
PERF-005-CAND-0023,PERF-005,PERF-005_SDNG_SNDG_Gangsa_ENSEMBLE05.wav,C:\Users\vonje\Documents\4th Year Acts\Thesis\Latest Requirements\Thesis App\data_pipeline\data\working_audio\ensembles\PERF-005_SDNG_SNDG_Gangsa_ENSEMBLE05.wav,23,21.014059,2.333605,1810,0.020267,pending_review,,,
PERF-005-CAND-0024,PERF-005,PERF-005_SDNG_SNDG_Gangsa_ENSEMBLE05.wav,C:\Users\vonje\Documents\4th Year Acts\Thesis\Latest Requirements\Thesis App\data_pipeline\data\working_audio\ensembles\PERF-005_SDNG_SNDG_Gangsa_ENSEMBLE05.wav,24,21.606168,0.592109,1861,0.019337,pending_review,,,
PERF-005-CAND-0025,PERF-005,PERF-005_SDNG_SNDG_Gangsa_ENSEMBLE05.wav,C:\Users\vonje\Documents\4th Year Acts\Thesis\Latest Requirements\Thesis App\data_pipeline\data\working_audio\ensembles\PERF-005_SDNG_SNDG_Gangsa_ENSEMBLE05.wav,25,22.175057,0.568889,1910,0.02785,pending_review,,,
PERF-005-CAND-0026,PERF-005,PERF-005_SDNG_SNDG_Gangsa_ENSEMBLE05.wav,C:\Users\vonje\Documents\4th Year Acts\Thesis\Latest Requirements\Thesis App\data_pipeline\data\working_audio\ensembles\PERF-005_SDNG_SNDG_Gangsa_ENSEMBLE05.wav,26,22.778776,0.603719,1962,0.021791,pending_review,,,
PERF-005-CAND-0027,PERF-005,PERF-005_SDNG_SNDG_Gangsa_ENSEMBLE05.wav,C:\Users\vonje\Documents\4th Year Acts\Thesis\Latest Requirements\Thesis App\data_pipeline\data\working_audio\ensembles\PERF-005_SDNG_SNDG_Gangsa_ENSEMBLE05.wav,27,23.359274,0.580499,2012,0.02926,pending_review,,,
PERF-005-CAND-0028,PERF-005,PERF-005_SDNG_SNDG_Gangsa_ENSEMBLE05.wav,C:\Users\vonje\Documents\4th Year Acts\Thesis\Latest Requirements\Thesis App\data_pipeline\data\working_audio\ensembles\PERF-005_SDNG_SNDG_Gangsa_ENSEMBLE05.wav,28,25.65805,2.298776,2210,0.020405,pending_review,,,
PERF-005-CAND-0029,PERF-005,PERF-005_SDNG_SNDG_Gangsa_ENSEMBLE05.wav,C:\Users\vonje\Documents\4th Year Acts\Thesis\Latest Requirements\Thesis App\data_pipeline\data\working_audio\ensembles\PERF-005_SDNG_SNDG_Gangsa_ENSEMBLE05.wav,29,27.968435,2.310385,2409,0.024019,pending_review,,,
PERF-005-CAND-0030,PERF-005,PERF-005_SDNG_SNDG_Gangsa_ENSEMBLE05.wav,C:\Users\vonje\Documents\4th Year Acts\Thesis\Latest Requirements\Thesis App\data_pipeline\data\working_audio\ensembles\PERF-005_SDNG_SNDG_Gangsa_ENSEMBLE05.wav,30,29.141043,1.172608,2510,0.018501,pending_review,,,
PERF-005-CAND-0031,PERF-005,PERF-005_SDNG_SNDG_Gangsa_ENSEMBLE05.wav,C:\Users\vonje\Documents\4th Year Acts\Thesis\Latest Requirements\Thesis App\data_pipeline\data\working_audio\ensembles\PERF-005_SDNG_SNDG_Gangsa_ENSEMBLE05.wav,31,29.721542,0.580499,2560,0.018181,pending_review,,,
PERF-005-CAND-0032,PERF-005,PERF-005_SDNG_SNDG_Gangsa_ENSEMBLE05.wav,C:\Users\vonje\Documents\4th Year Acts\Thesis\Latest Requirements\Thesis App\data_pipeline\data\working_audio\ensembles\PERF-005_SDNG_SNDG_Gangsa_ENSEMBLE05.wav,32,30.313651,0.592109,2611,0.032466,pending_review,,,
PERF-005-CAND-0033,PERF-005,PERF-005_SDNG_SNDG_Gangsa_ENSEMBLE05.wav,C:\Users\vonje\Documents\4th Year Acts\Thesis\Latest Requirements\Thesis App\data_pipeline\data\working_audio\ensembles\PERF-005_SDNG_SNDG_Gangsa_ENSEMBLE05.wav,33,32.020317,1.706667,2758,0.020543,pending_review,,,
PERF-005-CAND-0034,PERF-005,PERF-005_SDNG_SNDG_Gangsa_ENSEMBLE05.wav,C:\Users\vonje\Documents\4th Year Acts\Thesis\Latest Requirements\Thesis App\data_pipeline\data\working_audio\ensembles\PERF-005_SDNG_SNDG_Gangsa_ENSEMBLE05.wav,34,32.600816,0.580499,2808,0.026624,pending_review,,,
PERF-005-CAND-0035,PERF-005,PERF-005_SDNG_SNDG_Gangsa_ENSEMBLE05.wav,C:\Users\vonje\Documents\4th Year Acts\Thesis\Latest Requirements\Thesis App\data_pipeline\data\working_audio\ensembles\PERF-005_SDNG_SNDG_Gangsa_ENSEMBLE05.wav,35,33.738594,1.137778,2906,0.016254,pending_review,,,
PERF-005-CAND-0036,PERF-005,PERF-005_SDNG_SNDG_Gangsa_ENSEMBLE05.wav,C:\Users\vonje\Documents\4th Year Acts\Thesis\Latest Requirements\Thesis App\data_pipeline\data\working_audio\ensembles\PERF-005_SDNG_SNDG_Gangsa_ENSEMBLE05.wav,36,34.319093,0.580499,2956,0.017081,pending_review,,,
PERF-005-CAND-0037,PERF-005,PERF-005_SDNG_SNDG_Gangsa_ENSEMBLE05.wav,C:\Users\vonje\Documents\4th Year Acts\Thesis\Latest Requirements\Thesis App\data_pipeline\data\working_audio\ensembles\PERF-005_SDNG_SNDG_Gangsa_ENSEMBLE05.wav,37,34.911202,0.592109,3007,0.026826,pending_review,,,
PERF-005-CAND-0038,PERF-005,PERF-005_SDNG_SNDG_Gangsa_ENSEMBLE05.wav,C:\Users\vonje\Documents\4th Year Acts\Thesis\Latest Requirements\Thesis App\data_pipeline\data\working_audio\ensembles\PERF-005_SDNG_SNDG_Gangsa_ENSEMBLE05.wav,38,36.629478,1.718277,3155,0.015462,pending_review,,,
PERF-005-CAND-0039,PERF-005,PERF-005_SDNG_SNDG_Gangsa_ENSEMBLE05.wav,C:\Users\vonje\Documents\4th Year Acts\Thesis\Latest Requirements\Thesis App\data_pipeline\data\working_audio\ensembles\PERF-005_SDNG_SNDG_Gangsa_ENSEMBLE05.wav,39,37.198367,0.568889,3204,0.016462,pending_review,,,
PERF-005-CAND-0040,PERF-005,PERF-005_SDNG_SNDG_Gangsa_ENSEMBLE05.wav,C:\Users\vonje\Documents\4th Year Acts\Thesis\Latest Requirements\Thesis App\data_pipeline\data\working_audio\ensembles\PERF-005_SDNG_SNDG_Gangsa_ENSEMBLE05.wav,40,38.336145,1.137778,3302,0.013406,pending_review,,,
PERF-005-CAND-0041,PERF-005,PERF-005_SDNG_SNDG_Gangsa_ENSEMBLE05.wav,C:\Users\vonje\Documents\4th Year Acts\Thesis\Latest Requirements\Thesis App\data_pipeline\data\working_audio\ensembles\PERF-005_SDNG_SNDG_Gangsa_ENSEMBLE05.wav,41,39.531973,1.195828,3405,0.02042,pending_review,,,
PERF-005-CAND-0042,PERF-005,PERF-005_SDNG_SNDG_Gangsa_ENSEMBLE05.wav,C:\Users\vonje\Documents\4th Year Acts\Thesis\Latest Requirements\Thesis App\data_pipeline\data\working_audio\ensembles\PERF-005_SDNG_SNDG_Gangsa_ENSEMBLE05.wav,42,40.414331,0.882358,3481,0.026256,pending_review,,,
PERF-005-CAND-0043,PERF-005,PERF-005_SDNG_SNDG_Gangsa_ENSEMBLE05.wav,C:\Users\vonje\Documents\4th Year Acts\Thesis\Latest Requirements\Thesis App\data_pipeline\data\working_audio\ensembles\PERF-005_SDNG_SNDG_Gangsa_ENSEMBLE05.wav,43,41.842358,1.428027,3604,0.015707,pending_review,,,
PERF-005-CAND-0044,PERF-005,PERF-005_SDNG_SNDG_Gangsa_ENSEMBLE05.wav,C:\Users\vonje\Documents\4th Year Acts\Thesis\Latest Requirements\Thesis App\data_pipeline\data\working_audio\ensembles\PERF-005_SDNG_SNDG_Gangsa_ENSEMBLE05.wav,44,43.572245,1.729887,3753,0.017745,pending_review,,,
PERF-005-CAND-0045,PERF-005,PERF-005_SDNG_SNDG_Gangsa_ENSEMBLE05.wav,C:\Users\vonje\Documents\4th Year Acts\Thesis\Latest Requirements\Thesis App\data_pipeline\data\working_audio\ensembles\PERF-005_SDNG_SNDG_Gangsa_ENSEMBLE05.wav,45,44.129524,0.557279,3801,0.022782,pending_review,,,
PERF-005-CAND-0046,PERF-005,PERF-005_SDNG_SNDG_Gangsa_ENSEMBLE05.wav,C:\Users\vonje\Documents\4th Year Acts\Thesis\Latest Requirements\Thesis App\data_pipeline\data\working_audio\ensembles\PERF-005_SDNG_SNDG_Gangsa_ENSEMBLE05.wav,46,45.302132,1.172608,3902,0.023992,pending_review,,,
PERF-005-CAND-0047,PERF-005,PERF-005_SDNG_SNDG_Gangsa_ENSEMBLE05.wav,C:\Users\vonje\Documents\4th Year Acts\Thesis\Latest Requirements\Thesis App\data_pipeline\data\working_audio\ensembles\PERF-005_SDNG_SNDG_Gangsa_ENSEMBLE05.wav,47,45.87102,0.568889,3951,0.016251,pending_review,,,
PERF-005-CAND-0048,PERF-005,PERF-005_SDNG_SNDG_Gangsa_ENSEMBLE05.wav,C:\Users\vonje\Documents\4th Year Acts\Thesis\Latest Requirements\Thesis App\data_pipeline\data\working_audio\ensembles\PERF-005_SDNG_SNDG_Gangsa_ENSEMBLE05.wav,48,46.439909,0.568889,4000,0.015501,pending_review,,,
PERF-005-CAND-0049,PERF-005,PERF-005_SDNG_SNDG_Gangsa_ENSEMBLE05.wav,C:\Users\vonje\Documents\4th Year Acts\Thesis\Latest Requirements\Thesis App\data_pipeline\data\working_audio\ensembles\PERF-005_SDNG_SNDG_Gangsa_ENSEMBLE05.wav,49,48.738685,2.298776,4198,0.017762,pending_review,,,
PERF-005-CAND-0050,PERF-005,PERF-005_SDNG_SNDG_Gangsa_ENSEMBLE05.wav,C:\Users\vonje\Documents\4th Year Acts\Thesis\Latest Requirements\Thesis App\data_pipeline\data\working_audio\ensembles\PERF-005_SDNG_SNDG_Gangsa_ENSEMBLE05.wav,50,49.899683,1.160998,4298,0.018168,pending_review,,,
PERF-005-CAND-0051,PERF-005,PERF-005_SDNG_SNDG_Gangsa_ENSEMBLE05.wav,C:\Users\vonje\Documents\4th Year Acts\Thesis\Latest Requirements\Thesis App\data_pipeline\data\working_audio\ensembles\PERF-005_SDNG_SNDG_Gangsa_ENSEMBLE05.wav,51,50.480181,0.580499,4348,0.019752,pending_review,,,
PERF-005-CAND-0052,PERF-005,PERF-005_SDNG_SNDG_Gangsa_ENSEMBLE05.wav,C:\Users\vonje\Documents\4th Year Acts\Thesis\Latest Requirements\Thesis App\data_pipeline\data\working_audio\ensembles\PERF-005_SDNG_SNDG_Gangsa_ENSEMBLE05.wav,52,51.06068,0.580499,4398,0.01954,pending_review,,,
PERF-005-CAND-0053,PERF-005,PERF-005_SDNG_SNDG_Gangsa_ENSEMBLE05.wav,C:\Users\vonje\Documents\4th Year Acts\Thesis\Latest Requirements\Thesis App\data_pipeline\data\working_audio\ensembles\PERF-005_SDNG_SNDG_Gangsa_ENSEMBLE05.wav,53,57.980227,6.919546,4994,0.018631,pending_review,,,
PERF-005-CAND-0054,PERF-005,PERF-005_SDNG_SNDG_Gangsa_ENSEMBLE05.wav,C:\Users\vonje\Documents\4th Year Acts\Thesis\Latest Requirements\Thesis App\data_pipeline\data\working_audio\ensembles\PERF-005_SDNG_SNDG_Gangsa_ENSEMBLE05.wav,54,58.595556,0.615329,5047,0.025543,pending_review,,,
PERF-005-CAND-0055,PERF-005,PERF-005_SDNG_SNDG_Gangsa_ENSEMBLE05.wav,C:\Users\vonje\Documents\4th Year Acts\Thesis\Latest Requirements\Thesis App\data_pipeline\data\working_audio\ensembles\PERF-005_SDNG_SNDG_Gangsa_ENSEMBLE05.wav,55,59.164444,0.568889,5096,0.01742,pending_review,,,
PERF-005-CAND-0056,PERF-005,PERF-005_SDNG_SNDG_Gangsa_ENSEMBLE05.wav,C:\Users\vonje\Documents\4th Year Acts\Thesis\Latest Requirements\Thesis App\data_pipeline\data\working_audio\ensembles\PERF-005_SDNG_SNDG_Gangsa_ENSEMBLE05.wav,56,62.090159,2.925714,5348,0.016795,pending_review,,,
PERF-005-CAND-0057,PERF-005,PERF-005_SDNG_SNDG_Gangsa_ENSEMBLE05.wav,C:\Users\vonje\Documents\4th Year Acts\Thesis\Latest Requirements\Thesis App\data_pipeline\data\working_audio\ensembles\PERF-005_SDNG_SNDG_Gangsa_ENSEMBLE05.wav,57,62.659048,0.568889,5397,0.011982,pending_review,,,
PERF-005-CAND-0058,PERF-005,PERF-005_SDNG_SNDG_Gangsa_ENSEMBLE05.wav,C:\Users\vonje\Documents\4th Year Acts\Thesis\Latest Requirements\Thesis App\data_pipeline\data\working_audio\ensembles\PERF-005_SDNG_SNDG_Gangsa_ENSEMBLE05.wav,58,63.541406,0.882358,5473,0.020328,pending_review,,,
PERF-005-CAND-0059,PERF-005,PERF-005_SDNG_SNDG_Gangsa_ENSEMBLE05.wav,C:\Users\vonje\Documents\4th Year Acts\Thesis\Latest Requirements\Thesis App\data_pipeline\data\working_audio\ensembles\PERF-005_SDNG_SNDG_Gangsa_ENSEMBLE05.wav,59,64.412154,0.870748,5548,0.022833,pending_review,,,
PERF-005-CAND-0060,PERF-005,PERF-005_SDNG_SNDG_Gangsa_ENSEMBLE05.wav,C:\Users\vonje\Documents\4th Year Acts\Thesis\Latest Requirements\Thesis App\data_pipeline\data\working_audio\ensembles\PERF-005_SDNG_SNDG_Gangsa_ENSEMBLE05.wav,60,65.294512,0.882358,5624,0.018641,pending_review,,,
PERF-005-CAND-0061,PERF-005,PERF-005_SDNG_SNDG_Gangsa_ENSEMBLE05.wav,C:\Users\vonje\Documents\4th Year Acts\Thesis\Latest Requirements\Thesis App\data_pipeline\data\working_audio\ensembles\PERF-005_SDNG_SNDG_Gangsa_ENSEMBLE05.wav,61,66.74576,1.451247,5749,0.026131,pending_review,,,
PERF-005-CAND-0062,PERF-005,PERF-005_SDNG_SNDG_Gangsa_ENSEMBLE05.wav,C:\Users\vonje\Documents\4th Year Acts\Thesis\Latest Requirements\Thesis App\data_pipeline\data\working_audio\ensembles\PERF-005_SDNG_SNDG_Gangsa_ENSEMBLE05.wav,62,69.032925,2.287166,5946,0.021817,pending_review,,,
PERF-005-CAND-0063,PERF-005,PERF-005_SDNG_SNDG_Gangsa_ENSEMBLE05.wav,C:\Users\vonje\Documents\4th Year Acts\Thesis\Latest Requirements\Thesis App\data_pipeline\data\working_audio\ensembles\PERF-005_SDNG_SNDG_Gangsa_ENSEMBLE05.wav,63,73.653696,4.620771,6344,0.014154,pending_review,,,
PERF-005-CAND-0064,PERF-005,PERF-005_SDNG_SNDG_Gangsa_ENSEMBLE05.wav,C:\Users\vonje\Documents\4th Year Acts\Thesis\Latest Requirements\Thesis App\data_pipeline\data\working_audio\ensembles\PERF-005_SDNG_SNDG_Gangsa_ENSEMBLE05.wav,64,74.559274,0.905578,6422,0.031041,pending_review,,,
