candidate_event_id,group_id,working_filename,working_path,event_index,detected_onset_seconds,corrected_onset_seconds,ioi_seconds,onset_strength_norm,clip_filename,clip_path,keep_event,event_token,review_confidence,reviewer,review_notes,token_ioi_class,token_strength_class,token_rule,usable_for_training,source_review_file
PERF-001-CAND-0001,PERF-001,PERF-001_SDNG_SNDG_Gangsa_ENSEMBLE01.wav,C:\Users\vonje\Documents\4th Year Acts\Thesis\Latest Requirements\Thesis App\data_pipeline\data\working_audio\ensembles\PERF-001_SDNG_SNDG_Gangsa_ENSEMBLE01.wav,1,0.476009,0.476009,,0.010559,PERF-001_event_0001_PERF-001-CAND-0001.wav,C:\Users\vonje\Documents\4th Year Acts\Thesis\Latest Requirements\Thesis App\data_pipeline\data\event_review\candidate_event_clips\PERF-001\PERF-001_event_0001_PERF-001-CAND-0001.wav,yes,START_WEAK,accepted_after_clip_review,Von Jethro E. Landicho,Accepted as usable candidate event; token assigned from IOI and normalized onset strength.,START,WEAK,IOI tertile + onset-strength tertile; first event per recording uses START,yes,ensemble_event_review(3).csv
PERF-001-CAND-0002,PERF-001,PERF-001_SDNG_SNDG_Gangsa_ENSEMBLE01.wav,C:\Users\vonje\Documents\4th Year Acts\Thesis\Latest Requirements\Thesis App\data_pipeline\data\working_audio\ensembles\PERF-001_SDNG_SNDG_Gangsa_ENSEMBLE01.wav,2,2.693515,2.693515,2.217506,0.036993,PERF-001_event_0002_PERF-001-CAND-0002.wav,C:\Users\vonje\Documents\4th Year Acts\Thesis\Latest Requirements\Thesis App\data_pipeline\data\event_review\candidate_event_clips\PERF-001\PERF-001_event_0002_PERF-001-CAND-0002.wav,yes,LONG_STRONG,accepted_after_clip_review,Von Jethro E. Landicho,Accepted as usable candidate event; token assigned from IOI and normalized onset strength.,LONG,STRONG,IOI tertile + onset-strength tertile; first event per recording uses START,yes,ensemble_event_review(3).csv
PERF-001-CAND-0003,PERF-001,PERF-001_SDNG_SNDG_Gangsa_ENSEMBLE01.wav,C:\Users\vonje\Documents\4th Year Acts\Thesis\Latest Requirements\Thesis App\data_pipeline\data\working_audio\ensembles\PERF-001_SDNG_SNDG_Gangsa_ENSEMBLE01.wav,3,3.239184,3.239184,0.5456689999999997,0.045541,PERF-001_event_0003_PERF-001-CAND-0003.wav,C:\Users\vonje\Documents\4th Year Acts\Thesis\Latest Requirements\Thesis App\data_pipeline\data\event_review\candidate_event_clips\PERF-001\PERF-001_event_0003_PERF-001-CAND-0003.wav,yes,SHORT_STRONG,accepted_after_clip_review,Von Jethro E. Landicho,Accepted as usable candidate event; token assigned from IOI and normalized onset strength.,SHORT,STRONG,IOI tertile + onset-strength tertile; first event per recording uses START,yes,ensemble_event_review(3).csv
PERF-001-CAND-0004,PERF-001,PERF-001_SDNG_SNDG_Gangsa_ENSEMBLE01.wav,C:\Users\vonje\Documents\4th Year Acts\Thesis\Latest Requirements\Thesis App\data_pipeline\data\working_audio\ensembles\PERF-001_SDNG_SNDG_Gangsa_ENSEMBLE01.wav,4,3.831293,3.831293,0.5921090000000002,0.03071,PERF-001_event_0004_PERF-001-CAND-0004.wav,C:\Users\vonje\Documents\4th Year Acts\Thesis\Latest Requirements\Thesis App\data_pipeline\data\event_review\candidate_event_clips\PERF-001\PERF-001_event_0004_PERF-001-CAND-0004.wav,yes,MEDIUM_MEDIUM,accepted_after_clip_review,Von Jethro E. Landicho,Accepted as usable candidate event; token assigned from IOI and normalized onset strength.,MEDIUM,MEDIUM,IOI tertile + onset-strength tertile; first event per recording uses START,yes,ensemble_event_review(3).csv
PERF-001-CAND-0005,PERF-001,PERF-001_SDNG_SNDG_Gangsa_ENSEMBLE01.wav,C:\Users\vonje\Documents\4th Year Acts\Thesis\Latest Requirements\Thesis App\data_pipeline\data\working_audio\ensembles\PERF-001_SDNG_SNDG_Gangsa_ENSEMBLE01.wav,5,4.95746,4.95746,1.1261670000000001,0.034913,PERF-001_event_0005_PERF-001-CAND-0005.wav,C:\Users\vonje\Documents\4th Year Acts\Thesis\Latest Requirements\Thesis App\data_pipeline\data\event_review\candidate_event_clips\PERF-001\PERF-001_event_0005_PERF-001-CAND-0005.wav,yes,MEDIUM_MEDIUM,accepted_after_clip_review,Von Jethro E. Landicho,Accepted as usable candidate event; token assigned from IOI and normalized onset strength.,MEDIUM,MEDIUM,IOI tertile + onset-strength tertile; first event per recording uses START,yes,ensemble_event_review(3).csv
PERF-001-CAND-0006,PERF-001,PERF-001_SDNG_SNDG_Gangsa_ENSEMBLE01.wav,C:\Users\vonje\Documents\4th Year Acts\Thesis\Latest Requirements\Thesis App\data_pipeline\data\working_audio\ensembles\PERF-001_SDNG_SNDG_Gangsa_ENSEMBLE01.wav,6,5.514739,5.514739,0.5572789999999994,0.043318,PERF-001_event_0006_PERF-001-CAND-0006.wav,C:\Users\vonje\Documents\4th Year Acts\Thesis\Latest Requirements\Thesis App\data_pipeline\data\event_review\candidate_event_clips\PERF-001\PERF-001_event_0006_PERF-001-CAND-0006.wav,yes,SHORT_STRONG,accepted_after_clip_review,Von Jethro E. Landicho,Accepted as usable candidate event; token assigned from IOI and normalized onset strength.,SHORT,STRONG,IOI tertile + onset-strength tertile; first event per recording uses START,yes,ensemble_event_review(3).csv
PERF-001-CAND-0007,PERF-001,PERF-001_SDNG_SNDG_Gangsa_ENSEMBLE01.wav,C:\Users\vonje\Documents\4th Year Acts\Thesis\Latest Requirements\Thesis App\data_pipeline\data\working_audio\ensembles\PERF-001_SDNG_SNDG_Gangsa_ENSEMBLE01.wav,7,6.664127,6.664127,1.149388,0.038952,PERF-001_event_0007_PERF-001-CAND-0007.wav,C:\Users\vonje\Documents\4th Year Acts\Thesis\Latest Requirements\Thesis App\data_pipeline\data\event_review\candidate_event_clips\PERF-001\PERF-001_event_0007_PERF-001-CAND-0007.wav,yes,LONG_STRONG,accepted_after_clip_review,Von Jethro E. Landicho,Accepted as usable candidate event; token assigned from IOI and normalized onset strength.,LONG,STRONG,IOI tertile + onset-strength tertile; first event per recording uses START,yes,ensemble_event_review(3).csv
PERF-001-CAND-0008,PERF-001,PERF-001_SDNG_SNDG_Gangsa_ENSEMBLE01.wav,C:\Users\vonje\Documents\4th Year Acts\Thesis\Latest Requirements\Thesis App\data_pipeline\data\working_audio\ensembles\PERF-001_SDNG_SNDG_Gangsa_ENSEMBLE01.wav,8,7.233016,7.233016,0.5688890000000004,0.046013,PERF-001_event_0008_PERF-001-CAND-0008.wav,C:\Users\vonje\Documents\4th Year Acts\Thesis\Latest Requirements\Thesis App\data_pipeline\data\event_review\candidate_event_clips\PERF-001\PERF-001_event_0008_PERF-001-CAND-0008.wav,yes,MEDIUM_STRONG,accepted_after_clip_review,Von Jethro E. Landicho,Accepted as usable candidate event; token assigned from IOI and normalized onset strength.,MEDIUM,STRONG,IOI tertile + onset-strength tertile; first event per recording uses START,yes,ensemble_event_review(3).csv
PERF-001-CAND-0009,PERF-001,PERF-001_SDNG_SNDG_Gangsa_ENSEMBLE01.wav,C:\Users\vonje\Documents\4th Year Acts\Thesis\Latest Requirements\Thesis App\data_pipeline\data\working_audio\ensembles\PERF-001_SDNG_SNDG_Gangsa_ENSEMBLE01.wav,9,7.813515,7.813515,0.5804989999999997,0.045462,PERF-001_event_0009_PERF-001-CAND-0009.wav,C:\Users\vonje\Documents\4th Year Acts\Thesis\Latest Requirements\Thesis App\data_pipeline\data\event_review\candidate_event_clips\PERF-001\PERF-001_event_0009_PERF-001-CAND-0009.wav,yes,MEDIUM_STRONG,accepted_after_clip_review,Von Jethro E. Landicho,Accepted as usable candidate event; token assigned from IOI and normalized onset strength.,MEDIUM,STRONG,IOI tertile + onset-strength tertile; first event per recording uses START,yes,ensemble_event_review(3).csv
PERF-001-CAND-0010,PERF-001,PERF-001_SDNG_SNDG_Gangsa_ENSEMBLE01.wav,C:\Users\vonje\Documents\4th Year Acts\Thesis\Latest Requirements\Thesis App\data_pipeline\data\working_audio\ensembles\PERF-001_SDNG_SNDG_Gangsa_ENSEMBLE01.wav,10,8.370794,8.370794,0.5572790000000003,0.025006,PERF-001_event_0010_PERF-001-CAND-0010.wav,C:\Users\vonje\Documents\4th Year Acts\Thesis\Latest Requirements\Thesis App\data_pipeline\data\event_review\candidate_event_clips\PERF-001\PERF-001_event_0010_PERF-001-CAND-0010.wav,yes,SHORT_WEAK,accepted_after_clip_review,Von Jethro E. Landicho,Accepted as usable candidate event; token assigned from IOI and normalized onset strength.,SHORT,WEAK,IOI tertile + onset-strength tertile; first event per recording uses START,yes,ensemble_event_review(3).csv
PERF-001-CAND-0011,PERF-001,PERF-001_SDNG_SNDG_Gangsa_ENSEMBLE01.wav,C:\Users\vonje\Documents\4th Year Acts\Thesis\Latest Requirements\Thesis App\data_pipeline\data\working_audio\ensembles\PERF-001_SDNG_SNDG_Gangsa_ENSEMBLE01.wav,11,9.508571,9.508571,1.1377769999999998,0.042753,PERF-001_event_0011_PERF-001-CAND-0011.wav,C:\Users\vonje\Documents\4th Year Acts\Thesis\Latest Requirements\Thesis App\data_pipeline\data\event_review\candidate_event_clips\PERF-001\PERF-001_event_0011_PERF-001-CAND-0011.wav,yes,MEDIUM_STRONG,accepted_after_clip_review,Von Jethro E. Landicho,Accepted as usable candidate event; token assigned from IOI and normalized onset strength.,MEDIUM,STRONG,IOI tertile + onset-strength tertile; first event per recording uses START,yes,ensemble_event_review(3).csv
PERF-001-CAND-0012,PERF-001,PERF-001_SDNG_SNDG_Gangsa_ENSEMBLE01.wav,C:\Users\vonje\Documents\4th Year Acts\Thesis\Latest Requirements\Thesis App\data_pipeline\data\working_audio\ensembles\PERF-001_SDNG_SNDG_Gangsa_ENSEMBLE01.wav,12,10.669569,10.669569,1.1609979999999993,0.034404,PERF-001_event_0012_PERF-001-CAND-0012.wav,C:\Users\vonje\Documents\4th Year Acts\Thesis\Latest Requirements\Thesis App\data_pipeline\data\event_review\candidate_event_clips\PERF-001\PERF-001_event_0012_PERF-001-CAND-0012.wav,yes,LONG_MEDIUM,accepted_after_clip_review,Von Jethro E. Landicho,Accepted as usable candidate event; token assigned from IOI and normalized onset strength.,LONG,MEDIUM,IOI tertile + onset-strength tertile; first event per recording uses START,yes,ensemble_event_review(3).csv
PERF-001-CAND-0013,PERF-001,PERF-001_SDNG_SNDG_Gangsa_ENSEMBLE01.wav,C:\Users\vonje\Documents\4th Year Acts\Thesis\Latest Requirements\Thesis App\data_pipeline\data\working_audio\ensembles\PERF-001_SDNG_SNDG_Gangsa_ENSEMBLE01.wav,13,11.226848,11.226848,0.5572790000000012,0.03497,PERF-001_event_0013_PERF-001-CAND-0013.wav,C:\Users\vonje\Documents\4th Year Acts\Thesis\Latest Requirements\Thesis App\data_pipeline\data\event_review\candidate_event_clips\PERF-001\PERF-001_event_0013_PERF-001-CAND-0013.wav,yes,SHORT_MEDIUM,accepted_after_clip_review,Von Jethro E. Landicho,Accepted as usable candidate event; token assigned from IOI and normalized onset strength.,SHORT,MEDIUM,IOI tertile + onset-strength tertile; first event per recording uses START,yes,ensemble_event_review(3).csv
PERF-001-CAND-0014,PERF-001,PERF-001_SDNG_SNDG_Gangsa_ENSEMBLE01.wav,C:\Users\vonje\Documents\4th Year Acts\Thesis\Latest Requirements\Thesis App\data_pipeline\data\working_audio\ensembles\PERF-001_SDNG_SNDG_Gangsa_ENSEMBLE01.wav,14,12.376236,12.376236,1.149388,0.033526,PERF-001_event_0014_PERF-001-CAND-0014.wav,C:\Users\vonje\Documents\4th Year Acts\Thesis\Latest Requirements\Thesis App\data_pipeline\data\event_review\candidate_event_clips\PERF-001\PERF-001_event_0014_PERF-001-CAND-0014.wav,yes,LONG_MEDIUM,accepted_after_clip_review,Von Jethro E. Landicho,Accepted as usable candidate event; token assigned from IOI and normalized onset strength.,LONG,MEDIUM,IOI tertile + onset-strength tertile; first event per recording uses START,yes,ensemble_event_review(3).csv
PERF-001-CAND-0015,PERF-001,PERF-001_SDNG_SNDG_Gangsa_ENSEMBLE01.wav,C:\Users\vonje\Documents\4th Year Acts\Thesis\Latest Requirements\Thesis App\data_pipeline\data\working_audio\ensembles\PERF-001_SDNG_SNDG_Gangsa_ENSEMBLE01.wav,15,14.094512,14.094512,1.7182759999999995,0.043763,PERF-001_event_0015_PERF-001-CAND-0015.wav,C:\Users\vonje\Documents\4th Year Acts\Thesis\Latest Requirements\Thesis App\data_pipeline\data\event_review\candidate_event_clips\PERF-001\PERF-001_event_0015_PERF-001-CAND-0015.wav,yes,LONG_STRONG,accepted_after_clip_review,Von Jethro E. Landicho,Accepted as usable candidate event; token assigned from IOI and normalized onset strength.,LONG,STRONG,IOI tertile + onset-strength tertile; first event per recording uses START,yes,ensemble_event_review(3).csv
PERF-001-CAND-0016,PERF-001,PERF-001_SDNG_SNDG_Gangsa_ENSEMBLE01.wav,C:\Users\vonje\Documents\4th Year Acts\Thesis\Latest Requirements\Thesis App\data_pipeline\data\working_audio\ensembles\PERF-001_SDNG_SNDG_Gangsa_ENSEMBLE01.wav,16,15.2439,15.2439,1.149388,0.036653,PERF-001_event_0016_PERF-001-CAND-0016.wav,C:\Users\vonje\Documents\4th Year Acts\Thesis\Latest Requirements\Thesis App\data_pipeline\data\event_review\candidate_event_clips\PERF-001\PERF-001_event_0016_PERF-001-CAND-0016.wav,yes,LONG_STRONG,accepted_after_clip_review,Von Jethro E. Landicho,Accepted as usable candidate event; token assigned from IOI and normalized onset strength.,LONG,STRONG,IOI tertile + onset-strength tertile; first event per recording uses START,yes,ensemble_event_review(3).csv
PERF-001-CAND-0017,PERF-001,PERF-001_SDNG_SNDG_Gangsa_ENSEMBLE01.wav,C:\Users\vonje\Documents\4th Year Acts\Thesis\Latest Requirements\Thesis App\data_pipeline\data\working_audio\ensembles\PERF-001_SDNG_SNDG_Gangsa_ENSEMBLE01.wav,17,16.915737,16.915737,1.671837,0.033623,PERF-001_event_0017_PERF-001-CAND-0017.wav,C:\Users\vonje\Documents\4th Year Acts\Thesis\Latest Requirements\Thesis App\data_pipeline\data\event_review\candidate_event_clips\PERF-001\PERF-001_event_0017_PERF-001-CAND-0017.wav,yes,LONG_MEDIUM,accepted_after_clip_review,Von Jethro E. Landicho,Accepted as usable candidate event; token assigned from IOI and normalized onset strength.,LONG,MEDIUM,IOI tertile + onset-strength tertile; first event per recording uses START,yes,ensemble_event_review(3).csv
PERF-001-CAND-0018,PERF-001,PERF-001_SDNG_SNDG_Gangsa_ENSEMBLE01.wav,C:\Users\vonje\Documents\4th Year Acts\Thesis\Latest Requirements\Thesis App\data_pipeline\data\working_audio\ensembles\PERF-001_SDNG_SNDG_Gangsa_ENSEMBLE01.wav,18,17.531066,17.531066,0.6153289999999991,0.039418,PERF-001_event_0018_PERF-001-CAND-0018.wav,C:\Users\vonje\Documents\4th Year Acts\Thesis\Latest Requirements\Thesis App\data_pipeline\data\event_review\candidate_event_clips\PERF-001\PERF-001_event_0018_PERF-001-CAND-0018.wav,yes,MEDIUM_STRONG,accepted_after_clip_review,Von Jethro E. Landicho,Accepted as usable candidate event; token assigned from IOI and normalized onset strength.,MEDIUM,STRONG,IOI tertile + onset-strength tertile; first event per recording uses START,yes,ensemble_event_review(3).csv
PERF-001-CAND-0019,PERF-001,PERF-001_SDNG_SNDG_Gangsa_ENSEMBLE01.wav,C:\Users\vonje\Documents\4th Year Acts\Thesis\Latest Requirements\Thesis App\data_pipeline\data\working_audio\ensembles\PERF-001_SDNG_SNDG_Gangsa_ENSEMBLE01.wav,19,18.680454,18.680454,1.1493880000000019,0.031973,PERF-001_event_0019_PERF-001-CAND-0019.wav,C:\Users\vonje\Documents\4th Year Acts\Thesis\Latest Requirements\Thesis App\data_pipeline\data\event_review\candidate_event_clips\PERF-001\PERF-001_event_0019_PERF-001-CAND-0019.wav,yes,LONG_MEDIUM,accepted_after_clip_review,Von Jethro E. Landicho,Accepted as usable candidate event; token assigned from IOI and normalized onset strength.,LONG,MEDIUM,IOI tertile + onset-strength tertile; first event per recording uses START,yes,ensemble_event_review(3).csv
PERF-001-CAND-0020,PERF-001,PERF-001_SDNG_SNDG_Gangsa_ENSEMBLE01.wav,C:\Users\vonje\Documents\4th Year Acts\Thesis\Latest Requirements\Thesis App\data_pipeline\data\working_audio\ensembles\PERF-001_SDNG_SNDG_Gangsa_ENSEMBLE01.wav,20,19.249342,19.249342,0.5688879999999976,0.040982,PERF-001_event_0020_PERF-001-CAND-0020.wav,C:\Users\vonje\Documents\4th Year Acts\Thesis\Latest Requirements\Thesis App\data_pipeline\data\event_review\candidate_event_clips\PERF-001\PERF-001_event_0020_PERF-001-CAND-0020.wav,yes,SHORT_STRONG,accepted_after_clip_review,Von Jethro E. Landicho,Accepted as usable candidate event; token assigned from IOI and normalized onset strength.,SHORT,STRONG,IOI tertile + onset-strength tertile; first event per recording uses START,yes,ensemble_event_review(3).csv
PERF-001-CAND-0021,PERF-001,PERF-001_SDNG_SNDG_Gangsa_ENSEMBLE01.wav,C:\Users\vonje\Documents\4th Year Acts\Thesis\Latest Requirements\Thesis App\data_pipeline\data\working_audio\ensembles\PERF-001_SDNG_SNDG_Gangsa_ENSEMBLE01.wav,21,20.967619,20.967619,1.7182770000000005,0.031662,PERF-001_event_0021_PERF-001-CAND-0021.wav,C:\Users\vonje\Documents\4th Year Acts\Thesis\Latest Requirements\Thesis App\data_pipeline\data\event_review\candidate_event_clips\PERF-001\PERF-001_event_0021_PERF-001-CAND-0021.wav,yes,LONG_MEDIUM,accepted_after_clip_review,Von Jethro E. Landicho,Accepted as usable candidate event; token assigned from IOI and normalized onset strength.,LONG,MEDIUM,IOI tertile + onset-strength tertile; first event per recording uses START,yes,ensemble_event_review(3).csv
PERF-001-CAND-0022,PERF-001,PERF-001_SDNG_SNDG_Gangsa_ENSEMBLE01.wav,C:\Users\vonje\Documents\4th Year Acts\Thesis\Latest Requirements\Thesis App\data_pipeline\data\working_audio\ensembles\PERF-001_SDNG_SNDG_Gangsa_ENSEMBLE01.wav,22,22.117007,22.117007,1.1493880000000019,0.049004,PERF-001_event_0022_PERF-001-CAND-0022.wav,C:\Users\vonje\Documents\4th Year Acts\Thesis\Latest Requirements\Thesis App\data_pipeline\data\event_review\candidate_event_clips\PERF-001\PERF-001_event_0022_PERF-001-CAND-0022.wav,yes,LONG_STRONG,accepted_after_clip_review,Von Jethro E. Landicho,Accepted as usable candidate event; token assigned from IOI and normalized onset strength.,LONG,STRONG,IOI tertile + onset-strength tertile; first event per recording uses START,yes,ensemble_event_review(3).csv
PERF-001-CAND-0023,PERF-001,PERF-001_SDNG_SNDG_Gangsa_ENSEMBLE01.wav,C:\Users\vonje\Documents\4th Year Acts\Thesis\Latest Requirements\Thesis App\data_pipeline\data\working_audio\ensembles\PERF-001_SDNG_SNDG_Gangsa_ENSEMBLE01.wav,23,22.709116,22.709116,0.5921090000000007,0.051565,PERF-001_event_0023_PERF-001-CAND-0023.wav,C:\Users\vonje\Documents\4th Year Acts\Thesis\Latest Requirements\Thesis App\data_pipeline\data\event_review\candidate_event_clips\PERF-001\PERF-001_event_0023_PERF-001-CAND-0023.wav,yes,MEDIUM_STRONG,accepted_after_clip_review,Von Jethro E. Landicho,Accepted as usable candidate event; token assigned from IOI and normalized onset strength.,MEDIUM,STRONG,IOI tertile + onset-strength tertile; first event per recording uses START,yes,ensemble_event_review(3).csv
PERF-001-CAND-0024,PERF-001,PERF-001_SDNG_SNDG_Gangsa_ENSEMBLE01.wav,C:\Users\vonje\Documents\4th Year Acts\Thesis\Latest Requirements\Thesis App\data_pipeline\data\working_audio\ensembles\PERF-001_SDNG_SNDG_Gangsa_ENSEMBLE01.wav,24,23.870113,23.870113,1.1609969999999983,0.035092,PERF-001_event_0024_PERF-001-CAND-0024.wav,C:\Users\vonje\Documents\4th Year Acts\Thesis\Latest Requirements\Thesis App\data_pipeline\data\event_review\candidate_event_clips\PERF-001\PERF-001_event_0024_PERF-001-CAND-0024.wav,yes,LONG_MEDIUM,accepted_after_clip_review,Von Jethro E. Landicho,Accepted as usable candidate event; token assigned from IOI and normalized onset strength.,LONG,MEDIUM,IOI tertile + onset-strength tertile; first event per recording uses START,yes,ensemble_event_review(3).csv
PERF-001-CAND-0025,PERF-001,PERF-001_SDNG_SNDG_Gangsa_ENSEMBLE01.wav,C:\Users\vonje\Documents\4th Year Acts\Thesis\Latest Requirements\Thesis App\data_pipeline\data\working_audio\ensembles\PERF-001_SDNG_SNDG_Gangsa_ENSEMBLE01.wav,25,26.737778,26.737778,2.867664999999999,0.034998,PERF-001_event_0025_PERF-001-CAND-0025.wav,C:\Users\vonje\Documents\4th Year Acts\Thesis\Latest Requirements\Thesis App\data_pipeline\data\event_review\candidate_event_clips\PERF-001\PERF-001_event_0025_PERF-001-CAND-0025.wav,yes,LONG_MEDIUM,accepted_after_clip_review,Von Jethro E. Landicho,Accepted as usable candidate event; token assigned from IOI and normalized onset strength.,LONG,MEDIUM,IOI tertile + onset-strength tertile; first event per recording uses START,yes,ensemble_event_review(3).csv
PERF-001-CAND-0026,PERF-001,PERF-001_SDNG_SNDG_Gangsa_ENSEMBLE01.wav,C:\Users\vonje\Documents\4th Year Acts\Thesis\Latest Requirements\Thesis App\data_pipeline\data\working_audio\ensembles\PERF-001_SDNG_SNDG_Gangsa_ENSEMBLE01.wav,26,29.059773,29.059773,2.321995000000001,0.037577,PERF-001_event_0026_PERF-001-CAND-0026.wav,C:\Users\vonje\Documents\4th Year Acts\Thesis\Latest Requirements\Thesis App\data_pipeline\data\event_review\candidate_event_clips\PERF-001\PERF-001_event_0026_PERF-001-CAND-0026.wav,yes,LONG_STRONG,accepted_after_clip_review,Von Jethro E. Landicho,Accepted as usable candidate event; token assigned from IOI and normalized onset strength.,LONG,STRONG,IOI tertile + onset-strength tertile; first event per recording uses START,yes,ensemble_event_review(3).csv
PERF-001-CAND-0027,PERF-001,PERF-001_SDNG_SNDG_Gangsa_ENSEMBLE01.wav,C:\Users\vonje\Documents\4th Year Acts\Thesis\Latest Requirements\Thesis App\data_pipeline\data\working_audio\ensembles\PERF-001_SDNG_SNDG_Gangsa_ENSEMBLE01.wav,27,30.78966,30.78966,1.7298870000000015,0.033429,PERF-001_event_0027_PERF-001-CAND-0027.wav,C:\Users\vonje\Documents\4th Year Acts\Thesis\Latest Requirements\Thesis App\data_pipeline\data\event_review\candidate_event_clips\PERF-001\PERF-001_event_0027_PERF-001-CAND-0027.wav,yes,LONG_MEDIUM,accepted_after_clip_review,Von Jethro E. Landicho,Accepted as usable candidate event; token assigned from IOI and normalized onset strength.,LONG,MEDIUM,IOI tertile + onset-strength tertile; first event per recording uses START,yes,ensemble_event_review(3).csv
PERF-001-CAND-0028,PERF-001,PERF-001_SDNG_SNDG_Gangsa_ENSEMBLE01.wav,C:\Users\vonje\Documents\4th Year Acts\Thesis\Latest Requirements\Thesis App\data_pipeline\data\working_audio\ensembles\PERF-001_SDNG_SNDG_Gangsa_ENSEMBLE01.wav,28,31.950658,31.950658,1.1609979999999993,0.029534,PERF-001_event_0028_PERF-001-CAND-0028.wav,C:\Users\vonje\Documents\4th Year Acts\Thesis\Latest Requirements\Thesis App\data_pipeline\data\event_review\candidate_event_clips\PERF-001\PERF-001_event_0028_PERF-001-CAND-0028.wav,yes,LONG_MEDIUM,accepted_after_clip_review,Von Jethro E. Landicho,Accepted as usable candidate event; token assigned from IOI and normalized onset strength.,LONG,MEDIUM,IOI tertile + onset-strength tertile; first event per recording uses START,yes,ensemble_event_review(3).csv
PERF-001-CAND-0029,PERF-001,PERF-001_SDNG_SNDG_Gangsa_ENSEMBLE01.wav,C:\Users\vonje\Documents\4th Year Acts\Thesis\Latest Requirements\Thesis App\data_pipeline\data\working_audio\ensembles\PERF-001_SDNG_SNDG_Gangsa_ENSEMBLE01.wav,29,33.680544,33.680544,1.729885999999997,0.047152,PERF-001_event_0029_PERF-001-CAND-0029.wav,C:\Users\vonje\Documents\4th Year Acts\Thesis\Latest Requirements\Thesis App\data_pipeline\data\event_review\candidate_event_clips\PERF-001\PERF-001_event_0029_PERF-001-CAND-0029.wav,yes,LONG_STRONG,accepted_after_clip_review,Von Jethro E. Landicho,Accepted as usable candidate event; token assigned from IOI and normalized onset strength.,LONG,STRONG,IOI tertile + onset-strength tertile; first event per recording uses START,yes,ensemble_event_review(3).csv
PERF-001-CAND-0030,PERF-001,PERF-001_SDNG_SNDG_Gangsa_ENSEMBLE01.wav,C:\Users\vonje\Documents\4th Year Acts\Thesis\Latest Requirements\Thesis App\data_pipeline\data\working_audio\ensembles\PERF-001_SDNG_SNDG_Gangsa_ENSEMBLE01.wav,30,34.853152,34.853152,1.1726080000000039,0.040954,PERF-001_event_0030_PERF-001-CAND-0030.wav,C:\Users\vonje\Documents\4th Year Acts\Thesis\Latest Requirements\Thesis App\data_pipeline\data\event_review\candidate_event_clips\PERF-001\PERF-001_event_0030_PERF-001-CAND-0030.wav,yes,LONG_STRONG,accepted_after_clip_review,Von Jethro E. Landicho,Accepted as usable candidate event; token assigned from IOI and normalized onset strength.,LONG,STRONG,IOI tertile + onset-strength tertile; first event per recording uses START,yes,ensemble_event_review(3).csv
PERF-001-CAND-0031,PERF-001,PERF-001_SDNG_SNDG_Gangsa_ENSEMBLE01.wav,C:\Users\vonje\Documents\4th Year Acts\Thesis\Latest Requirements\Thesis App\data_pipeline\data\working_audio\ensembles\PERF-001_SDNG_SNDG_Gangsa_ENSEMBLE01.wav,31,38.289705,38.289705,3.4365529999999964,0.03012,PERF-001_event_0031_PERF-001-CAND-0031.wav,C:\Users\vonje\Documents\4th Year Acts\Thesis\Latest Requirements\Thesis App\data_pipeline\data\event_review\candidate_event_clips\PERF-001\PERF-001_event_0031_PERF-001-CAND-0031.wav,yes,LONG_MEDIUM,accepted_after_clip_review,Von Jethro E. Landicho,Accepted as usable candidate event; token assigned from IOI and normalized onset strength.,LONG,MEDIUM,IOI tertile + onset-strength tertile; first event per recording uses START,yes,ensemble_event_review(3).csv
PERF-001-CAND-0032,PERF-001,PERF-001_SDNG_SNDG_Gangsa_ENSEMBLE01.wav,C:\Users\vonje\Documents\4th Year Acts\Thesis\Latest Requirements\Thesis App\data_pipeline\data\working_audio\ensembles\PERF-001_SDNG_SNDG_Gangsa_ENSEMBLE01.wav,32,39.473923,39.473923,1.1842180000000013,0.020975,PERF-001_event_0032_PERF-001-CAND-0032.wav,C:\Users\vonje\Documents\4th Year Acts\Thesis\Latest Requirements\Thesis App\data_pipeline\data\event_review\candidate_event_clips\PERF-001\PERF-001_event_0032_PERF-001-CAND-0032.wav,yes,LONG_WEAK,accepted_after_clip_review,Von Jethro E. Landicho,Accepted as usable candidate event; token assigned from IOI and normalized onset strength.,LONG,WEAK,IOI tertile + onset-strength tertile; first event per recording uses START,yes,ensemble_event_review(3).csv
PERF-001-CAND-0033,PERF-001,PERF-001_SDNG_SNDG_Gangsa_ENSEMBLE01.wav,C:\Users\vonje\Documents\4th Year Acts\Thesis\Latest Requirements\Thesis App\data_pipeline\data\working_audio\ensembles\PERF-001_SDNG_SNDG_Gangsa_ENSEMBLE01.wav,33,39.740952,39.740952,0.26702900000000085,0.034789,PERF-001_event_0033_PERF-001-CAND-0033.wav,C:\Users\vonje\Documents\4th Year Acts\Thesis\Latest Requirements\Thesis App\data_pipeline\data\event_review\candidate_event_clips\PERF-001\PERF-001_event_0033_PERF-001-CAND-0033.wav,yes,SHORT_MEDIUM,accepted_after_clip_review,Von Jethro E. Landicho,Accepted as usable candidate event; token assigned from IOI and normalized onset strength.,SHORT,MEDIUM,IOI tertile + onset-strength tertile; first event per recording uses START,yes,ensemble_event_review(3).csv
PERF-001-CAND-0034,PERF-001,PERF-001_SDNG_SNDG_Gangsa_ENSEMBLE01.wav,C:\Users\vonje\Documents\4th Year Acts\Thesis\Latest Requirements\Thesis App\data_pipeline\data\working_audio\ensembles\PERF-001_SDNG_SNDG_Gangsa_ENSEMBLE01.wav,34,42.922086,42.922086,3.181134,0.031476,PERF-001_event_0034_PERF-001-CAND-0034.wav,C:\Users\vonje\Documents\4th Year Acts\Thesis\Latest Requirements\Thesis App\data_pipeline\data\event_review\candidate_event_clips\PERF-001\PERF-001_event_0034_PERF-001-CAND-0034.wav,yes,LONG_MEDIUM,accepted_after_clip_review,Von Jethro E. Landicho,Accepted as usable candidate event; token assigned from IOI and normalized onset strength.,LONG,MEDIUM,IOI tertile + onset-strength tertile; first event per recording uses START,yes,ensemble_event_review(3).csv
PERF-001-CAND-0035,PERF-001,PERF-001_SDNG_SNDG_Gangsa_ENSEMBLE01.wav,C:\Users\vonje\Documents\4th Year Acts\Thesis\Latest Requirements\Thesis App\data_pipeline\data\working_audio\ensembles\PERF-001_SDNG_SNDG_Gangsa_ENSEMBLE01.wav,35,43.525805,43.525805,0.6037189999999981,0.036568,PERF-001_event_0035_PERF-001-CAND-0035.wav,C:\Users\vonje\Documents\4th Year Acts\Thesis\Latest Requirements\Thesis App\data_pipeline\data\event_review\candidate_event_clips\PERF-001\PERF-001_event_0035_PERF-001-CAND-0035.wav,yes,MEDIUM_STRONG,accepted_after_clip_review,Von Jethro E. Landicho,Accepted as usable candidate event; token assigned from IOI and normalized onset strength.,MEDIUM,STRONG,IOI tertile + onset-strength tertile; first event per recording uses START,yes,ensemble_event_review(3).csv
PERF-001-CAND-0036,PERF-001,PERF-001_SDNG_SNDG_Gangsa_ENSEMBLE01.wav,C:\Users\vonje\Documents\4th Year Acts\Thesis\Latest Requirements\Thesis App\data_pipeline\data\working_audio\ensembles\PERF-001_SDNG_SNDG_Gangsa_ENSEMBLE01.wav,36,45.267302,45.267302,1.7414970000000025,0.036767,PERF-001_event_0036_PERF-001-CAND-0036.wav,C:\Users\vonje\Documents\4th Year Acts\Thesis\Latest Requirements\Thesis App\data_pipeline\data\event_review\candidate_event_clips\PERF-001\PERF-001_event_0036_PERF-001-CAND-0036.wav,yes,LONG_STRONG,accepted_after_clip_review,Von Jethro E. Landicho,Accepted as usable candidate event; token assigned from IOI and normalized onset strength.,LONG,STRONG,IOI tertile + onset-strength tertile; first event per recording uses START,yes,ensemble_event_review(3).csv
PERF-001-CAND-0037,PERF-001,PERF-001_SDNG_SNDG_Gangsa_ENSEMBLE01.wav,C:\Users\vonje\Documents\4th Year Acts\Thesis\Latest Requirements\Thesis App\data_pipeline\data\working_audio\ensembles\PERF-001_SDNG_SNDG_Gangsa_ENSEMBLE01.wav,37,45.8478,45.8478,0.5804979999999986,0.036645,PERF-001_event_0037_PERF-001-CAND-0037.wav,C:\Users\vonje\Documents\4th Year Acts\Thesis\Latest Requirements\Thesis App\data_pipeline\data\event_review\candidate_event_clips\PERF-001\PERF-001_event_0037_PERF-001-CAND-0037.wav,yes,MEDIUM_STRONG,accepted_after_clip_review,Von Jethro E. Landicho,Accepted as usable candidate event; token assigned from IOI and normalized onset strength.,MEDIUM,STRONG,IOI tertile + onset-strength tertile; first event per recording uses START,yes,ensemble_event_review(3).csv
PERF-001-CAND-0038,PERF-001,PERF-001_SDNG_SNDG_Gangsa_ENSEMBLE01.wav,C:\Users\vonje\Documents\4th Year Acts\Thesis\Latest Requirements\Thesis App\data_pipeline\data\working_audio\ensembles\PERF-001_SDNG_SNDG_Gangsa_ENSEMBLE01.wav,38,47.008798,47.008798,1.1609979999999993,0.029035,PERF-001_event_0038_PERF-001-CAND-0038.wav,C:\Users\vonje\Documents\4th Year Acts\Thesis\Latest Requirements\Thesis App\data_pipeline\data\event_review\candidate_event_clips\PERF-001\PERF-001_event_0038_PERF-001-CAND-0038.wav,yes,LONG_MEDIUM,accepted_after_clip_review,Von Jethro E. Landicho,Accepted as usable candidate event; token assigned from IOI and normalized onset strength.,LONG,MEDIUM,IOI tertile + onset-strength tertile; first event per recording uses START,yes,ensemble_event_review(3).csv
PERF-001-CAND-0039,PERF-001,PERF-001_SDNG_SNDG_Gangsa_ENSEMBLE01.wav,C:\Users\vonje\Documents\4th Year Acts\Thesis\Latest Requirements\Thesis App\data_pipeline\data\working_audio\ensembles\PERF-001_SDNG_SNDG_Gangsa_ENSEMBLE01.wav,39,47.577687,47.577687,0.5688889999999986,0.036495,PERF-001_event_0039_PERF-001-CAND-0039.wav,C:\Users\vonje\Documents\4th Year Acts\Thesis\Latest Requirements\Thesis App\data_pipeline\data\event_review\candidate_event_clips\PERF-001\PERF-001_event_0039_PERF-001-CAND-0039.wav,yes,SHORT_STRONG,accepted_after_clip_review,Von Jethro E. Landicho,Accepted as usable candidate event; token assigned from IOI and normalized onset strength.,SHORT,STRONG,IOI tertile + onset-strength tertile; first event per recording uses START,yes,ensemble_event_review(3).csv
PERF-001-CAND-0040,PERF-001,PERF-001_SDNG_SNDG_Gangsa_ENSEMBLE01.wav,C:\Users\vonje\Documents\4th Year Acts\Thesis\Latest Requirements\Thesis App\data_pipeline\data\working_audio\ensembles\PERF-001_SDNG_SNDG_Gangsa_ENSEMBLE01.wav,40,48.750295,48.750295,1.1726080000000039,0.024137,PERF-001_event_0040_PERF-001-CAND-0040.wav,C:\Users\vonje\Documents\4th Year Acts\Thesis\Latest Requirements\Thesis App\data_pipeline\data\event_review\candidate_event_clips\PERF-001\PERF-001_event_0040_PERF-001-CAND-0040.wav,yes,LONG_WEAK,accepted_after_clip_review,Von Jethro E. Landicho,Accepted as usable candidate event; token assigned from IOI and normalized onset strength.,LONG,WEAK,IOI tertile + onset-strength tertile; first event per recording uses START,yes,ensemble_event_review(3).csv
PERF-001-CAND-0041,PERF-001,PERF-001_SDNG_SNDG_Gangsa_ENSEMBLE01.wav,C:\Users\vonje\Documents\4th Year Acts\Thesis\Latest Requirements\Thesis App\data_pipeline\data\working_audio\ensembles\PERF-001_SDNG_SNDG_Gangsa_ENSEMBLE01.wav,41,49.330794,49.330794,0.5804989999999961,0.032194,PERF-001_event_0041_PERF-001-CAND-0041.wav,C:\Users\vonje\Documents\4th Year Acts\Thesis\Latest Requirements\Thesis App\data_pipeline\data\event_review\candidate_event_clips\PERF-001\PERF-001_event_0041_PERF-001-CAND-0041.wav,yes,MEDIUM_MEDIUM,accepted_after_clip_review,Von Jethro E. Landicho,Accepted as usable candidate event; token assigned from IOI and normalized onset strength.,MEDIUM,MEDIUM,IOI tertile + onset-strength tertile; first event per recording uses START,yes,ensemble_event_review(3).csv
PERF-001-CAND-0042,PERF-001,PERF-001_SDNG_SNDG_Gangsa_ENSEMBLE01.wav,C:\Users\vonje\Documents\4th Year Acts\Thesis\Latest Requirements\Thesis App\data_pipeline\data\working_audio\ensembles\PERF-001_SDNG_SNDG_Gangsa_ENSEMBLE01.wav,42,49.911293,49.911293,0.5804990000000032,0.053862,PERF-001_event_0042_PERF-001-CAND-0042.wav,C:\Users\vonje\Documents\4th Year Acts\Thesis\Latest Requirements\Thesis App\data_pipeline\data\event_review\candidate_event_clips\PERF-001\PERF-001_event_0042_PERF-001-CAND-0042.wav,yes,MEDIUM_STRONG,accepted_after_clip_review,Von Jethro E. Landicho,Accepted as usable candidate event; token assigned from IOI and normalized onset strength.,MEDIUM,STRONG,IOI tertile + onset-strength tertile; first event per recording uses START,yes,ensemble_event_review(3).csv
PERF-001-CAND-0043,PERF-001,PERF-001_SDNG_SNDG_Gangsa_ENSEMBLE01.wav,C:\Users\vonje\Documents\4th Year Acts\Thesis\Latest Requirements\Thesis App\data_pipeline\data\working_audio\ensembles\PERF-001_SDNG_SNDG_Gangsa_ENSEMBLE01.wav,43,51.07229,51.07229,1.1609970000000018,0.031481,PERF-001_event_0043_PERF-001-CAND-0043.wav,C:\Users\vonje\Documents\4th Year Acts\Thesis\Latest Requirements\Thesis App\data_pipeline\data\event_review\candidate_event_clips\PERF-001\PERF-001_event_0043_PERF-001-CAND-0043.wav,yes,LONG_MEDIUM,accepted_after_clip_review,Von Jethro E. Landicho,Accepted as usable candidate event; token assigned from IOI and normalized onset strength.,LONG,MEDIUM,IOI tertile + onset-strength tertile; first event per recording uses START,yes,ensemble_event_review(3).csv
PERF-001-CAND-0044,PERF-001,PERF-001_SDNG_SNDG_Gangsa_ENSEMBLE01.wav,C:\Users\vonje\Documents\4th Year Acts\Thesis\Latest Requirements\Thesis App\data_pipeline\data\working_audio\ensembles\PERF-001_SDNG_SNDG_Gangsa_ENSEMBLE01.wav,44,52.233288,52.233288,1.1609979999999993,0.037746,PERF-001_event_0044_PERF-001-CAND-0044.wav,C:\Users\vonje\Documents\4th Year Acts\Thesis\Latest Requirements\Thesis App\data_pipeline\data\event_review\candidate_event_clips\PERF-001\PERF-001_event_0044_PERF-001-CAND-0044.wav,yes,LONG_STRONG,accepted_after_clip_review,Von Jethro E. Landicho,Accepted as usable candidate event; token assigned from IOI and normalized onset strength.,LONG,STRONG,IOI tertile + onset-strength tertile; first event per recording uses START,yes,ensemble_event_review(3).csv
PERF-001-CAND-0045,PERF-001,PERF-001_SDNG_SNDG_Gangsa_ENSEMBLE01.wav,C:\Users\vonje\Documents\4th Year Acts\Thesis\Latest Requirements\Thesis App\data_pipeline\data\working_audio\ensembles\PERF-001_SDNG_SNDG_Gangsa_ENSEMBLE01.wav,45,52.825397,52.825397,0.5921090000000007,0.031905,PERF-001_event_0045_PERF-001-CAND-0045.wav,C:\Users\vonje\Documents\4th Year Acts\Thesis\Latest Requirements\Thesis App\data_pipeline\data\event_review\candidate_event_clips\PERF-001\PERF-001_event_0045_PERF-001-CAND-0045.wav,yes,MEDIUM_MEDIUM,accepted_after_clip_review,Von Jethro E. Landicho,Accepted as usable candidate event; token assigned from IOI and normalized onset strength.,MEDIUM,MEDIUM,IOI tertile + onset-strength tertile; first event per recording uses START,yes,ensemble_event_review(3).csv
PERF-001-CAND-0046,PERF-001,PERF-001_SDNG_SNDG_Gangsa_ENSEMBLE01.wav,C:\Users\vonje\Documents\4th Year Acts\Thesis\Latest Requirements\Thesis App\data_pipeline\data\working_audio\ensembles\PERF-001_SDNG_SNDG_Gangsa_ENSEMBLE01.wav,46,53.405896,53.405896,0.5804989999999961,0.033844,PERF-001_event_0046_PERF-001-CAND-0046.wav,C:\Users\vonje\Documents\4th Year Acts\Thesis\Latest Requirements\Thesis App\data_pipeline\data\event_review\candidate_event_clips\PERF-001\PERF-001_event_0046_PERF-001-CAND-0046.wav,yes,MEDIUM_MEDIUM,accepted_after_clip_review,Von Jethro E. Landicho,Accepted as usable candidate event; token assigned from IOI and normalized onset strength.,MEDIUM,MEDIUM,IOI tertile + onset-strength tertile; first event per recording uses START,yes,ensemble_event_review(3).csv
PERF-001-CAND-0047,PERF-001,PERF-001_SDNG_SNDG_Gangsa_ENSEMBLE01.wav,C:\Users\vonje\Documents\4th Year Acts\Thesis\Latest Requirements\Thesis App\data_pipeline\data\working_audio\ensembles\PERF-001_SDNG_SNDG_Gangsa_ENSEMBLE01.wav,47,53.998005,53.998005,0.5921090000000007,0.041809,PERF-001_event_0047_PERF-001-CAND-0047.wav,C:\Users\vonje\Documents\4th Year Acts\Thesis\Latest Requirements\Thesis App\data_pipeline\data\event_review\candidate_event_clips\PERF-001\PERF-001_event_0047_PERF-001-CAND-0047.wav,yes,MEDIUM_STRONG,accepted_after_clip_review,Von Jethro E. Landicho,Accepted as usable candidate event; token assigned from IOI and normalized onset strength.,MEDIUM,STRONG,IOI tertile + onset-strength tertile; first event per recording uses START,yes,ensemble_event_review(3).csv
PERF-001-CAND-0048,PERF-001,PERF-001_SDNG_SNDG_Gangsa_ENSEMBLE01.wav,C:\Users\vonje\Documents\4th Year Acts\Thesis\Latest Requirements\Thesis App\data_pipeline\data\working_audio\ensembles\PERF-001_SDNG_SNDG_Gangsa_ENSEMBLE01.wav,48,54.578503,54.578503,0.5804979999999986,0.034408,PERF-001_event_0048_PERF-001-CAND-0048.wav,C:\Users\vonje\Documents\4th Year Acts\Thesis\Latest Requirements\Thesis App\data_pipeline\data\event_review\candidate_event_clips\PERF-001\PERF-001_event_0048_PERF-001-CAND-0048.wav,yes,MEDIUM_MEDIUM,accepted_after_clip_review,Von Jethro E. Landicho,Accepted as usable candidate event; token assigned from IOI and normalized onset strength.,MEDIUM,MEDIUM,IOI tertile + onset-strength tertile; first event per recording uses START,yes,ensemble_event_review(3).csv
PERF-001-CAND-0049,PERF-001,PERF-001_SDNG_SNDG_Gangsa_ENSEMBLE01.wav,C:\Users\vonje\Documents\4th Year Acts\Thesis\Latest Requirements\Thesis App\data_pipeline\data\working_audio\ensembles\PERF-001_SDNG_SNDG_Gangsa_ENSEMBLE01.wav,49,55.727891,55.727891,1.1493880000000019,0.025462,PERF-001_event_0049_PERF-001-CAND-0049.wav,C:\Users\vonje\Documents\4th Year Acts\Thesis\Latest Requirements\Thesis App\data_pipeline\data\event_review\candidate_event_clips\PERF-001\PERF-001_event_0049_PERF-001-CAND-0049.wav,yes,LONG_WEAK,accepted_after_clip_review,Von Jethro E. Landicho,Accepted as usable candidate event; token assigned from IOI and normalized onset strength.,LONG,WEAK,IOI tertile + onset-strength tertile; first event per recording uses START,yes,ensemble_event_review(3).csv
PERF-001-CAND-0050,PERF-001,PERF-001_SDNG_SNDG_Gangsa_ENSEMBLE01.wav,C:\Users\vonje\Documents\4th Year Acts\Thesis\Latest Requirements\Thesis App\data_pipeline\data\working_audio\ensembles\PERF-001_SDNG_SNDG_Gangsa_ENSEMBLE01.wav,50,56.900499,56.900499,1.1726080000000039,0.026711,PERF-001_event_0050_PERF-001-CAND-0050.wav,C:\Users\vonje\Documents\4th Year Acts\Thesis\Latest Requirements\Thesis App\data_pipeline\data\event_review\candidate_event_clips\PERF-001\PERF-001_event_0050_PERF-001-CAND-0050.wav,yes,LONG_WEAK,accepted_after_clip_review,Von Jethro E. Landicho,Accepted as usable candidate event; token assigned from IOI and normalized onset strength.,LONG,WEAK,IOI tertile + onset-strength tertile; first event per recording uses START,yes,ensemble_event_review(3).csv
PERF-001-CAND-0051,PERF-001,PERF-001_SDNG_SNDG_Gangsa_ENSEMBLE01.wav,C:\Users\vonje\Documents\4th Year Acts\Thesis\Latest Requirements\Thesis App\data_pipeline\data\working_audio\ensembles\PERF-001_SDNG_SNDG_Gangsa_ENSEMBLE01.wav,51,58.073107,58.073107,1.1726079999999968,0.046346,PERF-001_event_0051_PERF-001-CAND-0051.wav,C:\Users\vonje\Documents\4th Year Acts\Thesis\Latest Requirements\Thesis App\data_pipeline\data\event_review\candidate_event_clips\PERF-001\PERF-001_event_0051_PERF-001-CAND-0051.wav,yes,LONG_STRONG,accepted_after_clip_review,Von Jethro E. Landicho,Accepted as usable candidate event; token assigned from IOI and normalized onset strength.,LONG,STRONG,IOI tertile + onset-strength tertile; first event per recording uses START,yes,ensemble_event_review(3).csv
PERF-001-CAND-0052,PERF-001,PERF-001_SDNG_SNDG_Gangsa_ENSEMBLE01.wav,C:\Users\vonje\Documents\4th Year Acts\Thesis\Latest Requirements\Thesis App\data_pipeline\data\working_audio\ensembles\PERF-001_SDNG_SNDG_Gangsa_ENSEMBLE01.wav,52,58.653605,58.653605,0.5804979999999986,0.025091,PERF-001_event_0052_PERF-001-CAND-0052.wav,C:\Users\vonje\Documents\4th Year Acts\Thesis\Latest Requirements\Thesis App\data_pipeline\data\event_review\candidate_event_clips\PERF-001\PERF-001_event_0052_PERF-001-CAND-0052.wav,yes,MEDIUM_WEAK,accepted_after_clip_review,Von Jethro E. Landicho,Accepted as usable candidate event; token assigned from IOI and normalized onset strength.,MEDIUM,WEAK,IOI tertile + onset-strength tertile; first event per recording uses START,yes,ensemble_event_review(3).csv
PERF-001-CAND-0053,PERF-001,PERF-001_SDNG_SNDG_Gangsa_ENSEMBLE01.wav,C:\Users\vonje\Documents\4th Year Acts\Thesis\Latest Requirements\Thesis App\data_pipeline\data\working_audio\ensembles\PERF-001_SDNG_SNDG_Gangsa_ENSEMBLE01.wav,53,59.210884,59.210884,0.5572790000000012,0.03994,PERF-001_event_0053_PERF-001-CAND-0053.wav,C:\Users\vonje\Documents\4th Year Acts\Thesis\Latest Requirements\Thesis App\data_pipeline\data\event_review\candidate_event_clips\PERF-001\PERF-001_event_0053_PERF-001-CAND-0053.wav,yes,SHORT_STRONG,accepted_after_clip_review,Von Jethro E. Landicho,Accepted as usable candidate event; token assigned from IOI and normalized onset strength.,SHORT,STRONG,IOI tertile + onset-strength tertile; first event per recording uses START,yes,ensemble_event_review(3).csv
PERF-001-CAND-0054,PERF-001,PERF-001_SDNG_SNDG_Gangsa_ENSEMBLE01.wav,C:\Users\vonje\Documents\4th Year Acts\Thesis\Latest Requirements\Thesis App\data_pipeline\data\working_audio\ensembles\PERF-001_SDNG_SNDG_Gangsa_ENSEMBLE01.wav,54,59.814603,59.814603,0.6037189999999981,0.035713,PERF-001_event_0054_PERF-001-CAND-0054.wav,C:\Users\vonje\Documents\4th Year Acts\Thesis\Latest Requirements\Thesis App\data_pipeline\data\event_review\candidate_event_clips\PERF-001\PERF-001_event_0054_PERF-001-CAND-0054.wav,yes,MEDIUM_MEDIUM,accepted_after_clip_review,Von Jethro E. Landicho,Accepted as usable candidate event; token assigned from IOI and normalized onset strength.,MEDIUM,MEDIUM,IOI tertile + onset-strength tertile; first event per recording uses START,yes,ensemble_event_review(3).csv
PERF-001-CAND-0055,PERF-001,PERF-001_SDNG_SNDG_Gangsa_ENSEMBLE01.wav,C:\Users\vonje\Documents\4th Year Acts\Thesis\Latest Requirements\Thesis App\data_pipeline\data\working_audio\ensembles\PERF-001_SDNG_SNDG_Gangsa_ENSEMBLE01.wav,55,60.383492,60.383492,0.5688889999999986,0.039988,PERF-001_event_0055_PERF-001-CAND-0055.wav,C:\Users\vonje\Documents\4th Year Acts\Thesis\Latest Requirements\Thesis App\data_pipeline\data\event_review\candidate_event_clips\PERF-001\PERF-001_event_0055_PERF-001-CAND-0055.wav,yes,SHORT_STRONG,accepted_after_clip_review,Von Jethro E. Landicho,Accepted as usable candidate event; token assigned from IOI and normalized onset strength.,SHORT,STRONG,IOI tertile + onset-strength tertile; first event per recording uses START,yes,ensemble_event_review(3).csv
PERF-001-CAND-0056,PERF-001,PERF-001_SDNG_SNDG_Gangsa_ENSEMBLE01.wav,C:\Users\vonje\Documents\4th Year Acts\Thesis\Latest Requirements\Thesis App\data_pipeline\data\working_audio\ensembles\PERF-001_SDNG_SNDG_Gangsa_ENSEMBLE01.wav,56,62.728707,62.728707,2.345215000000003,0.048207,PERF-001_event_0056_PERF-001-CAND-0056.wav,C:\Users\vonje\Documents\4th Year Acts\Thesis\Latest Requirements\Thesis App\data_pipeline\data\event_review\candidate_event_clips\PERF-001\PERF-001_event_0056_PERF-001-CAND-0056.wav,yes,LONG_STRONG,accepted_after_clip_review,Von Jethro E. Landicho,Accepted as usable candidate event; token assigned from IOI and normalized onset strength.,LONG,STRONG,IOI tertile + onset-strength tertile; first event per recording uses START,yes,ensemble_event_review(3).csv
PERF-001-CAND-0057,PERF-001,PERF-001_SDNG_SNDG_Gangsa_ENSEMBLE01.wav,C:\Users\vonje\Documents\4th Year Acts\Thesis\Latest Requirements\Thesis App\data_pipeline\data\working_audio\ensembles\PERF-001_SDNG_SNDG_Gangsa_ENSEMBLE01.wav,57,63.320816,63.320816,0.5921090000000007,0.027727,PERF-001_event_0057_PERF-001-CAND-0057.wav,C:\Users\vonje\Documents\4th Year Acts\Thesis\Latest Requirements\Thesis App\data_pipeline\data\event_review\candidate_event_clips\PERF-001\PERF-001_event_0057_PERF-001-CAND-0057.wav,yes,MEDIUM_MEDIUM,accepted_after_clip_review,Von Jethro E. Landicho,Accepted as usable candidate event; token assigned from IOI and normalized onset strength.,MEDIUM,MEDIUM,IOI tertile + onset-strength tertile; first event per recording uses START,yes,ensemble_event_review(3).csv
PERF-001-CAND-0058,PERF-001,PERF-001_SDNG_SNDG_Gangsa_ENSEMBLE01.wav,C:\Users\vonje\Documents\4th Year Acts\Thesis\Latest Requirements\Thesis App\data_pipeline\data\working_audio\ensembles\PERF-001_SDNG_SNDG_Gangsa_ENSEMBLE01.wav,58,63.901315,63.901315,0.5804989999999961,0.039466,PERF-001_event_0058_PERF-001-CAND-0058.wav,C:\Users\vonje\Documents\4th Year Acts\Thesis\Latest Requirements\Thesis App\data_pipeline\data\event_review\candidate_event_clips\PERF-001\PERF-001_event_0058_PERF-001-CAND-0058.wav,yes,MEDIUM_STRONG,accepted_after_clip_review,Von Jethro E. Landicho,Accepted as usable candidate event; token assigned from IOI and normalized onset strength.,MEDIUM,STRONG,IOI tertile + onset-strength tertile; first event per recording uses START,yes,ensemble_event_review(3).csv
PERF-001-CAND-0059,PERF-001,PERF-001_SDNG_SNDG_Gangsa_ENSEMBLE01.wav,C:\Users\vonje\Documents\4th Year Acts\Thesis\Latest Requirements\Thesis App\data_pipeline\data\working_audio\ensembles\PERF-001_SDNG_SNDG_Gangsa_ENSEMBLE01.wav,59,64.493424,64.493424,0.5921090000000078,0.029092,PERF-001_event_0059_PERF-001-CAND-0059.wav,C:\Users\vonje\Documents\4th Year Acts\Thesis\Latest Requirements\Thesis App\data_pipeline\data\event_review\candidate_event_clips\PERF-001\PERF-001_event_0059_PERF-001-CAND-0059.wav,yes,MEDIUM_MEDIUM,accepted_after_clip_review,Von Jethro E. Landicho,Accepted as usable candidate event; token assigned from IOI and normalized onset strength.,MEDIUM,MEDIUM,IOI tertile + onset-strength tertile; first event per recording uses START,yes,ensemble_event_review(3).csv
PERF-001-CAND-0060,PERF-001,PERF-001_SDNG_SNDG_Gangsa_ENSEMBLE01.wav,C:\Users\vonje\Documents\4th Year Acts\Thesis\Latest Requirements\Thesis App\data_pipeline\data\working_audio\ensembles\PERF-001_SDNG_SNDG_Gangsa_ENSEMBLE01.wav,60,65.073923,65.073923,0.580498999999989,0.036942,PERF-001_event_0060_PERF-001-CAND-0060.wav,C:\Users\vonje\Documents\4th Year Acts\Thesis\Latest Requirements\Thesis App\data_pipeline\data\event_review\candidate_event_clips\PERF-001\PERF-001_event_0060_PERF-001-CAND-0060.wav,yes,MEDIUM_STRONG,accepted_after_clip_review,Von Jethro E. Landicho,Accepted as usable candidate event; token assigned from IOI and normalized onset strength.,MEDIUM,STRONG,IOI tertile + onset-strength tertile; first event per recording uses START,yes,ensemble_event_review(3).csv
PERF-001-CAND-0061,PERF-001,PERF-001_SDNG_SNDG_Gangsa_ENSEMBLE01.wav,C:\Users\vonje\Documents\4th Year Acts\Thesis\Latest Requirements\Thesis App\data_pipeline\data\working_audio\ensembles\PERF-001_SDNG_SNDG_Gangsa_ENSEMBLE01.wav,61,65.352562,65.352562,0.2786390000000125,0.027023,PERF-001_event_0061_PERF-001-CAND-0061.wav,C:\Users\vonje\Documents\4th Year Acts\Thesis\Latest Requirements\Thesis App\data_pipeline\data\event_review\candidate_event_clips\PERF-001\PERF-001_event_0061_PERF-001-CAND-0061.wav,yes,SHORT_WEAK,accepted_after_clip_review,Von Jethro E. Landicho,Accepted as usable candidate event; token assigned from IOI and normalized onset strength.,SHORT,WEAK,IOI tertile + onset-strength tertile; first event per recording uses START,yes,ensemble_event_review(3).csv
PERF-001-CAND-0062,PERF-001,PERF-001_SDNG_SNDG_Gangsa_ENSEMBLE01.wav,C:\Users\vonje\Documents\4th Year Acts\Thesis\Latest Requirements\Thesis App\data_pipeline\data\working_audio\ensembles\PERF-001_SDNG_SNDG_Gangsa_ENSEMBLE01.wav,62,65.666032,65.666032,0.31346999999999525,0.025981,PERF-001_event_0062_PERF-001-CAND-0062.wav,C:\Users\vonje\Documents\4th Year Acts\Thesis\Latest Requirements\Thesis App\data_pipeline\data\event_review\candidate_event_clips\PERF-001\PERF-001_event_0062_PERF-001-CAND-0062.wav,yes,SHORT_WEAK,accepted_after_clip_review,Von Jethro E. Landicho,Accepted as usable candidate event; token assigned from IOI and normalized onset strength.,SHORT,WEAK,IOI tertile + onset-strength tertile; first event per recording uses START,yes,ensemble_event_review(3).csv
PERF-001-CAND-0063,PERF-001,PERF-001_SDNG_SNDG_Gangsa_ENSEMBLE01.wav,C:\Users\vonje\Documents\4th Year Acts\Thesis\Latest Requirements\Thesis App\data_pipeline\data\working_audio\ensembles\PERF-001_SDNG_SNDG_Gangsa_ENSEMBLE01.wav,63,66.211701,66.211701,0.5456690000000037,0.024923,PERF-001_event_0063_PERF-001-CAND-0063.wav,C:\Users\vonje\Documents\4th Year Acts\Thesis\Latest Requirements\Thesis App\data_pipeline\data\event_review\candidate_event_clips\PERF-001\PERF-001_event_0063_PERF-001-CAND-0063.wav,yes,SHORT_WEAK,accepted_after_clip_review,Von Jethro E. Landicho,Accepted as usable candidate event; token assigned from IOI and normalized onset strength.,SHORT,WEAK,IOI tertile + onset-strength tertile; first event per recording uses START,yes,ensemble_event_review(3).csv
PERF-001-CAND-0064,PERF-001,PERF-001_SDNG_SNDG_Gangsa_ENSEMBLE01.wav,C:\Users\vonje\Documents\4th Year Acts\Thesis\Latest Requirements\Thesis App\data_pipeline\data\working_audio\ensembles\PERF-001_SDNG_SNDG_Gangsa_ENSEMBLE01.wav,64,66.81542,66.81542,0.6037189999999981,0.032173,PERF-001_event_0064_PERF-001-CAND-0064.wav,C:\Users\vonje\Documents\4th Year Acts\Thesis\Latest Requirements\Thesis App\data_pipeline\data\event_review\candidate_event_clips\PERF-001\PERF-001_event_0064_PERF-001-CAND-0064.wav,yes,MEDIUM_MEDIUM,accepted_after_clip_review,Von Jethro E. Landicho,Accepted as usable candidate event; token assigned from IOI and normalized onset strength.,MEDIUM,MEDIUM,IOI tertile + onset-strength tertile; first event per recording uses START,yes,ensemble_event_review(3).csv
PERF-001-CAND-0065,PERF-001,PERF-001_SDNG_SNDG_Gangsa_ENSEMBLE01.wav,C:\Users\vonje\Documents\4th Year Acts\Thesis\Latest Requirements\Thesis App\data_pipeline\data\working_audio\ensembles\PERF-001_SDNG_SNDG_Gangsa_ENSEMBLE01.wav,65,68.603356,68.603356,1.787936000000002,0.068857,PERF-001_event_0065_PERF-001-CAND-0065.wav,C:\Users\vonje\Documents\4th Year Acts\Thesis\Latest Requirements\Thesis App\data_pipeline\data\event_review\candidate_event_clips\PERF-001\PERF-001_event_0065_PERF-001-CAND-0065.wav,yes,LONG_STRONG,accepted_after_clip_review,Von Jethro E. Landicho,Accepted as usable candidate event; token assigned from IOI and normalized onset strength.,LONG,STRONG,IOI tertile + onset-strength tertile; first event per recording uses START,yes,ensemble_event_review(3).csv
PERF-001-CAND-0066,PERF-001,PERF-001_SDNG_SNDG_Gangsa_ENSEMBLE01.wav,C:\Users\vonje\Documents\4th Year Acts\Thesis\Latest Requirements\Thesis App\data_pipeline\data\working_audio\ensembles\PERF-001_SDNG_SNDG_Gangsa_ENSEMBLE01.wav,66,69.717914,69.717914,1.1145579999999882,0.040206,PERF-001_event_0066_PERF-001-CAND-0066.wav,C:\Users\vonje\Documents\4th Year Acts\Thesis\Latest Requirements\Thesis App\data_pipeline\data\event_review\candidate_event_clips\PERF-001\PERF-001_event_0066_PERF-001-CAND-0066.wav,yes,MEDIUM_STRONG,accepted_after_clip_review,Von Jethro E. Landicho,Accepted as usable candidate event; token assigned from IOI and normalized onset strength.,MEDIUM,STRONG,IOI tertile + onset-strength tertile; first event per recording uses START,yes,ensemble_event_review(3).csv
PERF-001-CAND-0067,PERF-001,PERF-001_SDNG_SNDG_Gangsa_ENSEMBLE01.wav,C:\Users\vonje\Documents\4th Year Acts\Thesis\Latest Requirements\Thesis App\data_pipeline\data\working_audio\ensembles\PERF-001_SDNG_SNDG_Gangsa_ENSEMBLE01.wav,67,70.333243,70.333243,0.6153290000000027,0.042359,PERF-001_event_0067_PERF-001-CAND-0067.wav,C:\Users\vonje\Documents\4th Year Acts\Thesis\Latest Requirements\Thesis App\data_pipeline\data\event_review\candidate_event_clips\PERF-001\PERF-001_event_0067_PERF-001-CAND-0067.wav,yes,MEDIUM_STRONG,accepted_after_clip_review,Von Jethro E. Landicho,Accepted as usable candidate event; token assigned from IOI and normalized onset strength.,MEDIUM,STRONG,IOI tertile + onset-strength tertile; first event per recording uses START,yes,ensemble_event_review(3).csv
PERF-001-CAND-0068,PERF-001,PERF-001_SDNG_SNDG_Gangsa_ENSEMBLE01.wav,C:\Users\vonje\Documents\4th Year Acts\Thesis\Latest Requirements\Thesis App\data_pipeline\data\working_audio\ensembles\PERF-001_SDNG_SNDG_Gangsa_ENSEMBLE01.wav,68,70.913741,70.913741,0.5804980000000057,0.044016,PERF-001_event_0068_PERF-001-CAND-0068.wav,C:\Users\vonje\Documents\4th Year Acts\Thesis\Latest Requirements\Thesis App\data_pipeline\data\event_review\candidate_event_clips\PERF-001\PERF-001_event_0068_PERF-001-CAND-0068.wav,yes,MEDIUM_STRONG,accepted_after_clip_review,Von Jethro E. Landicho,Accepted as usable candidate event; token assigned from IOI and normalized onset strength.,MEDIUM,STRONG,IOI tertile + onset-strength tertile; first event per recording uses START,yes,ensemble_event_review(3).csv
PERF-001-CAND-0069,PERF-001,PERF-001_SDNG_SNDG_Gangsa_ENSEMBLE01.wav,C:\Users\vonje\Documents\4th Year Acts\Thesis\Latest Requirements\Thesis App\data_pipeline\data\working_audio\ensembles\PERF-001_SDNG_SNDG_Gangsa_ENSEMBLE01.wav,69,72.086349,72.086349,1.1726079999999968,0.0328,PERF-001_event_0069_PERF-001-CAND-0069.wav,C:\Users\vonje\Documents\4th Year Acts\Thesis\Latest Requirements\Thesis App\data_pipeline\data\event_review\candidate_event_clips\PERF-001\PERF-001_event_0069_PERF-001-CAND-0069.wav,yes,LONG_MEDIUM,accepted_after_clip_review,Von Jethro E. Landicho,Accepted as usable candidate event; token assigned from IOI and normalized onset strength.,LONG,MEDIUM,IOI tertile + onset-strength tertile; first event per recording uses START,yes,ensemble_event_review(3).csv
PERF-001-CAND-0070,PERF-001,PERF-001_SDNG_SNDG_Gangsa_ENSEMBLE01.wav,C:\Users\vonje\Documents\4th Year Acts\Thesis\Latest Requirements\Thesis App\data_pipeline\data\working_audio\ensembles\PERF-001_SDNG_SNDG_Gangsa_ENSEMBLE01.wav,70,73.235737,73.235737,1.1493880000000019,0.04076,PERF-001_event_0070_PERF-001-CAND-0070.wav,C:\Users\vonje\Documents\4th Year Acts\Thesis\Latest Requirements\Thesis App\data_pipeline\data\event_review\candidate_event_clips\PERF-001\PERF-001_event_0070_PERF-001-CAND-0070.wav,yes,LONG_STRONG,accepted_after_clip_review,Von Jethro E. Landicho,Accepted as usable candidate event; token assigned from IOI and normalized onset strength.,LONG,STRONG,IOI tertile + onset-strength tertile; first event per recording uses START,yes,ensemble_event_review(3).csv
PERF-001-CAND-0071,PERF-001,PERF-001_SDNG_SNDG_Gangsa_ENSEMBLE01.wav,C:\Users\vonje\Documents\4th Year Acts\Thesis\Latest Requirements\Thesis App\data_pipeline\data\working_audio\ensembles\PERF-001_SDNG_SNDG_Gangsa_ENSEMBLE01.wav,71,75.592562,75.592562,2.3568250000000006,0.037825,PERF-001_event_0071_PERF-001-CAND-0071.wav,C:\Users\vonje\Documents\4th Year Acts\Thesis\Latest Requirements\Thesis App\data_pipeline\data\event_review\candidate_event_clips\PERF-001\PERF-001_event_0071_PERF-001-CAND-0071.wav,yes,LONG_STRONG,accepted_after_clip_review,Von Jethro E. Landicho,Accepted as usable candidate event; token assigned from IOI and normalized onset strength.,LONG,STRONG,IOI tertile + onset-strength tertile; first event per recording uses START,yes,ensemble_event_review(3).csv
PERF-001-CAND-0072,PERF-001,PERF-001_SDNG_SNDG_Gangsa_ENSEMBLE01.wav,C:\Users\vonje\Documents\4th Year Acts\Thesis\Latest Requirements\Thesis App\data_pipeline\data\working_audio\ensembles\PERF-001_SDNG_SNDG_Gangsa_ENSEMBLE01.wav,72,76.74195,76.74195,1.1493880000000019,0.041111,PERF-001_event_0072_PERF-001-CAND-0072.wav,C:\Users\vonje\Documents\4th Year Acts\Thesis\Latest Requirements\Thesis App\data_pipeline\data\event_review\candidate_event_clips\PERF-001\PERF-001_event_0072_PERF-001-CAND-0072.wav,yes,LONG_STRONG,accepted_after_clip_review,Von Jethro E. Landicho,Accepted as usable candidate event; token assigned from IOI and normalized onset strength.,LONG,STRONG,IOI tertile + onset-strength tertile; first event per recording uses START,yes,ensemble_event_review(3).csv
PERF-001-CAND-0073,PERF-001,PERF-001_SDNG_SNDG_Gangsa_ENSEMBLE01.wav,C:\Users\vonje\Documents\4th Year Acts\Thesis\Latest Requirements\Thesis App\data_pipeline\data\working_audio\ensembles\PERF-001_SDNG_SNDG_Gangsa_ENSEMBLE01.wav,73,77.926168,77.926168,1.1842180000000013,0.060561,PERF-001_event_0073_PERF-001-CAND-0073.wav,C:\Users\vonje\Documents\4th Year Acts\Thesis\Latest Requirements\Thesis App\data_pipeline\data\event_review\candidate_event_clips\PERF-001\PERF-001_event_0073_PERF-001-CAND-0073.wav,yes,LONG_STRONG,accepted_after_clip_review,Von Jethro E. Landicho,Accepted as usable candidate event; token assigned from IOI and normalized onset strength.,LONG,STRONG,IOI tertile + onset-strength tertile; first event per recording uses START,yes,ensemble_event_review(3).csv
PERF-001-CAND-0074,PERF-001,PERF-001_SDNG_SNDG_Gangsa_ENSEMBLE01.wav,C:\Users\vonje\Documents\4th Year Acts\Thesis\Latest Requirements\Thesis App\data_pipeline\data\working_audio\ensembles\PERF-001_SDNG_SNDG_Gangsa_ENSEMBLE01.wav,74,80.224943,80.224943,2.298774999999992,0.029542,PERF-001_event_0074_PERF-001-CAND-0074.wav,C:\Users\vonje\Documents\4th Year Acts\Thesis\Latest Requirements\Thesis App\data_pipeline\data\event_review\candidate_event_clips\PERF-001\PERF-001_event_0074_PERF-001-CAND-0074.wav,yes,LONG_MEDIUM,accepted_after_clip_review,Von Jethro E. Landicho,Accepted as usable candidate event; token assigned from IOI and normalized onset strength.,LONG,MEDIUM,IOI tertile + onset-strength tertile; first event per recording uses START,yes,ensemble_event_review(3).csv
PERF-001-CAND-0075,PERF-001,PERF-001_SDNG_SNDG_Gangsa_ENSEMBLE01.wav,C:\Users\vonje\Documents\4th Year Acts\Thesis\Latest Requirements\Thesis App\data_pipeline\data\working_audio\ensembles\PERF-001_SDNG_SNDG_Gangsa_ENSEMBLE01.wav,75,81.385941,81.385941,1.1609980000000064,0.018331,PERF-001_event_0075_PERF-001-CAND-0075.wav,C:\Users\vonje\Documents\4th Year Acts\Thesis\Latest Requirements\Thesis App\data_pipeline\data\event_review\candidate_event_clips\PERF-001\PERF-001_event_0075_PERF-001-CAND-0075.wav,yes,LONG_WEAK,accepted_after_clip_review,Von Jethro E. Landicho,Accepted as usable candidate event; token assigned from IOI and normalized onset strength.,LONG,WEAK,IOI tertile + onset-strength tertile; first event per recording uses START,yes,ensemble_event_review(3).csv
PERF-001-CAND-0076,PERF-001,PERF-001_SDNG_SNDG_Gangsa_ENSEMBLE01.wav,C:\Users\vonje\Documents\4th Year Acts\Thesis\Latest Requirements\Thesis App\data_pipeline\data\working_audio\ensembles\PERF-001_SDNG_SNDG_Gangsa_ENSEMBLE01.wav,76,84.346485,84.346485,2.9605439999999987,0.040397,PERF-001_event_0076_PERF-001-CAND-0076.wav,C:\Users\vonje\Documents\4th Year Acts\Thesis\Latest Requirements\Thesis App\data_pipeline\data\event_review\candidate_event_clips\PERF-001\PERF-001_event_0076_PERF-001-CAND-0076.wav,yes,LONG_STRONG,accepted_after_clip_review,Von Jethro E. Landicho,Accepted as usable candidate event; token assigned from IOI and normalized onset strength.,LONG,STRONG,IOI tertile + onset-strength tertile; first event per recording uses START,yes,ensemble_event_review(3).csv
PERF-001-CAND-0077,PERF-001,PERF-001_SDNG_SNDG_Gangsa_ENSEMBLE01.wav,C:\Users\vonje\Documents\4th Year Acts\Thesis\Latest Requirements\Thesis App\data_pipeline\data\working_audio\ensembles\PERF-001_SDNG_SNDG_Gangsa_ENSEMBLE01.wav,77,85.507483,85.507483,1.1609979999999922,0.022584,PERF-001_event_0077_PERF-001-CAND-0077.wav,C:\Users\vonje\Documents\4th Year Acts\Thesis\Latest Requirements\Thesis App\data_pipeline\data\event_review\candidate_event_clips\PERF-001\PERF-001_event_0077_PERF-001-CAND-0077.wav,yes,LONG_WEAK,accepted_after_clip_review,Von Jethro E. Landicho,Accepted as usable candidate event; token assigned from IOI and normalized onset strength.,LONG,WEAK,IOI tertile + onset-strength tertile; first event per recording uses START,yes,ensemble_event_review(3).csv
PERF-001-CAND-0078,PERF-001,PERF-001_SDNG_SNDG_Gangsa_ENSEMBLE01.wav,C:\Users\vonje\Documents\4th Year Acts\Thesis\Latest Requirements\Thesis App\data_pipeline\data\working_audio\ensembles\PERF-001_SDNG_SNDG_Gangsa_ENSEMBLE01.wav,78,86.099592,86.099592,0.5921090000000078,0.036655,PERF-001_event_0078_PERF-001-CAND-0078.wav,C:\Users\vonje\Documents\4th Year Acts\Thesis\Latest Requirements\Thesis App\data_pipeline\data\event_review\candidate_event_clips\PERF-001\PERF-001_event_0078_PERF-001-CAND-0078.wav,yes,MEDIUM_STRONG,accepted_after_clip_review,Von Jethro E. Landicho,Accepted as usable candidate event; token assigned from IOI and normalized onset strength.,MEDIUM,STRONG,IOI tertile + onset-strength tertile; first event per recording uses START,yes,ensemble_event_review(3).csv
PERF-001-CAND-0079,PERF-001,PERF-001_SDNG_SNDG_Gangsa_ENSEMBLE01.wav,C:\Users\vonje\Documents\4th Year Acts\Thesis\Latest Requirements\Thesis App\data_pipeline\data\working_audio\ensembles\PERF-001_SDNG_SNDG_Gangsa_ENSEMBLE01.wav,79,87.24898,87.24898,1.1493880000000019,0.021718,PERF-001_event_0079_PERF-001-CAND-0079.wav,C:\Users\vonje\Documents\4th Year Acts\Thesis\Latest Requirements\Thesis App\data_pipeline\data\event_review\candidate_event_clips\PERF-001\PERF-001_event_0079_PERF-001-CAND-0079.wav,yes,LONG_WEAK,accepted_after_clip_review,Von Jethro E. Landicho,Accepted as usable candidate event; token assigned from IOI and normalized onset strength.,LONG,WEAK,IOI tertile + onset-strength tertile; first event per recording uses START,yes,ensemble_event_review(3).csv
PERF-001-CAND-0080,PERF-001,PERF-001_SDNG_SNDG_Gangsa_ENSEMBLE01.wav,C:\Users\vonje\Documents\4th Year Acts\Thesis\Latest Requirements\Thesis App\data_pipeline\data\working_audio\ensembles\PERF-001_SDNG_SNDG_Gangsa_ENSEMBLE01.wav,80,91.97424,91.97424,4.725259999999992,0.050037,PERF-001_event_0080_PERF-001-CAND-0080.wav,C:\Users\vonje\Documents\4th Year Acts\Thesis\Latest Requirements\Thesis App\data_pipeline\data\event_review\candidate_event_clips\PERF-001\PERF-001_event_0080_PERF-001-CAND-0080.wav,yes,LONG_STRONG,accepted_after_clip_review,Von Jethro E. Landicho,Accepted as usable candidate event; token assigned from IOI and normalized onset strength.,LONG,STRONG,IOI tertile + onset-strength tertile; first event per recording uses START,yes,ensemble_event_review(3).csv
PERF-001-CAND-0081,PERF-001,PERF-001_SDNG_SNDG_Gangsa_ENSEMBLE01.wav,C:\Users\vonje\Documents\4th Year Acts\Thesis\Latest Requirements\Thesis App\data_pipeline\data\working_audio\ensembles\PERF-001_SDNG_SNDG_Gangsa_ENSEMBLE01.wav,81,93.123628,93.123628,1.1493880000000019,0.027455,PERF-001_event_0081_PERF-001-CAND-0081.wav,C:\Users\vonje\Documents\4th Year Acts\Thesis\Latest Requirements\Thesis App\data_pipeline\data\event_review\candidate_event_clips\PERF-001\PERF-001_event_0081_PERF-001-CAND-0081.wav,yes,LONG_MEDIUM,accepted_after_clip_review,Von Jethro E. Landicho,Accepted as usable candidate event; token assigned from IOI and normalized onset strength.,LONG,MEDIUM,IOI tertile + onset-strength tertile; first event per recording uses START,yes,ensemble_event_review(3).csv
PERF-001-CAND-0082,PERF-001,PERF-001_SDNG_SNDG_Gangsa_ENSEMBLE01.wav,C:\Users\vonje\Documents\4th Year Acts\Thesis\Latest Requirements\Thesis App\data_pipeline\data\working_audio\ensembles\PERF-001_SDNG_SNDG_Gangsa_ENSEMBLE01.wav,82,93.715737,93.715737,0.5921090000000078,0.032193,PERF-001_event_0082_PERF-001-CAND-0082.wav,C:\Users\vonje\Documents\4th Year Acts\Thesis\Latest Requirements\Thesis App\data_pipeline\data\event_review\candidate_event_clips\PERF-001\PERF-001_event_0082_PERF-001-CAND-0082.wav,yes,MEDIUM_MEDIUM,accepted_after_clip_review,Von Jethro E. Landicho,Accepted as usable candidate event; token assigned from IOI and normalized onset strength.,MEDIUM,MEDIUM,IOI tertile + onset-strength tertile; first event per recording uses START,yes,ensemble_event_review(3).csv
PERF-001-CAND-0083,PERF-001,PERF-001_SDNG_SNDG_Gangsa_ENSEMBLE01.wav,C:\Users\vonje\Documents\4th Year Acts\Thesis\Latest Requirements\Thesis App\data_pipeline\data\working_audio\ensembles\PERF-001_SDNG_SNDG_Gangsa_ENSEMBLE01.wav,83,94.319456,94.319456,0.6037189999999981,0.028172,PERF-001_event_0083_PERF-001-CAND-0083.wav,C:\Users\vonje\Documents\4th Year Acts\Thesis\Latest Requirements\Thesis App\data_pipeline\data\event_review\candidate_event_clips\PERF-001\PERF-001_event_0083_PERF-001-CAND-0083.wav,yes,MEDIUM_MEDIUM,accepted_after_clip_review,Von Jethro E. Landicho,Accepted as usable candidate event; token assigned from IOI and normalized onset strength.,MEDIUM,MEDIUM,IOI tertile + onset-strength tertile; first event per recording uses START,yes,ensemble_event_review(3).csv
PERF-001-CAND-0084,PERF-001,PERF-001_SDNG_SNDG_Gangsa_ENSEMBLE01.wav,C:\Users\vonje\Documents\4th Year Acts\Thesis\Latest Requirements\Thesis App\data_pipeline\data\working_audio\ensembles\PERF-001_SDNG_SNDG_Gangsa_ENSEMBLE01.wav,84,95.793923,95.793923,1.4744670000000042,0.038291,PERF-001_event_0084_PERF-001-CAND-0084.wav,C:\Users\vonje\Documents\4th Year Acts\Thesis\Latest Requirements\Thesis App\data_pipeline\data\event_review\candidate_event_clips\PERF-001\PERF-001_event_0084_PERF-001-CAND-0084.wav,yes,LONG_STRONG,accepted_after_clip_review,Von Jethro E. Landicho,Accepted as usable candidate event; token assigned from IOI and normalized onset strength.,LONG,STRONG,IOI tertile + onset-strength tertile; first event per recording uses START,yes,ensemble_event_review(3).csv
PERF-001-CAND-0085,PERF-001,PERF-001_SDNG_SNDG_Gangsa_ENSEMBLE01.wav,C:\Users\vonje\Documents\4th Year Acts\Thesis\Latest Requirements\Thesis App\data_pipeline\data\working_audio\ensembles\PERF-001_SDNG_SNDG_Gangsa_ENSEMBLE01.wav,85,96.653061,96.653061,0.8591379999999873,0.027349,PERF-001_event_0085_PERF-001-CAND-0085.wav,C:\Users\vonje\Documents\4th Year Acts\Thesis\Latest Requirements\Thesis App\data_pipeline\data\event_review\candidate_event_clips\PERF-001\PERF-001_event_0085_PERF-001-CAND-0085.wav,yes,MEDIUM_MEDIUM,accepted_after_clip_review,Von Jethro E. Landicho,Accepted as usable candidate event; token assigned from IOI and normalized onset strength.,MEDIUM,MEDIUM,IOI tertile + onset-strength tertile; first event per recording uses START,yes,ensemble_event_review(3).csv
PERF-001-CAND-0086,PERF-001,PERF-001_SDNG_SNDG_Gangsa_ENSEMBLE01.wav,C:\Users\vonje\Documents\4th Year Acts\Thesis\Latest Requirements\Thesis App\data_pipeline\data\working_audio\ensembles\PERF-001_SDNG_SNDG_Gangsa_ENSEMBLE01.wav,86,97.802449,97.802449,1.1493880000000019,0.031798,PERF-001_event_0086_PERF-001-CAND-0086.wav,C:\Users\vonje\Documents\4th Year Acts\Thesis\Latest Requirements\Thesis App\data_pipeline\data\event_review\candidate_event_clips\PERF-001\PERF-001_event_0086_PERF-001-CAND-0086.wav,yes,LONG_MEDIUM,accepted_after_clip_review,Von Jethro E. Landicho,Accepted as usable candidate event; token assigned from IOI and normalized onset strength.,LONG,MEDIUM,IOI tertile + onset-strength tertile; first event per recording uses START,yes,ensemble_event_review(3).csv
PERF-001-CAND-0087,PERF-001,PERF-001_SDNG_SNDG_Gangsa_ENSEMBLE01.wav,C:\Users\vonje\Documents\4th Year Acts\Thesis\Latest Requirements\Thesis App\data_pipeline\data\working_audio\ensembles\PERF-001_SDNG_SNDG_Gangsa_ENSEMBLE01.wav,87,99.021497,99.021497,1.2190480000000008,0.06017,PERF-001_event_0087_PERF-001-CAND-0087.wav,C:\Users\vonje\Documents\4th Year Acts\Thesis\Latest Requirements\Thesis App\data_pipeline\data\event_review\candidate_event_clips\PERF-001\PERF-001_event_0087_PERF-001-CAND-0087.wav,yes,LONG_STRONG,accepted_after_clip_review,Von Jethro E. Landicho,Accepted as usable candidate event; token assigned from IOI and normalized onset strength.,LONG,STRONG,IOI tertile + onset-strength tertile; first event per recording uses START,yes,ensemble_event_review(3).csv
PERF-001-CAND-0088,PERF-001,PERF-001_SDNG_SNDG_Gangsa_ENSEMBLE01.wav,C:\Users\vonje\Documents\4th Year Acts\Thesis\Latest Requirements\Thesis App\data_pipeline\data\working_audio\ensembles\PERF-001_SDNG_SNDG_Gangsa_ENSEMBLE01.wav,88,99.613605,99.613605,0.5921080000000103,0.040149,PERF-001_event_0088_PERF-001-CAND-0088.wav,C:\Users\vonje\Documents\4th Year Acts\Thesis\Latest Requirements\Thesis App\data_pipeline\data\event_review\candidate_event_clips\PERF-001\PERF-001_event_0088_PERF-001-CAND-0088.wav,yes,MEDIUM_STRONG,accepted_after_clip_review,Von Jethro E. Landicho,Accepted as usable candidate event; token assigned from IOI and normalized onset strength.,MEDIUM,STRONG,IOI tertile + onset-strength tertile; first event per recording uses START,yes,ensemble_event_review(3).csv
PERF-001-CAND-0089,PERF-001,PERF-001_SDNG_SNDG_Gangsa_ENSEMBLE01.wav,C:\Users\vonje\Documents\4th Year Acts\Thesis\Latest Requirements\Thesis App\data_pipeline\data\working_audio\ensembles\PERF-001_SDNG_SNDG_Gangsa_ENSEMBLE01.wav,89,100.786213,100.786213,1.1726079999999968,0.042719,PERF-001_event_0089_PERF-001-CAND-0089.wav,C:\Users\vonje\Documents\4th Year Acts\Thesis\Latest Requirements\Thesis App\data_pipeline\data\event_review\candidate_event_clips\PERF-001\PERF-001_event_0089_PERF-001-CAND-0089.wav,yes,LONG_STRONG,accepted_after_clip_review,Von Jethro E. Landicho,Accepted as usable candidate event; token assigned from IOI and normalized onset strength.,LONG,STRONG,IOI tertile + onset-strength tertile; first event per recording uses START,yes,ensemble_event_review(3).csv
PERF-001-CAND-0090,PERF-001,PERF-001_SDNG_SNDG_Gangsa_ENSEMBLE01.wav,C:\Users\vonje\Documents\4th Year Acts\Thesis\Latest Requirements\Thesis App\data_pipeline\data\working_audio\ensembles\PERF-001_SDNG_SNDG_Gangsa_ENSEMBLE01.wav,90,101.343492,101.343492,0.5572789999999941,0.032313,PERF-001_event_0090_PERF-001-CAND-0090.wav,C:\Users\vonje\Documents\4th Year Acts\Thesis\Latest Requirements\Thesis App\data_pipeline\data\event_review\candidate_event_clips\PERF-001\PERF-001_event_0090_PERF-001-CAND-0090.wav,yes,SHORT_MEDIUM,accepted_after_clip_review,Von Jethro E. Landicho,Accepted as usable candidate event; token assigned from IOI and normalized onset strength.,SHORT,MEDIUM,IOI tertile + onset-strength tertile; first event per recording uses START,yes,ensemble_event_review(3).csv
PERF-001-CAND-0091,PERF-001,PERF-001_SDNG_SNDG_Gangsa_ENSEMBLE01.wav,C:\Users\vonje\Documents\4th Year Acts\Thesis\Latest Requirements\Thesis App\data_pipeline\data\working_audio\ensembles\PERF-001_SDNG_SNDG_Gangsa_ENSEMBLE01.wav,91,103.711927,103.711927,2.368435000000005,0.046642,PERF-001_event_0091_PERF-001-CAND-0091.wav,C:\Users\vonje\Documents\4th Year Acts\Thesis\Latest Requirements\Thesis App\data_pipeline\data\event_review\candidate_event_clips\PERF-001\PERF-001_event_0091_PERF-001-CAND-0091.wav,yes,LONG_STRONG,accepted_after_clip_review,Von Jethro E. Landicho,Accepted as usable candidate event; token assigned from IOI and normalized onset strength.,LONG,STRONG,IOI tertile + onset-strength tertile; first event per recording uses START,yes,ensemble_event_review(3).csv
PERF-001-CAND-0092,PERF-001,PERF-001_SDNG_SNDG_Gangsa_ENSEMBLE01.wav,C:\Users\vonje\Documents\4th Year Acts\Thesis\Latest Requirements\Thesis App\data_pipeline\data\working_audio\ensembles\PERF-001_SDNG_SNDG_Gangsa_ENSEMBLE01.wav,92,104.872925,104.872925,1.1609979999999922,0.037584,PERF-001_event_0092_PERF-001-CAND-0092.wav,C:\Users\vonje\Documents\4th Year Acts\Thesis\Latest Requirements\Thesis App\data_pipeline\data\event_review\candidate_event_clips\PERF-001\PERF-001_event_0092_PERF-001-CAND-0092.wav,yes,LONG_STRONG,accepted_after_clip_review,Von Jethro E. Landicho,Accepted as usable candidate event; token assigned from IOI and normalized onset strength.,LONG,STRONG,IOI tertile + onset-strength tertile; first event per recording uses START,yes,ensemble_event_review(3).csv
PERF-001-CAND-0093,PERF-001,PERF-001_SDNG_SNDG_Gangsa_ENSEMBLE01.wav,C:\Users\vonje\Documents\4th Year Acts\Thesis\Latest Requirements\Thesis App\data_pipeline\data\working_audio\ensembles\PERF-001_SDNG_SNDG_Gangsa_ENSEMBLE01.wav,93,105.465034,105.465034,0.5921090000000078,0.042161,PERF-001_event_0093_PERF-001-CAND-0093.wav,C:\Users\vonje\Documents\4th Year Acts\Thesis\Latest Requirements\Thesis App\data_pipeline\data\event_review\candidate_event_clips\PERF-001\PERF-001_event_0093_PERF-001-CAND-0093.wav,yes,MEDIUM_STRONG,accepted_after_clip_review,Von Jethro E. Landicho,Accepted as usable candidate event; token assigned from IOI and normalized onset strength.,MEDIUM,STRONG,IOI tertile + onset-strength tertile; first event per recording uses START,yes,ensemble_event_review(3).csv
PERF-001-CAND-0094,PERF-001,PERF-001_SDNG_SNDG_Gangsa_ENSEMBLE01.wav,C:\Users\vonje\Documents\4th Year Acts\Thesis\Latest Requirements\Thesis App\data_pipeline\data\working_audio\ensembles\PERF-001_SDNG_SNDG_Gangsa_ENSEMBLE01.wav,94,106.045533,106.045533,0.5804990000000032,0.025384,PERF-001_event_0094_PERF-001-CAND-0094.wav,C:\Users\vonje\Documents\4th Year Acts\Thesis\Latest Requirements\Thesis App\data_pipeline\data\event_review\candidate_event_clips\PERF-001\PERF-001_event_0094_PERF-001-CAND-0094.wav,yes,MEDIUM_WEAK,accepted_after_clip_review,Von Jethro E. Landicho,Accepted as usable candidate event; token assigned from IOI and normalized onset strength.,MEDIUM,WEAK,IOI tertile + onset-strength tertile; first event per recording uses START,yes,ensemble_event_review(3).csv
PERF-001-CAND-0095,PERF-001,PERF-001_SDNG_SNDG_Gangsa_ENSEMBLE01.wav,C:\Users\vonje\Documents\4th Year Acts\Thesis\Latest Requirements\Thesis App\data_pipeline\data\working_audio\ensembles\PERF-001_SDNG_SNDG_Gangsa_ENSEMBLE01.wav,95,107.241361,107.241361,1.1958279999999917,0.024073,PERF-001_event_0095_PERF-001-CAND-0095.wav,C:\Users\vonje\Documents\4th Year Acts\Thesis\Latest Requirements\Thesis App\data_pipeline\data\event_review\candidate_event_clips\PERF-001\PERF-001_event_0095_PERF-001-CAND-0095.wav,yes,LONG_WEAK,accepted_after_clip_review,Von Jethro E. Landicho,Accepted as usable candidate event; token assigned from IOI and normalized onset strength.,LONG,WEAK,IOI tertile + onset-strength tertile; first event per recording uses START,yes,ensemble_event_review(3).csv
PERF-001-CAND-0096,PERF-001,PERF-001_SDNG_SNDG_Gangsa_ENSEMBLE01.wav,C:\Users\vonje\Documents\4th Year Acts\Thesis\Latest Requirements\Thesis App\data_pipeline\data\working_audio\ensembles\PERF-001_SDNG_SNDG_Gangsa_ENSEMBLE01.wav,96,108.390748,108.390748,1.1493870000000044,0.02827,PERF-001_event_0096_PERF-001-CAND-0096.wav,C:\Users\vonje\Documents\4th Year Acts\Thesis\Latest Requirements\Thesis App\data_pipeline\data\event_review\candidate_event_clips\PERF-001\PERF-001_event_0096_PERF-001-CAND-0096.wav,yes,LONG_MEDIUM,accepted_after_clip_review,Von Jethro E. Landicho,Accepted as usable candidate event; token assigned from IOI and normalized onset strength.,LONG,MEDIUM,IOI tertile + onset-strength tertile; first event per recording uses START,yes,ensemble_event_review(3).csv
PERF-001-CAND-0097,PERF-001,PERF-001_SDNG_SNDG_Gangsa_ENSEMBLE01.wav,C:\Users\vonje\Documents\4th Year Acts\Thesis\Latest Requirements\Thesis App\data_pipeline\data\working_audio\ensembles\PERF-001_SDNG_SNDG_Gangsa_ENSEMBLE01.wav,97,111.931791,111.931791,3.541043000000002,0.042812,PERF-001_event_0097_PERF-001-CAND-0097.wav,C:\Users\vonje\Documents\4th Year Acts\Thesis\Latest Requirements\Thesis App\data_pipeline\data\event_review\candidate_event_clips\PERF-001\PERF-001_event_0097_PERF-001-CAND-0097.wav,yes,LONG_STRONG,accepted_after_clip_review,Von Jethro E. Landicho,Accepted as usable candidate event; token assigned from IOI and normalized onset strength.,LONG,STRONG,IOI tertile + onset-strength tertile; first event per recording uses START,yes,ensemble_event_review(3).csv
PERF-001-CAND-0098,PERF-001,PERF-001_SDNG_SNDG_Gangsa_ENSEMBLE01.wav,C:\Users\vonje\Documents\4th Year Acts\Thesis\Latest Requirements\Thesis App\data_pipeline\data\working_audio\ensembles\PERF-001_SDNG_SNDG_Gangsa_ENSEMBLE01.wav,98,112.48907,112.48907,0.5572789999999941,0.034847,PERF-001_event_0098_PERF-001-CAND-0098.wav,C:\Users\vonje\Documents\4th Year Acts\Thesis\Latest Requirements\Thesis App\data_pipeline\data\event_review\candidate_event_clips\PERF-001\PERF-001_event_0098_PERF-001-CAND-0098.wav,yes,SHORT_MEDIUM,accepted_after_clip_review,Von Jethro E. Landicho,Accepted as usable candidate event; token assigned from IOI and normalized onset strength.,SHORT,MEDIUM,IOI tertile + onset-strength tertile; first event per recording uses START,yes,ensemble_event_review(3).csv
PERF-001-CAND-0099,PERF-001,PERF-001_SDNG_SNDG_Gangsa_ENSEMBLE01.wav,C:\Users\vonje\Documents\4th Year Acts\Thesis\Latest Requirements\Thesis App\data_pipeline\data\working_audio\ensembles\PERF-001_SDNG_SNDG_Gangsa_ENSEMBLE01.wav,99,113.116009,113.116009,0.6269390000000072,0.049785,PERF-001_event_0099_PERF-001-CAND-0099.wav,C:\Users\vonje\Documents\4th Year Acts\Thesis\Latest Requirements\Thesis App\data_pipeline\data\event_review\candidate_event_clips\PERF-001\PERF-001_event_0099_PERF-001-CAND-0099.wav,yes,MEDIUM_STRONG,accepted_after_clip_review,Von Jethro E. Landicho,Accepted as usable candidate event; token assigned from IOI and normalized onset strength.,MEDIUM,STRONG,IOI tertile + onset-strength tertile; first event per recording uses START,yes,ensemble_event_review(3).csv
PERF-001-CAND-0100,PERF-001,PERF-001_SDNG_SNDG_Gangsa_ENSEMBLE01.wav,C:\Users\vonje\Documents\4th Year Acts\Thesis\Latest Requirements\Thesis App\data_pipeline\data\working_audio\ensembles\PERF-001_SDNG_SNDG_Gangsa_ENSEMBLE01.wav,100,117.81805,117.81805,4.702040999999994,0.037971,PERF-001_event_0100_PERF-001-CAND-0100.wav,C:\Users\vonje\Documents\4th Year Acts\Thesis\Latest Requirements\Thesis App\data_pipeline\data\event_review\candidate_event_clips\PERF-001\PERF-001_event_0100_PERF-001-CAND-0100.wav,yes,LONG_STRONG,accepted_after_clip_review,Von Jethro E. Landicho,Accepted as usable candidate event; token assigned from IOI and normalized onset strength.,LONG,STRONG,IOI tertile + onset-strength tertile; first event per recording uses START,yes,ensemble_event_review(3).csv
PERF-001-CAND-0101,PERF-001,PERF-001_SDNG_SNDG_Gangsa_ENSEMBLE01.wav,C:\Users\vonje\Documents\4th Year Acts\Thesis\Latest Requirements\Thesis App\data_pipeline\data\working_audio\ensembles\PERF-001_SDNG_SNDG_Gangsa_ENSEMBLE01.wav,101,119.002268,119.002268,1.1842180000000013,0.048416,PERF-001_event_0101_PERF-001-CAND-0101.wav,C:\Users\vonje\Documents\4th Year Acts\Thesis\Latest Requirements\Thesis App\data_pipeline\data\event_review\candidate_event_clips\PERF-001\PERF-001_event_0101_PERF-001-CAND-0101.wav,yes,LONG_STRONG,accepted_after_clip_review,Von Jethro E. Landicho,Accepted as usable candidate event; token assigned from IOI and normalized onset strength.,LONG,STRONG,IOI tertile + onset-strength tertile; first event per recording uses START,yes,ensemble_event_review(3).csv
PERF-001-CAND-0102,PERF-001,PERF-001_SDNG_SNDG_Gangsa_ENSEMBLE01.wav,C:\Users\vonje\Documents\4th Year Acts\Thesis\Latest Requirements\Thesis App\data_pipeline\data\working_audio\ensembles\PERF-001_SDNG_SNDG_Gangsa_ENSEMBLE01.wav,102,120.163265,120.163265,1.1609969999999947,0.045992,PERF-001_event_0102_PERF-001-CAND-0102.wav,C:\Users\vonje\Documents\4th Year Acts\Thesis\Latest Requirements\Thesis App\data_pipeline\data\event_review\candidate_event_clips\PERF-001\PERF-001_event_0102_PERF-001-CAND-0102.wav,yes,LONG_STRONG,accepted_after_clip_review,Von Jethro E. Landicho,Accepted as usable candidate event; token assigned from IOI and normalized onset strength.,LONG,STRONG,IOI tertile + onset-strength tertile; first event per recording uses START,yes,ensemble_event_review(3).csv
PERF-001-CAND-0103,PERF-001,PERF-001_SDNG_SNDG_Gangsa_ENSEMBLE01.wav,C:\Users\vonje\Documents\4th Year Acts\Thesis\Latest Requirements\Thesis App\data_pipeline\data\working_audio\ensembles\PERF-001_SDNG_SNDG_Gangsa_ENSEMBLE01.wav,103,120.766984,120.766984,0.6037189999999981,0.029954,PERF-001_event_0103_PERF-001-CAND-0103.wav,C:\Users\vonje\Documents\4th Year Acts\Thesis\Latest Requirements\Thesis App\data_pipeline\data\event_review\candidate_event_clips\PERF-001\PERF-001_event_0103_PERF-001-CAND-0103.wav,yes,MEDIUM_MEDIUM,accepted_after_clip_review,Von Jethro E. Landicho,Accepted as usable candidate event; token assigned from IOI and normalized onset strength.,MEDIUM,MEDIUM,IOI tertile + onset-strength tertile; first event per recording uses START,yes,ensemble_event_review(3).csv
PERF-001-CAND-0104,PERF-001,PERF-001_SDNG_SNDG_Gangsa_ENSEMBLE01.wav,C:\Users\vonje\Documents\4th Year Acts\Thesis\Latest Requirements\Thesis App\data_pipeline\data\working_audio\ensembles\PERF-001_SDNG_SNDG_Gangsa_ENSEMBLE01.wav,104,122.543311,122.543311,1.776327000000009,0.057162,PERF-001_event_0104_PERF-001-CAND-0104.wav,C:\Users\vonje\Documents\4th Year Acts\Thesis\Latest Requirements\Thesis App\data_pipeline\data\event_review\candidate_event_clips\PERF-001\PERF-001_event_0104_PERF-001-CAND-0104.wav,yes,LONG_STRONG,accepted_after_clip_review,Von Jethro E. Landicho,Accepted as usable candidate event; token assigned from IOI and normalized onset strength.,LONG,STRONG,IOI tertile + onset-strength tertile; first event per recording uses START,yes,ensemble_event_review(3).csv
PERF-001-CAND-0105,PERF-001,PERF-001_SDNG_SNDG_Gangsa_ENSEMBLE01.wav,C:\Users\vonje\Documents\4th Year Acts\Thesis\Latest Requirements\Thesis App\data_pipeline\data\working_audio\ensembles\PERF-001_SDNG_SNDG_Gangsa_ENSEMBLE01.wav,105,123.12381,123.12381,0.5804990000000032,0.028314,PERF-001_event_0105_PERF-001-CAND-0105.wav,C:\Users\vonje\Documents\4th Year Acts\Thesis\Latest Requirements\Thesis App\data_pipeline\data\event_review\candidate_event_clips\PERF-001\PERF-001_event_0105_PERF-001-CAND-0105.wav,yes,MEDIUM_MEDIUM,accepted_after_clip_review,Von Jethro E. Landicho,Accepted as usable candidate event; token assigned from IOI and normalized onset strength.,MEDIUM,MEDIUM,IOI tertile + onset-strength tertile; first event per recording uses START,yes,ensemble_event_review(3).csv
PERF-001-CAND-0106,PERF-001,PERF-001_SDNG_SNDG_Gangsa_ENSEMBLE01.wav,C:\Users\vonje\Documents\4th Year Acts\Thesis\Latest Requirements\Thesis App\data_pipeline\data\working_audio\ensembles\PERF-001_SDNG_SNDG_Gangsa_ENSEMBLE01.wav,106,123.715918,123.715918,0.5921079999999961,0.044465,PERF-001_event_0106_PERF-001-CAND-0106.wav,C:\Users\vonje\Documents\4th Year Acts\Thesis\Latest Requirements\Thesis App\data_pipeline\data\event_review\candidate_event_clips\PERF-001\PERF-001_event_0106_PERF-001-CAND-0106.wav,yes,MEDIUM_STRONG,accepted_after_clip_review,Von Jethro E. Landicho,Accepted as usable candidate event; token assigned from IOI and normalized onset strength.,MEDIUM,STRONG,IOI tertile + onset-strength tertile; first event per recording uses START,yes,ensemble_event_review(3).csv
PERF-001-CAND-0107,PERF-001,PERF-001_SDNG_SNDG_Gangsa_ENSEMBLE01.wav,C:\Users\vonje\Documents\4th Year Acts\Thesis\Latest Requirements\Thesis App\data_pipeline\data\working_audio\ensembles\PERF-001_SDNG_SNDG_Gangsa_ENSEMBLE01.wav,107,124.284807,124.284807,0.5688889999999986,0.026209,PERF-001_event_0107_PERF-001-CAND-0107.wav,C:\Users\vonje\Documents\4th Year Acts\Thesis\Latest Requirements\Thesis App\data_pipeline\data\event_review\candidate_event_clips\PERF-001\PERF-001_event_0107_PERF-001-CAND-0107.wav,yes,SHORT_WEAK,accepted_after_clip_review,Von Jethro E. Landicho,Accepted as usable candidate event; token assigned from IOI and normalized onset strength.,SHORT,WEAK,IOI tertile + onset-strength tertile; first event per recording uses START,yes,ensemble_event_review(3).csv
PERF-001-CAND-0108,PERF-001,PERF-001_SDNG_SNDG_Gangsa_ENSEMBLE01.wav,C:\Users\vonje\Documents\4th Year Acts\Thesis\Latest Requirements\Thesis App\data_pipeline\data\working_audio\ensembles\PERF-001_SDNG_SNDG_Gangsa_ENSEMBLE01.wav,108,124.876916,124.876916,0.5921089999999936,0.052273,PERF-001_event_0108_PERF-001-CAND-0108.wav,C:\Users\vonje\Documents\4th Year Acts\Thesis\Latest Requirements\Thesis App\data_pipeline\data\event_review\candidate_event_clips\PERF-001\PERF-001_event_0108_PERF-001-CAND-0108.wav,yes,MEDIUM_STRONG,accepted_after_clip_review,Von Jethro E. Landicho,Accepted as usable candidate event; token assigned from IOI and normalized onset strength.,MEDIUM,STRONG,IOI tertile + onset-strength tertile; first event per recording uses START,yes,ensemble_event_review(3).csv
PERF-001-CAND-0109,PERF-001,PERF-001_SDNG_SNDG_Gangsa_ENSEMBLE01.wav,C:\Users\vonje\Documents\4th Year Acts\Thesis\Latest Requirements\Thesis App\data_pipeline\data\working_audio\ensembles\PERF-001_SDNG_SNDG_Gangsa_ENSEMBLE01.wav,109,126.061134,126.061134,1.1842180000000013,0.033783,PERF-001_event_0109_PERF-001-CAND-0109.wav,C:\Users\vonje\Documents\4th Year Acts\Thesis\Latest Requirements\Thesis App\data_pipeline\data\event_review\candidate_event_clips\PERF-001\PERF-001_event_0109_PERF-001-CAND-0109.wav,yes,LONG_MEDIUM,accepted_after_clip_review,Von Jethro E. Landicho,Accepted as usable candidate event; token assigned from IOI and normalized onset strength.,LONG,MEDIUM,IOI tertile + onset-strength tertile; first event per recording uses START,yes,ensemble_event_review(3).csv
PERF-001-CAND-0110,PERF-001,PERF-001_SDNG_SNDG_Gangsa_ENSEMBLE01.wav,C:\Users\vonje\Documents\4th Year Acts\Thesis\Latest Requirements\Thesis App\data_pipeline\data\working_audio\ensembles\PERF-001_SDNG_SNDG_Gangsa_ENSEMBLE01.wav,110,126.641633,126.641633,0.5804990000000032,0.032328,PERF-001_event_0110_PERF-001-CAND-0110.wav,C:\Users\vonje\Documents\4th Year Acts\Thesis\Latest Requirements\Thesis App\data_pipeline\data\event_review\candidate_event_clips\PERF-001\PERF-001_event_0110_PERF-001-CAND-0110.wav,yes,MEDIUM_MEDIUM,accepted_after_clip_review,Von Jethro E. Landicho,Accepted as usable candidate event; token assigned from IOI and normalized onset strength.,MEDIUM,MEDIUM,IOI tertile + onset-strength tertile; first event per recording uses START,yes,ensemble_event_review(3).csv
PERF-001-CAND-0111,PERF-001,PERF-001_SDNG_SNDG_Gangsa_ENSEMBLE01.wav,C:\Users\vonje\Documents\4th Year Acts\Thesis\Latest Requirements\Thesis App\data_pipeline\data\working_audio\ensembles\PERF-001_SDNG_SNDG_Gangsa_ENSEMBLE01.wav,111,127.256961,127.256961,0.6153280000000052,0.037872,PERF-001_event_0111_PERF-001-CAND-0111.wav,C:\Users\vonje\Documents\4th Year Acts\Thesis\Latest Requirements\Thesis App\data_pipeline\data\event_review\candidate_event_clips\PERF-001\PERF-001_event_0111_PERF-001-CAND-0111.wav,yes,MEDIUM_STRONG,accepted_after_clip_review,Von Jethro E. Landicho,Accepted as usable candidate event; token assigned from IOI and normalized onset strength.,MEDIUM,STRONG,IOI tertile + onset-strength tertile; first event per recording uses START,yes,ensemble_event_review(3).csv
PERF-001-CAND-0112,PERF-001,PERF-001_SDNG_SNDG_Gangsa_ENSEMBLE01.wav,C:\Users\vonje\Documents\4th Year Acts\Thesis\Latest Requirements\Thesis App\data_pipeline\data\working_audio\ensembles\PERF-001_SDNG_SNDG_Gangsa_ENSEMBLE01.wav,112,129.613787,129.613787,2.356825999999998,0.024553,PERF-001_event_0112_PERF-001-CAND-0112.wav,C:\Users\vonje\Documents\4th Year Acts\Thesis\Latest Requirements\Thesis App\data_pipeline\data\event_review\candidate_event_clips\PERF-001\PERF-001_event_0112_PERF-001-CAND-0112.wav,yes,LONG_WEAK,accepted_after_clip_review,Von Jethro E. Landicho,Accepted as usable candidate event; token assigned from IOI and normalized onset strength.,LONG,WEAK,IOI tertile + onset-strength tertile; first event per recording uses START,yes,ensemble_event_review(3).csv
PERF-001-CAND-0113,PERF-001,PERF-001_SDNG_SNDG_Gangsa_ENSEMBLE01.wav,C:\Users\vonje\Documents\4th Year Acts\Thesis\Latest Requirements\Thesis App\data_pipeline\data\working_audio\ensembles\PERF-001_SDNG_SNDG_Gangsa_ENSEMBLE01.wav,113,130.798005,130.798005,1.1842179999999871,0.02718,PERF-001_event_0113_PERF-001-CAND-0113.wav,C:\Users\vonje\Documents\4th Year Acts\Thesis\Latest Requirements\Thesis App\data_pipeline\data\event_review\candidate_event_clips\PERF-001\PERF-001_event_0113_PERF-001-CAND-0113.wav,yes,LONG_MEDIUM,accepted_after_clip_review,Von Jethro E. Landicho,Accepted as usable candidate event; token assigned from IOI and normalized onset strength.,LONG,MEDIUM,IOI tertile + onset-strength tertile; first event per recording uses START,yes,ensemble_event_review(3).csv
PERF-001-CAND-0114,PERF-001,PERF-001_SDNG_SNDG_Gangsa_ENSEMBLE01.wav,C:\Users\vonje\Documents\4th Year Acts\Thesis\Latest Requirements\Thesis App\data_pipeline\data\working_audio\ensembles\PERF-001_SDNG_SNDG_Gangsa_ENSEMBLE01.wav,114,133.16644,133.16644,2.368435000000005,0.048395,PERF-001_event_0114_PERF-001-CAND-0114.wav,C:\Users\vonje\Documents\4th Year Acts\Thesis\Latest Requirements\Thesis App\data_pipeline\data\event_review\candidate_event_clips\PERF-001\PERF-001_event_0114_PERF-001-CAND-0114.wav,yes,LONG_STRONG,accepted_after_clip_review,Von Jethro E. Landicho,Accepted as usable candidate event; token assigned from IOI and normalized onset strength.,LONG,STRONG,IOI tertile + onset-strength tertile; first event per recording uses START,yes,ensemble_event_review(3).csv
PERF-001-CAND-0115,PERF-001,PERF-001_SDNG_SNDG_Gangsa_ENSEMBLE01.wav,C:\Users\vonje\Documents\4th Year Acts\Thesis\Latest Requirements\Thesis App\data_pipeline\data\working_audio\ensembles\PERF-001_SDNG_SNDG_Gangsa_ENSEMBLE01.wav,115,135.500045,135.500045,2.3336050000000057,0.03679,PERF-001_event_0115_PERF-001-CAND-0115.wav,C:\Users\vonje\Documents\4th Year Acts\Thesis\Latest Requirements\Thesis App\data_pipeline\data\event_review\candidate_event_clips\PERF-001\PERF-001_event_0115_PERF-001-CAND-0115.wav,yes,LONG_STRONG,accepted_after_clip_review,Von Jethro E. Landicho,Accepted as usable candidate event; token assigned from IOI and normalized onset strength.,LONG,STRONG,IOI tertile + onset-strength tertile; first event per recording uses START,yes,ensemble_event_review(3).csv
PERF-001-CAND-0116,PERF-001,PERF-001_SDNG_SNDG_Gangsa_ENSEMBLE01.wav,C:\Users\vonje\Documents\4th Year Acts\Thesis\Latest Requirements\Thesis App\data_pipeline\data\working_audio\ensembles\PERF-001_SDNG_SNDG_Gangsa_ENSEMBLE01.wav,116,136.684263,136.684263,1.1842179999999871,0.033227,PERF-001_event_0116_PERF-001-CAND-0116.wav,C:\Users\vonje\Documents\4th Year Acts\Thesis\Latest Requirements\Thesis App\data_pipeline\data\event_review\candidate_event_clips\PERF-001\PERF-001_event_0116_PERF-001-CAND-0116.wav,yes,LONG_MEDIUM,accepted_after_clip_review,Von Jethro E. Landicho,Accepted as usable candidate event; token assigned from IOI and normalized onset strength.,LONG,MEDIUM,IOI tertile + onset-strength tertile; first event per recording uses START,yes,ensemble_event_review(3).csv
PERF-001-CAND-0117,PERF-001,PERF-001_SDNG_SNDG_Gangsa_ENSEMBLE01.wav,C:\Users\vonje\Documents\4th Year Acts\Thesis\Latest Requirements\Thesis App\data_pipeline\data\working_audio\ensembles\PERF-001_SDNG_SNDG_Gangsa_ENSEMBLE01.wav,117,139.041088,139.041088,2.356825000000015,0.039327,PERF-001_event_0117_PERF-001-CAND-0117.wav,C:\Users\vonje\Documents\4th Year Acts\Thesis\Latest Requirements\Thesis App\data_pipeline\data\event_review\candidate_event_clips\PERF-001\PERF-001_event_0117_PERF-001-CAND-0117.wav,yes,LONG_STRONG,accepted_after_clip_review,Von Jethro E. Landicho,Accepted as usable candidate event; token assigned from IOI and normalized onset strength.,LONG,STRONG,IOI tertile + onset-strength tertile; first event per recording uses START,yes,ensemble_event_review(3).csv
PERF-001-CAND-0118,PERF-001,PERF-001_SDNG_SNDG_Gangsa_ENSEMBLE01.wav,C:\Users\vonje\Documents\4th Year Acts\Thesis\Latest Requirements\Thesis App\data_pipeline\data\working_audio\ensembles\PERF-001_SDNG_SNDG_Gangsa_ENSEMBLE01.wav,118,139.644807,139.644807,0.6037189999999839,0.033469,PERF-001_event_0118_PERF-001-CAND-0118.wav,C:\Users\vonje\Documents\4th Year Acts\Thesis\Latest Requirements\Thesis App\data_pipeline\data\event_review\candidate_event_clips\PERF-001\PERF-001_event_0118_PERF-001-CAND-0118.wav,yes,MEDIUM_MEDIUM,accepted_after_clip_review,Von Jethro E. Landicho,Accepted as usable candidate event; token assigned from IOI and normalized onset strength.,MEDIUM,MEDIUM,IOI tertile + onset-strength tertile; first event per recording uses START,yes,ensemble_event_review(3).csv
PERF-001-CAND-0119,PERF-001,PERF-001_SDNG_SNDG_Gangsa_ENSEMBLE01.wav,C:\Users\vonje\Documents\4th Year Acts\Thesis\Latest Requirements\Thesis App\data_pipeline\data\working_audio\ensembles\PERF-001_SDNG_SNDG_Gangsa_ENSEMBLE01.wav,119,141.421134,141.421134,1.776327000000009,0.034861,PERF-001_event_0119_PERF-001-CAND-0119.wav,C:\Users\vonje\Documents\4th Year Acts\Thesis\Latest Requirements\Thesis App\data_pipeline\data\event_review\candidate_event_clips\PERF-001\PERF-001_event_0119_PERF-001-CAND-0119.wav,yes,LONG_MEDIUM,accepted_after_clip_review,Von Jethro E. Landicho,Accepted as usable candidate event; token assigned from IOI and normalized onset strength.,LONG,MEDIUM,IOI tertile + onset-strength tertile; first event per recording uses START,yes,ensemble_event_review(3).csv
PERF-001-CAND-0120,PERF-001,PERF-001_SDNG_SNDG_Gangsa_ENSEMBLE01.wav,C:\Users\vonje\Documents\4th Year Acts\Thesis\Latest Requirements\Thesis App\data_pipeline\data\working_audio\ensembles\PERF-001_SDNG_SNDG_Gangsa_ENSEMBLE01.wav,120,142.628571,142.628571,1.2074369999999988,0.039843,PERF-001_event_0120_PERF-001-CAND-0120.wav,C:\Users\vonje\Documents\4th Year Acts\Thesis\Latest Requirements\Thesis App\data_pipeline\data\event_review\candidate_event_clips\PERF-001\PERF-001_event_0120_PERF-001-CAND-0120.wav,yes,LONG_STRONG,accepted_after_clip_review,Von Jethro E. Landicho,Accepted as usable candidate event; token assigned from IOI and normalized onset strength.,LONG,STRONG,IOI tertile + onset-strength tertile; first event per recording uses START,yes,ensemble_event_review(3).csv
PERF-001-CAND-0121,PERF-001,PERF-001_SDNG_SNDG_Gangsa_ENSEMBLE01.wav,C:\Users\vonje\Documents\4th Year Acts\Thesis\Latest Requirements\Thesis App\data_pipeline\data\working_audio\ensembles\PERF-001_SDNG_SNDG_Gangsa_ENSEMBLE01.wav,121,143.812789,143.812789,1.1842180000000155,0.034905,PERF-001_event_0121_PERF-001-CAND-0121.wav,C:\Users\vonje\Documents\4th Year Acts\Thesis\Latest Requirements\Thesis App\data_pipeline\data\event_review\candidate_event_clips\PERF-001\PERF-001_event_0121_PERF-001-CAND-0121.wav,yes,LONG_MEDIUM,accepted_after_clip_review,Von Jethro E. Landicho,Accepted as usable candidate event; token assigned from IOI and normalized onset strength.,LONG,MEDIUM,IOI tertile + onset-strength tertile; first event per recording uses START,yes,ensemble_event_review(3).csv
PERF-001-CAND-0122,PERF-001,PERF-001_SDNG_SNDG_Gangsa_ENSEMBLE01.wav,C:\Users\vonje\Documents\4th Year Acts\Thesis\Latest Requirements\Thesis App\data_pipeline\data\working_audio\ensembles\PERF-001_SDNG_SNDG_Gangsa_ENSEMBLE01.wav,122,148.886349,148.886349,5.073559999999986,0.051448,PERF-001_event_0122_PERF-001-CAND-0122.wav,C:\Users\vonje\Documents\4th Year Acts\Thesis\Latest Requirements\Thesis App\data_pipeline\data\event_review\candidate_event_clips\PERF-001\PERF-001_event_0122_PERF-001-CAND-0122.wav,yes,LONG_STRONG,accepted_after_clip_review,Von Jethro E. Landicho,Accepted as usable candidate event; token assigned from IOI and normalized onset strength.,LONG,STRONG,IOI tertile + onset-strength tertile; first event per recording uses START,yes,ensemble_event_review(3).csv
PERF-001-CAND-0123,PERF-001,PERF-001_SDNG_SNDG_Gangsa_ENSEMBLE01.wav,C:\Users\vonje\Documents\4th Year Acts\Thesis\Latest Requirements\Thesis App\data_pipeline\data\working_audio\ensembles\PERF-001_SDNG_SNDG_Gangsa_ENSEMBLE01.wav,123,149.490068,149.490068,0.6037190000000123,0.024541,PERF-001_event_0123_PERF-001-CAND-0123.wav,C:\Users\vonje\Documents\4th Year Acts\Thesis\Latest Requirements\Thesis App\data_pipeline\data\event_review\candidate_event_clips\PERF-001\PERF-001_event_0123_PERF-001-CAND-0123.wav,yes,MEDIUM_WEAK,accepted_after_clip_review,Von Jethro E. Landicho,Accepted as usable candidate event; token assigned from IOI and normalized onset strength.,MEDIUM,WEAK,IOI tertile + onset-strength tertile; first event per recording uses START,yes,ensemble_event_review(3).csv
PERF-001-CAND-0124,PERF-001,PERF-001_SDNG_SNDG_Gangsa_ENSEMBLE01.wav,C:\Users\vonje\Documents\4th Year Acts\Thesis\Latest Requirements\Thesis App\data_pipeline\data\working_audio\ensembles\PERF-001_SDNG_SNDG_Gangsa_ENSEMBLE01.wav,124,150.093787,150.093787,0.6037189999999839,0.036824,PERF-001_event_0124_PERF-001-CAND-0124.wav,C:\Users\vonje\Documents\4th Year Acts\Thesis\Latest Requirements\Thesis App\data_pipeline\data\event_review\candidate_event_clips\PERF-001\PERF-001_event_0124_PERF-001-CAND-0124.wav,yes,MEDIUM_STRONG,accepted_after_clip_review,Von Jethro E. Landicho,Accepted as usable candidate event; token assigned from IOI and normalized onset strength.,MEDIUM,STRONG,IOI tertile + onset-strength tertile; first event per recording uses START,yes,ensemble_event_review(3).csv
PERF-001-CAND-0125,PERF-001,PERF-001_SDNG_SNDG_Gangsa_ENSEMBLE01.wav,C:\Users\vonje\Documents\4th Year Acts\Thesis\Latest Requirements\Thesis App\data_pipeline\data\working_audio\ensembles\PERF-001_SDNG_SNDG_Gangsa_ENSEMBLE01.wav,125,150.720726,150.720726,0.6269390000000215,0.042815,PERF-001_event_0125_PERF-001-CAND-0125.wav,C:\Users\vonje\Documents\4th Year Acts\Thesis\Latest Requirements\Thesis App\data_pipeline\data\event_review\candidate_event_clips\PERF-001\PERF-001_event_0125_PERF-001-CAND-0125.wav,yes,MEDIUM_STRONG,accepted_after_clip_review,Von Jethro E. Landicho,Accepted as usable candidate event; token assigned from IOI and normalized onset strength.,MEDIUM,STRONG,IOI tertile + onset-strength tertile; first event per recording uses START,yes,ensemble_event_review(3).csv
PERF-001-CAND-0126,PERF-001,PERF-001_SDNG_SNDG_Gangsa_ENSEMBLE01.wav,C:\Users\vonje\Documents\4th Year Acts\Thesis\Latest Requirements\Thesis App\data_pipeline\data\working_audio\ensembles\PERF-001_SDNG_SNDG_Gangsa_ENSEMBLE01.wav,126,151.301224,151.301224,0.5804979999999773,0.045147,PERF-001_event_0126_PERF-001-CAND-0126.wav,C:\Users\vonje\Documents\4th Year Acts\Thesis\Latest Requirements\Thesis App\data_pipeline\data\event_review\candidate_event_clips\PERF-001\PERF-001_event_0126_PERF-001-CAND-0126.wav,yes,MEDIUM_STRONG,accepted_after_clip_review,Von Jethro E. Landicho,Accepted as usable candidate event; token assigned from IOI and normalized onset strength.,MEDIUM,STRONG,IOI tertile + onset-strength tertile; first event per recording uses START,yes,ensemble_event_review(3).csv
PERF-001-CAND-0127,PERF-001,PERF-001_SDNG_SNDG_Gangsa_ENSEMBLE01.wav,C:\Users\vonje\Documents\4th Year Acts\Thesis\Latest Requirements\Thesis App\data_pipeline\data\working_audio\ensembles\PERF-001_SDNG_SNDG_Gangsa_ENSEMBLE01.wav,127,151.904943,151.904943,0.6037190000000123,0.027733,PERF-001_event_0127_PERF-001-CAND-0127.wav,C:\Users\vonje\Documents\4th Year Acts\Thesis\Latest Requirements\Thesis App\data_pipeline\data\event_review\candidate_event_clips\PERF-001\PERF-001_event_0127_PERF-001-CAND-0127.wav,yes,MEDIUM_MEDIUM,accepted_after_clip_review,Von Jethro E. Landicho,Accepted as usable candidate event; token assigned from IOI and normalized onset strength.,MEDIUM,MEDIUM,IOI tertile + onset-strength tertile; first event per recording uses START,yes,ensemble_event_review(3).csv
PERF-001-CAND-0128,PERF-001,PERF-001_SDNG_SNDG_Gangsa_ENSEMBLE01.wav,C:\Users\vonje\Documents\4th Year Acts\Thesis\Latest Requirements\Thesis App\data_pipeline\data\working_audio\ensembles\PERF-001_SDNG_SNDG_Gangsa_ENSEMBLE01.wav,128,152.520272,152.520272,0.6153290000000027,0.044273,PERF-001_event_0128_PERF-001-CAND-0128.wav,C:\Users\vonje\Documents\4th Year Acts\Thesis\Latest Requirements\Thesis App\data_pipeline\data\event_review\candidate_event_clips\PERF-001\PERF-001_event_0128_PERF-001-CAND-0128.wav,yes,MEDIUM_STRONG,accepted_after_clip_review,Von Jethro E. Landicho,Accepted as usable candidate event; token assigned from IOI and normalized onset strength.,MEDIUM,STRONG,IOI tertile + onset-strength tertile; first event per recording uses START,yes,ensemble_event_review(3).csv
PERF-001-CAND-0129,PERF-001,PERF-001_SDNG_SNDG_Gangsa_ENSEMBLE01.wav,C:\Users\vonje\Documents\4th Year Acts\Thesis\Latest Requirements\Thesis App\data_pipeline\data\working_audio\ensembles\PERF-001_SDNG_SNDG_Gangsa_ENSEMBLE01.wav,129,153.147211,153.147211,0.626938999999993,0.061264,PERF-001_event_0129_PERF-001-CAND-0129.wav,C:\Users\vonje\Documents\4th Year Acts\Thesis\Latest Requirements\Thesis App\data_pipeline\data\event_review\candidate_event_clips\PERF-001\PERF-001_event_0129_PERF-001-CAND-0129.wav,yes,MEDIUM_STRONG,accepted_after_clip_review,Von Jethro E. Landicho,Accepted as usable candidate event; token assigned from IOI and normalized onset strength.,MEDIUM,STRONG,IOI tertile + onset-strength tertile; first event per recording uses START,yes,ensemble_event_review(3).csv
PERF-001-CAND-0130,PERF-001,PERF-001_SDNG_SNDG_Gangsa_ENSEMBLE01.wav,C:\Users\vonje\Documents\4th Year Acts\Thesis\Latest Requirements\Thesis App\data_pipeline\data\working_audio\ensembles\PERF-001_SDNG_SNDG_Gangsa_ENSEMBLE01.wav,130,153.75093,153.75093,0.6037190000000123,0.066786,PERF-001_event_0130_PERF-001-CAND-0130.wav,C:\Users\vonje\Documents\4th Year Acts\Thesis\Latest Requirements\Thesis App\data_pipeline\data\event_review\candidate_event_clips\PERF-001\PERF-001_event_0130_PERF-001-CAND-0130.wav,yes,MEDIUM_STRONG,accepted_after_clip_review,Von Jethro E. Landicho,Accepted as usable candidate event; token assigned from IOI and normalized onset strength.,MEDIUM,STRONG,IOI tertile + onset-strength tertile; first event per recording uses START,yes,ensemble_event_review(3).csv
PERF-001-CAND-0131,PERF-001,PERF-001_SDNG_SNDG_Gangsa_ENSEMBLE01.wav,C:\Users\vonje\Documents\4th Year Acts\Thesis\Latest Requirements\Thesis App\data_pipeline\data\working_audio\ensembles\PERF-001_SDNG_SNDG_Gangsa_ENSEMBLE01.wav,131,154.946757,154.946757,1.19582699999998,0.016012,PERF-001_event_0131_PERF-001-CAND-0131.wav,C:\Users\vonje\Documents\4th Year Acts\Thesis\Latest Requirements\Thesis App\data_pipeline\data\event_review\candidate_event_clips\PERF-001\PERF-001_event_0131_PERF-001-CAND-0131.wav,yes,LONG_WEAK,accepted_after_clip_review,Von Jethro E. Landicho,Accepted as usable candidate event; token assigned from IOI and normalized onset strength.,LONG,WEAK,IOI tertile + onset-strength tertile; first event per recording uses START,yes,ensemble_event_review(3).csv
PERF-001-CAND-0132,PERF-001,PERF-001_SDNG_SNDG_Gangsa_ENSEMBLE01.wav,C:\Users\vonje\Documents\4th Year Acts\Thesis\Latest Requirements\Thesis App\data_pipeline\data\working_audio\ensembles\PERF-001_SDNG_SNDG_Gangsa_ENSEMBLE01.wav,132,155.550476,155.550476,0.6037190000000123,0.042216,PERF-001_event_0132_PERF-001-CAND-0132.wav,C:\Users\vonje\Documents\4th Year Acts\Thesis\Latest Requirements\Thesis App\data_pipeline\data\event_review\candidate_event_clips\PERF-001\PERF-001_event_0132_PERF-001-CAND-0132.wav,yes,MEDIUM_STRONG,accepted_after_clip_review,Von Jethro E. Landicho,Accepted as usable candidate event; token assigned from IOI and normalized onset strength.,MEDIUM,STRONG,IOI tertile + onset-strength tertile; first event per recording uses START,yes,ensemble_event_review(3).csv
PERF-001-CAND-0133,PERF-001,PERF-001_SDNG_SNDG_Gangsa_ENSEMBLE01.wav,C:\Users\vonje\Documents\4th Year Acts\Thesis\Latest Requirements\Thesis App\data_pipeline\data\working_audio\ensembles\PERF-001_SDNG_SNDG_Gangsa_ENSEMBLE01.wav,133,156.165805,156.165805,0.6153290000000027,0.032848,PERF-001_event_0133_PERF-001-CAND-0133.wav,C:\Users\vonje\Documents\4th Year Acts\Thesis\Latest Requirements\Thesis App\data_pipeline\data\event_review\candidate_event_clips\PERF-001\PERF-001_event_0133_PERF-001-CAND-0133.wav,yes,MEDIUM_MEDIUM,accepted_after_clip_review,Von Jethro E. Landicho,Accepted as usable candidate event; token assigned from IOI and normalized onset strength.,MEDIUM,MEDIUM,IOI tertile + onset-strength tertile; first event per recording uses START,yes,ensemble_event_review(3).csv
PERF-001-CAND-0134,PERF-001,PERF-001_SDNG_SNDG_Gangsa_ENSEMBLE01.wav,C:\Users\vonje\Documents\4th Year Acts\Thesis\Latest Requirements\Thesis App\data_pipeline\data\working_audio\ensembles\PERF-001_SDNG_SNDG_Gangsa_ENSEMBLE01.wav,134,157.338413,157.338413,1.1726079999999968,0.039514,PERF-001_event_0134_PERF-001-CAND-0134.wav,C:\Users\vonje\Documents\4th Year Acts\Thesis\Latest Requirements\Thesis App\data_pipeline\data\event_review\candidate_event_clips\PERF-001\PERF-001_event_0134_PERF-001-CAND-0134.wav,yes,LONG_STRONG,accepted_after_clip_review,Von Jethro E. Landicho,Accepted as usable candidate event; token assigned from IOI and normalized onset strength.,LONG,STRONG,IOI tertile + onset-strength tertile; first event per recording uses START,yes,ensemble_event_review(3).csv
PERF-001-CAND-0135,PERF-001,PERF-001_SDNG_SNDG_Gangsa_ENSEMBLE01.wav,C:\Users\vonje\Documents\4th Year Acts\Thesis\Latest Requirements\Thesis App\data_pipeline\data\working_audio\ensembles\PERF-001_SDNG_SNDG_Gangsa_ENSEMBLE01.wav,135,157.965351,157.965351,0.6269379999999956,0.031356,PERF-001_event_0135_PERF-001-CAND-0135.wav,C:\Users\vonje\Documents\4th Year Acts\Thesis\Latest Requirements\Thesis App\data_pipeline\data\event_review\candidate_event_clips\PERF-001\PERF-001_event_0135_PERF-001-CAND-0135.wav,yes,MEDIUM_MEDIUM,accepted_after_clip_review,Von Jethro E. Landicho,Accepted as usable candidate event; token assigned from IOI and normalized onset strength.,MEDIUM,MEDIUM,IOI tertile + onset-strength tertile; first event per recording uses START,yes,ensemble_event_review(3).csv
PERF-001-CAND-0136,PERF-001,PERF-001_SDNG_SNDG_Gangsa_ENSEMBLE01.wav,C:\Users\vonje\Documents\4th Year Acts\Thesis\Latest Requirements\Thesis App\data_pipeline\data\working_audio\ensembles\PERF-001_SDNG_SNDG_Gangsa_ENSEMBLE01.wav,136,158.58068,158.58068,0.6153290000000027,0.037712,PERF-001_event_0136_PERF-001-CAND-0136.wav,C:\Users\vonje\Documents\4th Year Acts\Thesis\Latest Requirements\Thesis App\data_pipeline\data\event_review\candidate_event_clips\PERF-001\PERF-001_event_0136_PERF-001-CAND-0136.wav,yes,MEDIUM_STRONG,accepted_after_clip_review,Von Jethro E. Landicho,Accepted as usable candidate event; token assigned from IOI and normalized onset strength.,MEDIUM,STRONG,IOI tertile + onset-strength tertile; first event per recording uses START,yes,ensemble_event_review(3).csv
PERF-001-CAND-0137,PERF-001,PERF-001_SDNG_SNDG_Gangsa_ENSEMBLE01.wav,C:\Users\vonje\Documents\4th Year Acts\Thesis\Latest Requirements\Thesis App\data_pipeline\data\working_audio\ensembles\PERF-001_SDNG_SNDG_Gangsa_ENSEMBLE01.wav,137,160.368617,160.368617,1.7879369999999994,0.036983,PERF-001_event_0137_PERF-001-CAND-0137.wav,C:\Users\vonje\Documents\4th Year Acts\Thesis\Latest Requirements\Thesis App\data_pipeline\data\event_review\candidate_event_clips\PERF-001\PERF-001_event_0137_PERF-001-CAND-0137.wav,yes,LONG_STRONG,accepted_after_clip_review,Von Jethro E. Landicho,Accepted as usable candidate event; token assigned from IOI and normalized onset strength.,LONG,STRONG,IOI tertile + onset-strength tertile; first event per recording uses START,yes,ensemble_event_review(3).csv
PERF-001-CAND-0138,PERF-001,PERF-001_SDNG_SNDG_Gangsa_ENSEMBLE01.wav,C:\Users\vonje\Documents\4th Year Acts\Thesis\Latest Requirements\Thesis App\data_pipeline\data\working_audio\ensembles\PERF-001_SDNG_SNDG_Gangsa_ENSEMBLE01.wav,138,163.422041,163.422041,3.053424000000007,0.050017,PERF-001_event_0138_PERF-001-CAND-0138.wav,C:\Users\vonje\Documents\4th Year Acts\Thesis\Latest Requirements\Thesis App\data_pipeline\data\event_review\candidate_event_clips\PERF-001\PERF-001_event_0138_PERF-001-CAND-0138.wav,yes,LONG_STRONG,accepted_after_clip_review,Von Jethro E. Landicho,Accepted as usable candidate event; token assigned from IOI and normalized onset strength.,LONG,STRONG,IOI tertile + onset-strength tertile; first event per recording uses START,yes,ensemble_event_review(3).csv
PERF-001-CAND-0139,PERF-001,PERF-001_SDNG_SNDG_Gangsa_ENSEMBLE01.wav,C:\Users\vonje\Documents\4th Year Acts\Thesis\Latest Requirements\Thesis App\data_pipeline\data\working_audio\ensembles\PERF-001_SDNG_SNDG_Gangsa_ENSEMBLE01.wav,139,164.02576,164.02576,0.6037189999999839,0.030468,PERF-001_event_0139_PERF-001-CAND-0139.wav,C:\Users\vonje\Documents\4th Year Acts\Thesis\Latest Requirements\Thesis App\data_pipeline\data\event_review\candidate_event_clips\PERF-001\PERF-001_event_0139_PERF-001-CAND-0139.wav,yes,MEDIUM_MEDIUM,accepted_after_clip_review,Von Jethro E. Landicho,Accepted as usable candidate event; token assigned from IOI and normalized onset strength.,MEDIUM,MEDIUM,IOI tertile + onset-strength tertile; first event per recording uses START,yes,ensemble_event_review(3).csv
PERF-001-CAND-0140,PERF-001,PERF-001_SDNG_SNDG_Gangsa_ENSEMBLE01.wav,C:\Users\vonje\Documents\4th Year Acts\Thesis\Latest Requirements\Thesis App\data_pipeline\data\working_audio\ensembles\PERF-001_SDNG_SNDG_Gangsa_ENSEMBLE01.wav,140,164.629478,164.629478,0.6037180000000149,0.041957,PERF-001_event_0140_PERF-001-CAND-0140.wav,C:\Users\vonje\Documents\4th Year Acts\Thesis\Latest Requirements\Thesis App\data_pipeline\data\event_review\candidate_event_clips\PERF-001\PERF-001_event_0140_PERF-001-CAND-0140.wav,yes,MEDIUM_STRONG,accepted_after_clip_review,Von Jethro E. Landicho,Accepted as usable candidate event; token assigned from IOI and normalized onset strength.,MEDIUM,STRONG,IOI tertile + onset-strength tertile; first event per recording uses START,yes,ensemble_event_review(3).csv
PERF-001-CAND-0141,PERF-001,PERF-001_SDNG_SNDG_Gangsa_ENSEMBLE01.wav,C:\Users\vonje\Documents\4th Year Acts\Thesis\Latest Requirements\Thesis App\data_pipeline\data\working_audio\ensembles\PERF-001_SDNG_SNDG_Gangsa_ENSEMBLE01.wav,141,165.244807,165.244807,0.6153290000000027,0.043704,PERF-001_event_0141_PERF-001-CAND-0141.wav,C:\Users\vonje\Documents\4th Year Acts\Thesis\Latest Requirements\Thesis App\data_pipeline\data\event_review\candidate_event_clips\PERF-001\PERF-001_event_0141_PERF-001-CAND-0141.wav,yes,MEDIUM_STRONG,accepted_after_clip_review,Von Jethro E. Landicho,Accepted as usable candidate event; token assigned from IOI and normalized onset strength.,MEDIUM,STRONG,IOI tertile + onset-strength tertile; first event per recording uses START,yes,ensemble_event_review(3).csv
PERF-001-CAND-0142,PERF-001,PERF-001_SDNG_SNDG_Gangsa_ENSEMBLE01.wav,C:\Users\vonje\Documents\4th Year Acts\Thesis\Latest Requirements\Thesis App\data_pipeline\data\working_audio\ensembles\PERF-001_SDNG_SNDG_Gangsa_ENSEMBLE01.wav,142,167.067574,167.067574,1.822766999999999,0.045437,PERF-001_event_0142_PERF-001-CAND-0142.wav,C:\Users\vonje\Documents\4th Year Acts\Thesis\Latest Requirements\Thesis App\data_pipeline\data\event_review\candidate_event_clips\PERF-001\PERF-001_event_0142_PERF-001-CAND-0142.wav,yes,LONG_STRONG,accepted_after_clip_review,Von Jethro E. Landicho,Accepted as usable candidate event; token assigned from IOI and normalized onset strength.,LONG,STRONG,IOI tertile + onset-strength tertile; first event per recording uses START,yes,ensemble_event_review(3).csv
PERF-001-CAND-0143,PERF-001,PERF-001_SDNG_SNDG_Gangsa_ENSEMBLE01.wav,C:\Users\vonje\Documents\4th Year Acts\Thesis\Latest Requirements\Thesis App\data_pipeline\data\working_audio\ensembles\PERF-001_SDNG_SNDG_Gangsa_ENSEMBLE01.wav,143,167.961542,167.961542,0.893968000000001,0.04977,PERF-001_event_0143_PERF-001-CAND-0143.wav,C:\Users\vonje\Documents\4th Year Acts\Thesis\Latest Requirements\Thesis App\data_pipeline\data\event_review\candidate_event_clips\PERF-001\PERF-001_event_0143_PERF-001-CAND-0143.wav,yes,MEDIUM_STRONG,accepted_after_clip_review,Von Jethro E. Landicho,Accepted as usable candidate event; token assigned from IOI and normalized onset strength.,MEDIUM,STRONG,IOI tertile + onset-strength tertile; first event per recording uses START,yes,ensemble_event_review(3).csv
PERF-001-CAND-0144,PERF-001,PERF-001_SDNG_SNDG_Gangsa_ENSEMBLE01.wav,C:\Users\vonje\Documents\4th Year Acts\Thesis\Latest Requirements\Thesis App\data_pipeline\data\working_audio\ensembles\PERF-001_SDNG_SNDG_Gangsa_ENSEMBLE01.wav,144,168.263401,168.263401,0.301858999999979,0.033993,PERF-001_event_0144_PERF-001-CAND-0144.wav,C:\Users\vonje\Documents\4th Year Acts\Thesis\Latest Requirements\Thesis App\data_pipeline\data\event_review\candidate_event_clips\PERF-001\PERF-001_event_0144_PERF-001-CAND-0144.wav,yes,SHORT_MEDIUM,accepted_after_clip_review,Von Jethro E. Landicho,Accepted as usable candidate event; token assigned from IOI and normalized onset strength.,SHORT,MEDIUM,IOI tertile + onset-strength tertile; first event per recording uses START,yes,ensemble_event_review(3).csv
PERF-001-CAND-0145,PERF-001,PERF-001_SDNG_SNDG_Gangsa_ENSEMBLE01.wav,C:\Users\vonje\Documents\4th Year Acts\Thesis\Latest Requirements\Thesis App\data_pipeline\data\working_audio\ensembles\PERF-001_SDNG_SNDG_Gangsa_ENSEMBLE01.wav,145,170.062948,170.062948,1.7995470000000182,0.028833,PERF-001_event_0145_PERF-001-CAND-0145.wav,C:\Users\vonje\Documents\4th Year Acts\Thesis\Latest Requirements\Thesis App\data_pipeline\data\event_review\candidate_event_clips\PERF-001\PERF-001_event_0145_PERF-001-CAND-0145.wav,yes,LONG_MEDIUM,accepted_after_clip_review,Von Jethro E. Landicho,Accepted as usable candidate event; token assigned from IOI and normalized onset strength.,LONG,MEDIUM,IOI tertile + onset-strength tertile; first event per recording uses START,yes,ensemble_event_review(3).csv
PERF-001-CAND-0146,PERF-001,PERF-001_SDNG_SNDG_Gangsa_ENSEMBLE01.wav,C:\Users\vonje\Documents\4th Year Acts\Thesis\Latest Requirements\Thesis App\data_pipeline\data\working_audio\ensembles\PERF-001_SDNG_SNDG_Gangsa_ENSEMBLE01.wav,146,170.666667,170.666667,0.6037189999999839,0.037504,PERF-001_event_0146_PERF-001-CAND-0146.wav,C:\Users\vonje\Documents\4th Year Acts\Thesis\Latest Requirements\Thesis App\data_pipeline\data\event_review\candidate_event_clips\PERF-001\PERF-001_event_0146_PERF-001-CAND-0146.wav,yes,MEDIUM_STRONG,accepted_after_clip_review,Von Jethro E. Landicho,Accepted as usable candidate event; token assigned from IOI and normalized onset strength.,MEDIUM,STRONG,IOI tertile + onset-strength tertile; first event per recording uses START,yes,ensemble_event_review(3).csv
PERF-001-CAND-0147,PERF-001,PERF-001_SDNG_SNDG_Gangsa_ENSEMBLE01.wav,C:\Users\vonje\Documents\4th Year Acts\Thesis\Latest Requirements\Thesis App\data_pipeline\data\working_audio\ensembles\PERF-001_SDNG_SNDG_Gangsa_ENSEMBLE01.wav,147,171.293605,171.293605,0.626938000000024,0.037189,PERF-001_event_0147_PERF-001-CAND-0147.wav,C:\Users\vonje\Documents\4th Year Acts\Thesis\Latest Requirements\Thesis App\data_pipeline\data\event_review\candidate_event_clips\PERF-001\PERF-001_event_0147_PERF-001-CAND-0147.wav,yes,MEDIUM_STRONG,accepted_after_clip_review,Von Jethro E. Landicho,Accepted as usable candidate event; token assigned from IOI and normalized onset strength.,MEDIUM,STRONG,IOI tertile + onset-strength tertile; first event per recording uses START,yes,ensemble_event_review(3).csv
PERF-001-CAND-0148,PERF-001,PERF-001_SDNG_SNDG_Gangsa_ENSEMBLE01.wav,C:\Users\vonje\Documents\4th Year Acts\Thesis\Latest Requirements\Thesis App\data_pipeline\data\working_audio\ensembles\PERF-001_SDNG_SNDG_Gangsa_ENSEMBLE01.wav,148,172.466213,172.466213,1.1726079999999968,0.035311,PERF-001_event_0148_PERF-001-CAND-0148.wav,C:\Users\vonje\Documents\4th Year Acts\Thesis\Latest Requirements\Thesis App\data_pipeline\data\event_review\candidate_event_clips\PERF-001\PERF-001_event_0148_PERF-001-CAND-0148.wav,yes,LONG_MEDIUM,accepted_after_clip_review,Von Jethro E. Landicho,Accepted as usable candidate event; token assigned from IOI and normalized onset strength.,LONG,MEDIUM,IOI tertile + onset-strength tertile; first event per recording uses START,yes,ensemble_event_review(3).csv
PERF-001-CAND-0149,PERF-001,PERF-001_SDNG_SNDG_Gangsa_ENSEMBLE01.wav,C:\Users\vonje\Documents\4th Year Acts\Thesis\Latest Requirements\Thesis App\data_pipeline\data\working_audio\ensembles\PERF-001_SDNG_SNDG_Gangsa_ENSEMBLE01.wav,149,174.3122,174.3122,1.8459869999999796,0.046959,PERF-001_event_0149_PERF-001-CAND-0149.wav,C:\Users\vonje\Documents\4th Year Acts\Thesis\Latest Requirements\Thesis App\data_pipeline\data\event_review\candidate_event_clips\PERF-001\PERF-001_event_0149_PERF-001-CAND-0149.wav,yes,LONG_STRONG,accepted_after_clip_review,Von Jethro E. Landicho,Accepted as usable candidate event; token assigned from IOI and normalized onset strength.,LONG,STRONG,IOI tertile + onset-strength tertile; first event per recording uses START,yes,ensemble_event_review(3).csv
PERF-001-CAND-0150,PERF-001,PERF-001_SDNG_SNDG_Gangsa_ENSEMBLE01.wav,C:\Users\vonje\Documents\4th Year Acts\Thesis\Latest Requirements\Thesis App\data_pipeline\data\working_audio\ensembles\PERF-001_SDNG_SNDG_Gangsa_ENSEMBLE01.wav,150,176.727075,176.727075,2.4148750000000234,0.045758,PERF-001_event_0150_PERF-001-CAND-0150.wav,C:\Users\vonje\Documents\4th Year Acts\Thesis\Latest Requirements\Thesis App\data_pipeline\data\event_review\candidate_event_clips\PERF-001\PERF-001_event_0150_PERF-001-CAND-0150.wav,yes,LONG_STRONG,accepted_after_clip_review,Von Jethro E. Landicho,Accepted as usable candidate event; token assigned from IOI and normalized onset strength.,LONG,STRONG,IOI tertile + onset-strength tertile; first event per recording uses START,yes,ensemble_event_review(3).csv
PERF-001-CAND-0151,PERF-001,PERF-001_SDNG_SNDG_Gangsa_ENSEMBLE01.wav,C:\Users\vonje\Documents\4th Year Acts\Thesis\Latest Requirements\Thesis App\data_pipeline\data\working_audio\ensembles\PERF-001_SDNG_SNDG_Gangsa_ENSEMBLE01.wav,151,177.342404,177.342404,0.6153289999999743,0.046716,PERF-001_event_0151_PERF-001-CAND-0151.wav,C:\Users\vonje\Documents\4th Year Acts\Thesis\Latest Requirements\Thesis App\data_pipeline\data\event_review\candidate_event_clips\PERF-001\PERF-001_event_0151_PERF-001-CAND-0151.wav,yes,MEDIUM_STRONG,accepted_after_clip_review,Von Jethro E. Landicho,Accepted as usable candidate event; token assigned from IOI and normalized onset strength.,MEDIUM,STRONG,IOI tertile + onset-strength tertile; first event per recording uses START,yes,ensemble_event_review(3).csv
PERF-001-CAND-0152,PERF-001,PERF-001_SDNG_SNDG_Gangsa_ENSEMBLE01.wav,C:\Users\vonje\Documents\4th Year Acts\Thesis\Latest Requirements\Thesis App\data_pipeline\data\working_audio\ensembles\PERF-001_SDNG_SNDG_Gangsa_ENSEMBLE01.wav,152,177.934512,177.934512,0.5921080000000245,0.041037,PERF-001_event_0152_PERF-001-CAND-0152.wav,C:\Users\vonje\Documents\4th Year Acts\Thesis\Latest Requirements\Thesis App\data_pipeline\data\event_review\candidate_event_clips\PERF-001\PERF-001_event_0152_PERF-001-CAND-0152.wav,yes,MEDIUM_STRONG,accepted_after_clip_review,Von Jethro E. Landicho,Accepted as usable candidate event; token assigned from IOI and normalized onset strength.,MEDIUM,STRONG,IOI tertile + onset-strength tertile; first event per recording uses START,yes,ensemble_event_review(3).csv
PERF-001-CAND-0153,PERF-001,PERF-001_SDNG_SNDG_Gangsa_ENSEMBLE01.wav,C:\Users\vonje\Documents\4th Year Acts\Thesis\Latest Requirements\Thesis App\data_pipeline\data\working_audio\ensembles\PERF-001_SDNG_SNDG_Gangsa_ENSEMBLE01.wav,153,179.768889,179.768889,1.8343769999999893,0.048244,PERF-001_event_0153_PERF-001-CAND-0153.wav,C:\Users\vonje\Documents\4th Year Acts\Thesis\Latest Requirements\Thesis App\data_pipeline\data\event_review\candidate_event_clips\PERF-001\PERF-001_event_0153_PERF-001-CAND-0153.wav,yes,LONG_STRONG,accepted_after_clip_review,Von Jethro E. Landicho,Accepted as usable candidate event; token assigned from IOI and normalized onset strength.,LONG,STRONG,IOI tertile + onset-strength tertile; first event per recording uses START,yes,ensemble_event_review(3).csv
PERF-001-CAND-0154,PERF-001,PERF-001_SDNG_SNDG_Gangsa_ENSEMBLE01.wav,C:\Users\vonje\Documents\4th Year Acts\Thesis\Latest Requirements\Thesis App\data_pipeline\data\working_audio\ensembles\PERF-001_SDNG_SNDG_Gangsa_ENSEMBLE01.wav,154,181.289796,181.289796,1.520906999999994,0.038373,PERF-001_event_0154_PERF-001-CAND-0154.wav,C:\Users\vonje\Documents\4th Year Acts\Thesis\Latest Requirements\Thesis App\data_pipeline\data\event_review\candidate_event_clips\PERF-001\PERF-001_event_0154_PERF-001-CAND-0154.wav,yes,LONG_STRONG,accepted_after_clip_review,Von Jethro E. Landicho,Accepted as usable candidate event; token assigned from IOI and normalized onset strength.,LONG,STRONG,IOI tertile + onset-strength tertile; first event per recording uses START,yes,ensemble_event_review(3).csv
PERF-001-CAND-0155,PERF-001,PERF-001_SDNG_SNDG_Gangsa_ENSEMBLE01.wav,C:\Users\vonje\Documents\4th Year Acts\Thesis\Latest Requirements\Thesis App\data_pipeline\data\working_audio\ensembles\PERF-001_SDNG_SNDG_Gangsa_ENSEMBLE01.wav,155,181.881905,181.881905,0.5921089999999936,0.039345,PERF-001_event_0155_PERF-001-CAND-0155.wav,C:\Users\vonje\Documents\4th Year Acts\Thesis\Latest Requirements\Thesis App\data_pipeline\data\event_review\candidate_event_clips\PERF-001\PERF-001_event_0155_PERF-001-CAND-0155.wav,yes,MEDIUM_STRONG,accepted_after_clip_review,Von Jethro E. Landicho,Accepted as usable candidate event; token assigned from IOI and normalized onset strength.,MEDIUM,STRONG,IOI tertile + onset-strength tertile; first event per recording uses START,yes,ensemble_event_review(3).csv
PERF-001-CAND-0156,PERF-001,PERF-001_SDNG_SNDG_Gangsa_ENSEMBLE01.wav,C:\Users\vonje\Documents\4th Year Acts\Thesis\Latest Requirements\Thesis App\data_pipeline\data\working_audio\ensembles\PERF-001_SDNG_SNDG_Gangsa_ENSEMBLE01.wav,156,183.112562,183.112562,1.2306570000000079,0.045451,PERF-001_event_0156_PERF-001-CAND-0156.wav,C:\Users\vonje\Documents\4th Year Acts\Thesis\Latest Requirements\Thesis App\data_pipeline\data\event_review\candidate_event_clips\PERF-001\PERF-001_event_0156_PERF-001-CAND-0156.wav,yes,LONG_STRONG,accepted_after_clip_review,Von Jethro E. Landicho,Accepted as usable candidate event; token assigned from IOI and normalized onset strength.,LONG,STRONG,IOI tertile + onset-strength tertile; first event per recording uses START,yes,ensemble_event_review(3).csv
PERF-001-CAND-0157,PERF-001,PERF-001_SDNG_SNDG_Gangsa_ENSEMBLE01.wav,C:\Users\vonje\Documents\4th Year Acts\Thesis\Latest Requirements\Thesis App\data_pipeline\data\working_audio\ensembles\PERF-001_SDNG_SNDG_Gangsa_ENSEMBLE01.wav,157,184.656689,184.656689,1.5441270000000031,0.033506,PERF-001_event_0157_PERF-001-CAND-0157.wav,C:\Users\vonje\Documents\4th Year Acts\Thesis\Latest Requirements\Thesis App\data_pipeline\data\event_review\candidate_event_clips\PERF-001\PERF-001_event_0157_PERF-001-CAND-0157.wav,yes,LONG_MEDIUM,accepted_after_clip_review,Von Jethro E. Landicho,Accepted as usable candidate event; token assigned from IOI and normalized onset strength.,LONG,MEDIUM,IOI tertile + onset-strength tertile; first event per recording uses START,yes,ensemble_event_review(3).csv
PERF-001-CAND-0158,PERF-001,PERF-001_SDNG_SNDG_Gangsa_ENSEMBLE01.wav,C:\Users\vonje\Documents\4th Year Acts\Thesis\Latest Requirements\Thesis App\data_pipeline\data\working_audio\ensembles\PERF-001_SDNG_SNDG_Gangsa_ENSEMBLE01.wav,158,184.958549,184.958549,0.3018600000000049,0.040428,PERF-001_event_0158_PERF-001-CAND-0158.wav,C:\Users\vonje\Documents\4th Year Acts\Thesis\Latest Requirements\Thesis App\data_pipeline\data\event_review\candidate_event_clips\PERF-001\PERF-001_event_0158_PERF-001-CAND-0158.wav,yes,SHORT_STRONG,accepted_after_clip_review,Von Jethro E. Landicho,Accepted as usable candidate event; token assigned from IOI and normalized onset strength.,SHORT,STRONG,IOI tertile + onset-strength tertile; first event per recording uses START,yes,ensemble_event_review(3).csv
PERF-001-CAND-0159,PERF-001,PERF-001_SDNG_SNDG_Gangsa_ENSEMBLE01.wav,C:\Users\vonje\Documents\4th Year Acts\Thesis\Latest Requirements\Thesis App\data_pipeline\data\working_audio\ensembles\PERF-001_SDNG_SNDG_Gangsa_ENSEMBLE01.wav,159,185.550658,185.550658,0.5921089999999936,0.019552,PERF-001_event_0159_PERF-001-CAND-0159.wav,C:\Users\vonje\Documents\4th Year Acts\Thesis\Latest Requirements\Thesis App\data_pipeline\data\event_review\candidate_event_clips\PERF-001\PERF-001_event_0159_PERF-001-CAND-0159.wav,yes,MEDIUM_WEAK,accepted_after_clip_review,Von Jethro E. Landicho,Accepted as usable candidate event; token assigned from IOI and normalized onset strength.,MEDIUM,WEAK,IOI tertile + onset-strength tertile; first event per recording uses START,yes,ensemble_event_review(3).csv
PERF-001-CAND-0160,PERF-001,PERF-001_SDNG_SNDG_Gangsa_ENSEMBLE01.wav,C:\Users\vonje\Documents\4th Year Acts\Thesis\Latest Requirements\Thesis App\data_pipeline\data\working_audio\ensembles\PERF-001_SDNG_SNDG_Gangsa_ENSEMBLE01.wav,160,186.781315,186.781315,1.2306570000000079,0.052279,PERF-001_event_0160_PERF-001-CAND-0160.wav,C:\Users\vonje\Documents\4th Year Acts\Thesis\Latest Requirements\Thesis App\data_pipeline\data\event_review\candidate_event_clips\PERF-001\PERF-001_event_0160_PERF-001-CAND-0160.wav,yes,LONG_STRONG,accepted_after_clip_review,Von Jethro E. Landicho,Accepted as usable candidate event; token assigned from IOI and normalized onset strength.,LONG,STRONG,IOI tertile + onset-strength tertile; first event per recording uses START,yes,ensemble_event_review(3).csv
PERF-001-CAND-0161,PERF-001,PERF-001_SDNG_SNDG_Gangsa_ENSEMBLE01.wav,C:\Users\vonje\Documents\4th Year Acts\Thesis\Latest Requirements\Thesis App\data_pipeline\data\working_audio\ensembles\PERF-001_SDNG_SNDG_Gangsa_ENSEMBLE01.wav,161,187.385034,187.385034,0.6037189999999839,0.034108,PERF-001_event_0161_PERF-001-CAND-0161.wav,C:\Users\vonje\Documents\4th Year Acts\Thesis\Latest Requirements\Thesis App\data_pipeline\data\event_review\candidate_event_clips\PERF-001\PERF-001_event_0161_PERF-001-CAND-0161.wav,yes,MEDIUM_MEDIUM,accepted_after_clip_review,Von Jethro E. Landicho,Accepted as usable candidate event; token assigned from IOI and normalized onset strength.,MEDIUM,MEDIUM,IOI tertile + onset-strength tertile; first event per recording uses START,yes,ensemble_event_review(3).csv
PERF-001-CAND-0162,PERF-001,PERF-001_SDNG_SNDG_Gangsa_ENSEMBLE01.wav,C:\Users\vonje\Documents\4th Year Acts\Thesis\Latest Requirements\Thesis App\data_pipeline\data\working_audio\ensembles\PERF-001_SDNG_SNDG_Gangsa_ENSEMBLE01.wav,162,188.000363,188.000363,0.6153290000000027,0.032654,PERF-001_event_0162_PERF-001-CAND-0162.wav,C:\Users\vonje\Documents\4th Year Acts\Thesis\Latest Requirements\Thesis App\data_pipeline\data\event_review\candidate_event_clips\PERF-001\PERF-001_event_0162_PERF-001-CAND-0162.wav,yes,MEDIUM_MEDIUM,accepted_after_clip_review,Von Jethro E. Landicho,Accepted as usable candidate event; token assigned from IOI and normalized onset strength.,MEDIUM,MEDIUM,IOI tertile + onset-strength tertile; first event per recording uses START,yes,ensemble_event_review(3).csv
PERF-001-CAND-0163,PERF-001,PERF-001_SDNG_SNDG_Gangsa_ENSEMBLE01.wav,C:\Users\vonje\Documents\4th Year Acts\Thesis\Latest Requirements\Thesis App\data_pipeline\data\working_audio\ensembles\PERF-001_SDNG_SNDG_Gangsa_ENSEMBLE01.wav,163,189.52127,189.52127,1.520906999999994,0.042669,PERF-001_event_0163_PERF-001-CAND-0163.wav,C:\Users\vonje\Documents\4th Year Acts\Thesis\Latest Requirements\Thesis App\data_pipeline\data\event_review\candidate_event_clips\PERF-001\PERF-001_event_0163_PERF-001-CAND-0163.wav,yes,LONG_STRONG,accepted_after_clip_review,Von Jethro E. Landicho,Accepted as usable candidate event; token assigned from IOI and normalized onset strength.,LONG,STRONG,IOI tertile + onset-strength tertile; first event per recording uses START,yes,ensemble_event_review(3).csv
PERF-001-CAND-0164,PERF-001,PERF-001_SDNG_SNDG_Gangsa_ENSEMBLE01.wav,C:\Users\vonje\Documents\4th Year Acts\Thesis\Latest Requirements\Thesis App\data_pipeline\data\working_audio\ensembles\PERF-001_SDNG_SNDG_Gangsa_ENSEMBLE01.wav,164,191.611066,191.611066,2.089796000000007,0.033204,PERF-001_event_0164_PERF-001-CAND-0164.wav,C:\Users\vonje\Documents\4th Year Acts\Thesis\Latest Requirements\Thesis App\data_pipeline\data\event_review\candidate_event_clips\PERF-001\PERF-001_event_0164_PERF-001-CAND-0164.wav,yes,LONG_MEDIUM,accepted_after_clip_review,Von Jethro E. Landicho,Accepted as usable candidate event; token assigned from IOI and normalized onset strength.,LONG,MEDIUM,IOI tertile + onset-strength tertile; first event per recording uses START,yes,ensemble_event_review(3).csv
PERF-001-CAND-0165,PERF-001,PERF-001_SDNG_SNDG_Gangsa_ENSEMBLE01.wav,C:\Users\vonje\Documents\4th Year Acts\Thesis\Latest Requirements\Thesis App\data_pipeline\data\working_audio\ensembles\PERF-001_SDNG_SNDG_Gangsa_ENSEMBLE01.wav,165,192.888163,192.888163,1.2770969999999977,0.046568,PERF-001_event_0165_PERF-001-CAND-0165.wav,C:\Users\vonje\Documents\4th Year Acts\Thesis\Latest Requirements\Thesis App\data_pipeline\data\event_review\candidate_event_clips\PERF-001\PERF-001_event_0165_PERF-001-CAND-0165.wav,yes,LONG_STRONG,accepted_after_clip_review,Von Jethro E. Landicho,Accepted as usable candidate event; token assigned from IOI and normalized onset strength.,LONG,STRONG,IOI tertile + onset-strength tertile; first event per recording uses START,yes,ensemble_event_review(3).csv
PERF-001-CAND-0166,PERF-001,PERF-001_SDNG_SNDG_Gangsa_ENSEMBLE01.wav,C:\Users\vonje\Documents\4th Year Acts\Thesis\Latest Requirements\Thesis App\data_pipeline\data\working_audio\ensembles\PERF-001_SDNG_SNDG_Gangsa_ENSEMBLE01.wav,166,194.095601,194.095601,1.2074379999999962,0.040238,PERF-001_event_0166_PERF-001-CAND-0166.wav,C:\Users\vonje\Documents\4th Year Acts\Thesis\Latest Requirements\Thesis App\data_pipeline\data\event_review\candidate_event_clips\PERF-001\PERF-001_event_0166_PERF-001-CAND-0166.wav,yes,LONG_STRONG,accepted_after_clip_review,Von Jethro E. Landicho,Accepted as usable candidate event; token assigned from IOI and normalized onset strength.,LONG,STRONG,IOI tertile + onset-strength tertile; first event per recording uses START,yes,ensemble_event_review(3).csv
PERF-001-CAND-0167,PERF-001,PERF-001_SDNG_SNDG_Gangsa_ENSEMBLE01.wav,C:\Users\vonje\Documents\4th Year Acts\Thesis\Latest Requirements\Thesis App\data_pipeline\data\working_audio\ensembles\PERF-001_SDNG_SNDG_Gangsa_ENSEMBLE01.wav,167,195.326259,195.326259,1.2306580000000054,0.03224,PERF-001_event_0167_PERF-001-CAND-0167.wav,C:\Users\vonje\Documents\4th Year Acts\Thesis\Latest Requirements\Thesis App\data_pipeline\data\event_review\candidate_event_clips\PERF-001\PERF-001_event_0167_PERF-001-CAND-0167.wav,yes,LONG_MEDIUM,accepted_after_clip_review,Von Jethro E. Landicho,Accepted as usable candidate event; token assigned from IOI and normalized onset strength.,LONG,MEDIUM,IOI tertile + onset-strength tertile; first event per recording uses START,yes,ensemble_event_review(3).csv
PERF-001-CAND-0168,PERF-001,PERF-001_SDNG_SNDG_Gangsa_ENSEMBLE01.wav,C:\Users\vonje\Documents\4th Year Acts\Thesis\Latest Requirements\Thesis App\data_pipeline\data\working_audio\ensembles\PERF-001_SDNG_SNDG_Gangsa_ENSEMBLE01.wav,168,195.953197,195.953197,0.6269379999999956,0.038496,PERF-001_event_0168_PERF-001-CAND-0168.wav,C:\Users\vonje\Documents\4th Year Acts\Thesis\Latest Requirements\Thesis App\data_pipeline\data\event_review\candidate_event_clips\PERF-001\PERF-001_event_0168_PERF-001-CAND-0168.wav,yes,MEDIUM_STRONG,accepted_after_clip_review,Von Jethro E. Landicho,Accepted as usable candidate event; token assigned from IOI and normalized onset strength.,MEDIUM,STRONG,IOI tertile + onset-strength tertile; first event per recording uses START,yes,ensemble_event_review(3).csv
PERF-001-CAND-0169,PERF-001,PERF-001_SDNG_SNDG_Gangsa_ENSEMBLE01.wav,C:\Users\vonje\Documents\4th Year Acts\Thesis\Latest Requirements\Thesis App\data_pipeline\data\working_audio\ensembles\PERF-001_SDNG_SNDG_Gangsa_ENSEMBLE01.wav,169,196.556916,196.556916,0.6037190000000123,0.041729,PERF-001_event_0169_PERF-001-CAND-0169.wav,C:\Users\vonje\Documents\4th Year Acts\Thesis\Latest Requirements\Thesis App\data_pipeline\data\event_review\candidate_event_clips\PERF-001\PERF-001_event_0169_PERF-001-CAND-0169.wav,yes,MEDIUM_STRONG,accepted_after_clip_review,Von Jethro E. Landicho,Accepted as usable candidate event; token assigned from IOI and normalized onset strength.,MEDIUM,STRONG,IOI tertile + onset-strength tertile; first event per recording uses START,yes,ensemble_event_review(3).csv
PERF-001-CAND-0170,PERF-001,PERF-001_SDNG_SNDG_Gangsa_ENSEMBLE01.wav,C:\Users\vonje\Documents\4th Year Acts\Thesis\Latest Requirements\Thesis App\data_pipeline\data\working_audio\ensembles\PERF-001_SDNG_SNDG_Gangsa_ENSEMBLE01.wav,170,197.172245,197.172245,0.6153290000000027,0.033717,PERF-001_event_0170_PERF-001-CAND-0170.wav,C:\Users\vonje\Documents\4th Year Acts\Thesis\Latest Requirements\Thesis App\data_pipeline\data\event_review\candidate_event_clips\PERF-001\PERF-001_event_0170_PERF-001-CAND-0170.wav,yes,MEDIUM_MEDIUM,accepted_after_clip_review,Von Jethro E. Landicho,Accepted as usable candidate event; token assigned from IOI and normalized onset strength.,MEDIUM,MEDIUM,IOI tertile + onset-strength tertile; first event per recording uses START,yes,ensemble_event_review(3).csv
PERF-001-CAND-0171,PERF-001,PERF-001_SDNG_SNDG_Gangsa_ENSEMBLE01.wav,C:\Users\vonje\Documents\4th Year Acts\Thesis\Latest Requirements\Thesis App\data_pipeline\data\working_audio\ensembles\PERF-001_SDNG_SNDG_Gangsa_ENSEMBLE01.wav,171,198.402902,198.402902,1.2306570000000079,0.027348,PERF-001_event_0171_PERF-001-CAND-0171.wav,C:\Users\vonje\Documents\4th Year Acts\Thesis\Latest Requirements\Thesis App\data_pipeline\data\event_review\candidate_event_clips\PERF-001\PERF-001_event_0171_PERF-001-CAND-0171.wav,yes,LONG_MEDIUM,accepted_after_clip_review,Von Jethro E. Landicho,Accepted as usable candidate event; token assigned from IOI and normalized onset strength.,LONG,MEDIUM,IOI tertile + onset-strength tertile; first event per recording uses START,yes,ensemble_event_review(3).csv
PERF-001-CAND-0172,PERF-001,PERF-001_SDNG_SNDG_Gangsa_ENSEMBLE01.wav,C:\Users\vonje\Documents\4th Year Acts\Thesis\Latest Requirements\Thesis App\data_pipeline\data\working_audio\ensembles\PERF-001_SDNG_SNDG_Gangsa_ENSEMBLE01.wav,172,199.006621,199.006621,0.6037189999999839,0.051155,PERF-001_event_0172_PERF-001-CAND-0172.wav,C:\Users\vonje\Documents\4th Year Acts\Thesis\Latest Requirements\Thesis App\data_pipeline\data\event_review\candidate_event_clips\PERF-001\PERF-001_event_0172_PERF-001-CAND-0172.wav,yes,MEDIUM_STRONG,accepted_after_clip_review,Von Jethro E. Landicho,Accepted as usable candidate event; token assigned from IOI and normalized onset strength.,MEDIUM,STRONG,IOI tertile + onset-strength tertile; first event per recording uses START,yes,ensemble_event_review(3).csv
PERF-001-CAND-0173,PERF-001,PERF-001_SDNG_SNDG_Gangsa_ENSEMBLE01.wav,C:\Users\vonje\Documents\4th Year Acts\Thesis\Latest Requirements\Thesis App\data_pipeline\data\working_audio\ensembles\PERF-001_SDNG_SNDG_Gangsa_ENSEMBLE01.wav,173,199.62195,199.62195,0.6153290000000027,0.034154,PERF-001_event_0173_PERF-001-CAND-0173.wav,C:\Users\vonje\Documents\4th Year Acts\Thesis\Latest Requirements\Thesis App\data_pipeline\data\event_review\candidate_event_clips\PERF-001\PERF-001_event_0173_PERF-001-CAND-0173.wav,yes,MEDIUM_MEDIUM,accepted_after_clip_review,Von Jethro E. Landicho,Accepted as usable candidate event; token assigned from IOI and normalized onset strength.,MEDIUM,MEDIUM,IOI tertile + onset-strength tertile; first event per recording uses START,yes,ensemble_event_review(3).csv
PERF-001-CAND-0174,PERF-001,PERF-001_SDNG_SNDG_Gangsa_ENSEMBLE01.wav,C:\Users\vonje\Documents\4th Year Acts\Thesis\Latest Requirements\Thesis App\data_pipeline\data\working_audio\ensembles\PERF-001_SDNG_SNDG_Gangsa_ENSEMBLE01.wav,174,200.260499,200.260499,0.6385490000000118,0.041247,PERF-001_event_0174_PERF-001-CAND-0174.wav,C:\Users\vonje\Documents\4th Year Acts\Thesis\Latest Requirements\Thesis App\data_pipeline\data\event_review\candidate_event_clips\PERF-001\PERF-001_event_0174_PERF-001-CAND-0174.wav,yes,MEDIUM_STRONG,accepted_after_clip_review,Von Jethro E. Landicho,Accepted as usable candidate event; token assigned from IOI and normalized onset strength.,MEDIUM,STRONG,IOI tertile + onset-strength tertile; first event per recording uses START,yes,ensemble_event_review(3).csv
PERF-001-CAND-0175,PERF-001,PERF-001_SDNG_SNDG_Gangsa_ENSEMBLE01.wav,C:\Users\vonje\Documents\4th Year Acts\Thesis\Latest Requirements\Thesis App\data_pipeline\data\working_audio\ensembles\PERF-001_SDNG_SNDG_Gangsa_ENSEMBLE01.wav,175,200.875828,200.875828,0.6153290000000027,0.03978,PERF-001_event_0175_PERF-001-CAND-0175.wav,C:\Users\vonje\Documents\4th Year Acts\Thesis\Latest Requirements\Thesis App\data_pipeline\data\event_review\candidate_event_clips\PERF-001\PERF-001_event_0175_PERF-001-CAND-0175.wav,yes,MEDIUM_STRONG,accepted_after_clip_review,Von Jethro E. Landicho,Accepted as usable candidate event; token assigned from IOI and normalized onset strength.,MEDIUM,STRONG,IOI tertile + onset-strength tertile; first event per recording uses START,yes,ensemble_event_review(3).csv
PERF-001-CAND-0176,PERF-001,PERF-001_SDNG_SNDG_Gangsa_ENSEMBLE01.wav,C:\Users\vonje\Documents\4th Year Acts\Thesis\Latest Requirements\Thesis App\data_pipeline\data\working_audio\ensembles\PERF-001_SDNG_SNDG_Gangsa_ENSEMBLE01.wav,176,201.479546,201.479546,0.6037179999999864,0.046912,PERF-001_event_0176_PERF-001-CAND-0176.wav,C:\Users\vonje\Documents\4th Year Acts\Thesis\Latest Requirements\Thesis App\data_pipeline\data\event_review\candidate_event_clips\PERF-001\PERF-001_event_0176_PERF-001-CAND-0176.wav,yes,MEDIUM_STRONG,accepted_after_clip_review,Von Jethro E. Landicho,Accepted as usable candidate event; token assigned from IOI and normalized onset strength.,MEDIUM,STRONG,IOI tertile + onset-strength tertile; first event per recording uses START,yes,ensemble_event_review(3).csv
PERF-001-CAND-0177,PERF-001,PERF-001_SDNG_SNDG_Gangsa_ENSEMBLE01.wav,C:\Users\vonje\Documents\4th Year Acts\Thesis\Latest Requirements\Thesis App\data_pipeline\data\working_audio\ensembles\PERF-001_SDNG_SNDG_Gangsa_ENSEMBLE01.wav,177,202.106485,202.106485,0.626938999999993,0.041573,PERF-001_event_0177_PERF-001-CAND-0177.wav,C:\Users\vonje\Documents\4th Year Acts\Thesis\Latest Requirements\Thesis App\data_pipeline\data\event_review\candidate_event_clips\PERF-001\PERF-001_event_0177_PERF-001-CAND-0177.wav,yes,MEDIUM_STRONG,accepted_after_clip_review,Von Jethro E. Landicho,Accepted as usable candidate event; token assigned from IOI and normalized onset strength.,MEDIUM,STRONG,IOI tertile + onset-strength tertile; first event per recording uses START,yes,ensemble_event_review(3).csv
PERF-001-CAND-0178,PERF-001,PERF-001_SDNG_SNDG_Gangsa_ENSEMBLE01.wav,C:\Users\vonje\Documents\4th Year Acts\Thesis\Latest Requirements\Thesis App\data_pipeline\data\working_audio\ensembles\PERF-001_SDNG_SNDG_Gangsa_ENSEMBLE01.wav,178,202.721814,202.721814,0.6153290000000027,0.056427,PERF-001_event_0178_PERF-001-CAND-0178.wav,C:\Users\vonje\Documents\4th Year Acts\Thesis\Latest Requirements\Thesis App\data_pipeline\data\event_review\candidate_event_clips\PERF-001\PERF-001_event_0178_PERF-001-CAND-0178.wav,yes,MEDIUM_STRONG,accepted_after_clip_review,Von Jethro E. Landicho,Accepted as usable candidate event; token assigned from IOI and normalized onset strength.,MEDIUM,STRONG,IOI tertile + onset-strength tertile; first event per recording uses START,yes,ensemble_event_review(3).csv
PERF-001-CAND-0179,PERF-001,PERF-001_SDNG_SNDG_Gangsa_ENSEMBLE01.wav,C:\Users\vonje\Documents\4th Year Acts\Thesis\Latest Requirements\Thesis App\data_pipeline\data\working_audio\ensembles\PERF-001_SDNG_SNDG_Gangsa_ENSEMBLE01.wav,179,203.313923,203.313923,0.5921089999999936,0.027506,PERF-001_event_0179_PERF-001-CAND-0179.wav,C:\Users\vonje\Documents\4th Year Acts\Thesis\Latest Requirements\Thesis App\data_pipeline\data\event_review\candidate_event_clips\PERF-001\PERF-001_event_0179_PERF-001-CAND-0179.wav,yes,MEDIUM_MEDIUM,accepted_after_clip_review,Von Jethro E. Landicho,Accepted as usable candidate event; token assigned from IOI and normalized onset strength.,MEDIUM,MEDIUM,IOI tertile + onset-strength tertile; first event per recording uses START,yes,ensemble_event_review(3).csv
PERF-001-CAND-0180,PERF-001,PERF-001_SDNG_SNDG_Gangsa_ENSEMBLE01.wav,C:\Users\vonje\Documents\4th Year Acts\Thesis\Latest Requirements\Thesis App\data_pipeline\data\working_audio\ensembles\PERF-001_SDNG_SNDG_Gangsa_ENSEMBLE01.wav,180,203.952472,203.952472,0.6385490000000118,0.047529,PERF-001_event_0180_PERF-001-CAND-0180.wav,C:\Users\vonje\Documents\4th Year Acts\Thesis\Latest Requirements\Thesis App\data_pipeline\data\event_review\candidate_event_clips\PERF-001\PERF-001_event_0180_PERF-001-CAND-0180.wav,yes,MEDIUM_STRONG,accepted_after_clip_review,Von Jethro E. Landicho,Accepted as usable candidate event; token assigned from IOI and normalized onset strength.,MEDIUM,STRONG,IOI tertile + onset-strength tertile; first event per recording uses START,yes,ensemble_event_review(3).csv
PERF-001-CAND-0181,PERF-001,PERF-001_SDNG_SNDG_Gangsa_ENSEMBLE01.wav,C:\Users\vonje\Documents\4th Year Acts\Thesis\Latest Requirements\Thesis App\data_pipeline\data\working_audio\ensembles\PERF-001_SDNG_SNDG_Gangsa_ENSEMBLE01.wav,181,204.57941,204.57941,0.6269379999999956,0.066305,PERF-001_event_0181_PERF-001-CAND-0181.wav,C:\Users\vonje\Documents\4th Year Acts\Thesis\Latest Requirements\Thesis App\data_pipeline\data\event_review\candidate_event_clips\PERF-001\PERF-001_event_0181_PERF-001-CAND-0181.wav,yes,MEDIUM_STRONG,accepted_after_clip_review,Von Jethro E. Landicho,Accepted as usable candidate event; token assigned from IOI and normalized onset strength.,MEDIUM,STRONG,IOI tertile + onset-strength tertile; first event per recording uses START,yes,ensemble_event_review(3).csv
PERF-001-CAND-0182,PERF-001,PERF-001_SDNG_SNDG_Gangsa_ENSEMBLE01.wav,C:\Users\vonje\Documents\4th Year Acts\Thesis\Latest Requirements\Thesis App\data_pipeline\data\working_audio\ensembles\PERF-001_SDNG_SNDG_Gangsa_ENSEMBLE01.wav,182,205.798458,205.798458,1.219048000000015,0.036266,PERF-001_event_0182_PERF-001-CAND-0182.wav,C:\Users\vonje\Documents\4th Year Acts\Thesis\Latest Requirements\Thesis App\data_pipeline\data\event_review\candidate_event_clips\PERF-001\PERF-001_event_0182_PERF-001-CAND-0182.wav,yes,LONG_STRONG,accepted_after_clip_review,Von Jethro E. Landicho,Accepted as usable candidate event; token assigned from IOI and normalized onset strength.,LONG,STRONG,IOI tertile + onset-strength tertile; first event per recording uses START,yes,ensemble_event_review(3).csv
PERF-001-CAND-0183,PERF-001,PERF-001_SDNG_SNDG_Gangsa_ENSEMBLE01.wav,C:\Users\vonje\Documents\4th Year Acts\Thesis\Latest Requirements\Thesis App\data_pipeline\data\working_audio\ensembles\PERF-001_SDNG_SNDG_Gangsa_ENSEMBLE01.wav,183,207.029116,207.029116,1.230657999999977,0.034985,PERF-001_event_0183_PERF-001-CAND-0183.wav,C:\Users\vonje\Documents\4th Year Acts\Thesis\Latest Requirements\Thesis App\data_pipeline\data\event_review\candidate_event_clips\PERF-001\PERF-001_event_0183_PERF-001-CAND-0183.wav,yes,LONG_MEDIUM,accepted_after_clip_review,Von Jethro E. Landicho,Accepted as usable candidate event; token assigned from IOI and normalized onset strength.,LONG,MEDIUM,IOI tertile + onset-strength tertile; first event per recording uses START,yes,ensemble_event_review(3).csv
PERF-001-CAND-0184,PERF-001,PERF-001_SDNG_SNDG_Gangsa_ENSEMBLE01.wav,C:\Users\vonje\Documents\4th Year Acts\Thesis\Latest Requirements\Thesis App\data_pipeline\data\working_audio\ensembles\PERF-001_SDNG_SNDG_Gangsa_ENSEMBLE01.wav,184,208.282993,208.282993,1.253877000000017,0.032742,PERF-001_event_0184_PERF-001-CAND-0184.wav,C:\Users\vonje\Documents\4th Year Acts\Thesis\Latest Requirements\Thesis App\data_pipeline\data\event_review\candidate_event_clips\PERF-001\PERF-001_event_0184_PERF-001-CAND-0184.wav,yes,LONG_MEDIUM,accepted_after_clip_review,Von Jethro E. Landicho,Accepted as usable candidate event; token assigned from IOI and normalized onset strength.,LONG,MEDIUM,IOI tertile + onset-strength tertile; first event per recording uses START,yes,ensemble_event_review(3).csv
PERF-001-CAND-0185,PERF-001,PERF-001_SDNG_SNDG_Gangsa_ENSEMBLE01.wav,C:\Users\vonje\Documents\4th Year Acts\Thesis\Latest Requirements\Thesis App\data_pipeline\data\working_audio\ensembles\PERF-001_SDNG_SNDG_Gangsa_ENSEMBLE01.wav,185,208.909932,208.909932,0.626938999999993,0.039242,PERF-001_event_0185_PERF-001-CAND-0185.wav,C:\Users\vonje\Documents\4th Year Acts\Thesis\Latest Requirements\Thesis App\data_pipeline\data\event_review\candidate_event_clips\PERF-001\PERF-001_event_0185_PERF-001-CAND-0185.wav,yes,MEDIUM_STRONG,accepted_after_clip_review,Von Jethro E. Landicho,Accepted as usable candidate event; token assigned from IOI and normalized onset strength.,MEDIUM,STRONG,IOI tertile + onset-strength tertile; first event per recording uses START,yes,ensemble_event_review(3).csv
PERF-001-CAND-0186,PERF-001,PERF-001_SDNG_SNDG_Gangsa_ENSEMBLE01.wav,C:\Users\vonje\Documents\4th Year Acts\Thesis\Latest Requirements\Thesis App\data_pipeline\data\working_audio\ensembles\PERF-001_SDNG_SNDG_Gangsa_ENSEMBLE01.wav,186,209.513651,209.513651,0.6037190000000123,0.045766,PERF-001_event_0186_PERF-001-CAND-0186.wav,C:\Users\vonje\Documents\4th Year Acts\Thesis\Latest Requirements\Thesis App\data_pipeline\data\event_review\candidate_event_clips\PERF-001\PERF-001_event_0186_PERF-001-CAND-0186.wav,yes,MEDIUM_STRONG,accepted_after_clip_review,Von Jethro E. Landicho,Accepted as usable candidate event; token assigned from IOI and normalized onset strength.,MEDIUM,STRONG,IOI tertile + onset-strength tertile; first event per recording uses START,yes,ensemble_event_review(3).csv
PERF-001-CAND-0187,PERF-001,PERF-001_SDNG_SNDG_Gangsa_ENSEMBLE01.wav,C:\Users\vonje\Documents\4th Year Acts\Thesis\Latest Requirements\Thesis App\data_pipeline\data\working_audio\ensembles\PERF-001_SDNG_SNDG_Gangsa_ENSEMBLE01.wav,187,210.14059,210.14059,0.626938999999993,0.026882,PERF-001_event_0187_PERF-001-CAND-0187.wav,C:\Users\vonje\Documents\4th Year Acts\Thesis\Latest Requirements\Thesis App\data_pipeline\data\event_review\candidate_event_clips\PERF-001\PERF-001_event_0187_PERF-001-CAND-0187.wav,yes,MEDIUM_WEAK,accepted_after_clip_review,Von Jethro E. Landicho,Accepted as usable candidate event; token assigned from IOI and normalized onset strength.,MEDIUM,WEAK,IOI tertile + onset-strength tertile; first event per recording uses START,yes,ensemble_event_review(3).csv
PERF-001-CAND-0188,PERF-001,PERF-001_SDNG_SNDG_Gangsa_ENSEMBLE01.wav,C:\Users\vonje\Documents\4th Year Acts\Thesis\Latest Requirements\Thesis App\data_pipeline\data\working_audio\ensembles\PERF-001_SDNG_SNDG_Gangsa_ENSEMBLE01.wav,188,211.080998,211.080998,0.9404079999999908,0.031033,PERF-001_event_0188_PERF-001-CAND-0188.wav,C:\Users\vonje\Documents\4th Year Acts\Thesis\Latest Requirements\Thesis App\data_pipeline\data\event_review\candidate_event_clips\PERF-001\PERF-001_event_0188_PERF-001-CAND-0188.wav,yes,MEDIUM_MEDIUM,accepted_after_clip_review,Von Jethro E. Landicho,Accepted as usable candidate event; token assigned from IOI and normalized onset strength.,MEDIUM,MEDIUM,IOI tertile + onset-strength tertile; first event per recording uses START,yes,ensemble_event_review(3).csv
PERF-001-CAND-0189,PERF-001,PERF-001_SDNG_SNDG_Gangsa_ENSEMBLE01.wav,C:\Users\vonje\Documents\4th Year Acts\Thesis\Latest Requirements\Thesis App\data_pipeline\data\working_audio\ensembles\PERF-001_SDNG_SNDG_Gangsa_ENSEMBLE01.wav,189,212.567075,212.567075,1.4860769999999945,0.02186,PERF-001_event_0189_PERF-001-CAND-0189.wav,C:\Users\vonje\Documents\4th Year Acts\Thesis\Latest Requirements\Thesis App\data_pipeline\data\event_review\candidate_event_clips\PERF-001\PERF-001_event_0189_PERF-001-CAND-0189.wav,yes,LONG_WEAK,accepted_after_clip_review,Von Jethro E. Landicho,Accepted as usable candidate event; token assigned from IOI and normalized onset strength.,LONG,WEAK,IOI tertile + onset-strength tertile; first event per recording uses START,yes,ensemble_event_review(3).csv
PERF-001-CAND-0190,PERF-001,PERF-001_SDNG_SNDG_Gangsa_ENSEMBLE01.wav,C:\Users\vonje\Documents\4th Year Acts\Thesis\Latest Requirements\Thesis App\data_pipeline\data\working_audio\ensembles\PERF-001_SDNG_SNDG_Gangsa_ENSEMBLE01.wav,190,213.194014,213.194014,0.6269390000000215,0.02631,PERF-001_event_0190_PERF-001-CAND-0190.wav,C:\Users\vonje\Documents\4th Year Acts\Thesis\Latest Requirements\Thesis App\data_pipeline\data\event_review\candidate_event_clips\PERF-001\PERF-001_event_0190_PERF-001-CAND-0190.wav,yes,MEDIUM_WEAK,accepted_after_clip_review,Von Jethro E. Landicho,Accepted as usable candidate event; token assigned from IOI and normalized onset strength.,MEDIUM,WEAK,IOI tertile + onset-strength tertile; first event per recording uses START,yes,ensemble_event_review(3).csv
PERF-001-CAND-0191,PERF-001,PERF-001_SDNG_SNDG_Gangsa_ENSEMBLE01.wav,C:\Users\vonje\Documents\4th Year Acts\Thesis\Latest Requirements\Thesis App\data_pipeline\data\working_audio\ensembles\PERF-001_SDNG_SNDG_Gangsa_ENSEMBLE01.wav,191,213.809342,213.809342,0.6153279999999768,0.038271,PERF-001_event_0191_PERF-001-CAND-0191.wav,C:\Users\vonje\Documents\4th Year Acts\Thesis\Latest Requirements\Thesis App\data_pipeline\data\event_review\candidate_event_clips\PERF-001\PERF-001_event_0191_PERF-001-CAND-0191.wav,yes,MEDIUM_STRONG,accepted_after_clip_review,Von Jethro E. Landicho,Accepted as usable candidate event; token assigned from IOI and normalized onset strength.,MEDIUM,STRONG,IOI tertile + onset-strength tertile; first event per recording uses START,yes,ensemble_event_review(3).csv
PERF-001-CAND-0192,PERF-001,PERF-001_SDNG_SNDG_Gangsa_ENSEMBLE01.wav,C:\Users\vonje\Documents\4th Year Acts\Thesis\Latest Requirements\Thesis App\data_pipeline\data\working_audio\ensembles\PERF-001_SDNG_SNDG_Gangsa_ENSEMBLE01.wav,192,215.04,215.04,1.2306580000000054,0.031716,PERF-001_event_0192_PERF-001-CAND-0192.wav,C:\Users\vonje\Documents\4th Year Acts\Thesis\Latest Requirements\Thesis App\data_pipeline\data\event_review\candidate_event_clips\PERF-001\PERF-001_event_0192_PERF-001-CAND-0192.wav,yes,LONG_MEDIUM,accepted_after_clip_review,Von Jethro E. Landicho,Accepted as usable candidate event; token assigned from IOI and normalized onset strength.,LONG,MEDIUM,IOI tertile + onset-strength tertile; first event per recording uses START,yes,ensemble_event_review(3).csv
PERF-001-CAND-0193,PERF-001,PERF-001_SDNG_SNDG_Gangsa_ENSEMBLE01.wav,C:\Users\vonje\Documents\4th Year Acts\Thesis\Latest Requirements\Thesis App\data_pipeline\data\working_audio\ensembles\PERF-001_SDNG_SNDG_Gangsa_ENSEMBLE01.wav,193,216.259048,216.259048,1.219048000000015,0.027626,PERF-001_event_0193_PERF-001-CAND-0193.wav,C:\Users\vonje\Documents\4th Year Acts\Thesis\Latest Requirements\Thesis App\data_pipeline\data\event_review\candidate_event_clips\PERF-001\PERF-001_event_0193_PERF-001-CAND-0193.wav,yes,LONG_MEDIUM,accepted_after_clip_review,Von Jethro E. Landicho,Accepted as usable candidate event; token assigned from IOI and normalized onset strength.,LONG,MEDIUM,IOI tertile + onset-strength tertile; first event per recording uses START,yes,ensemble_event_review(3).csv
PERF-001-CAND-0194,PERF-001,PERF-001_SDNG_SNDG_Gangsa_ENSEMBLE01.wav,C:\Users\vonje\Documents\4th Year Acts\Thesis\Latest Requirements\Thesis App\data_pipeline\data\working_audio\ensembles\PERF-001_SDNG_SNDG_Gangsa_ENSEMBLE01.wav,194,217.489705,217.489705,1.2306569999999795,0.036548,PERF-001_event_0194_PERF-001-CAND-0194.wav,C:\Users\vonje\Documents\4th Year Acts\Thesis\Latest Requirements\Thesis App\data_pipeline\data\event_review\candidate_event_clips\PERF-001\PERF-001_event_0194_PERF-001-CAND-0194.wav,yes,LONG_STRONG,accepted_after_clip_review,Von Jethro E. Landicho,Accepted as usable candidate event; token assigned from IOI and normalized onset strength.,LONG,STRONG,IOI tertile + onset-strength tertile; first event per recording uses START,yes,ensemble_event_review(3).csv
PERF-001-CAND-0195,PERF-001,PERF-001_SDNG_SNDG_Gangsa_ENSEMBLE01.wav,C:\Users\vonje\Documents\4th Year Acts\Thesis\Latest Requirements\Thesis App\data_pipeline\data\working_audio\ensembles\PERF-001_SDNG_SNDG_Gangsa_ENSEMBLE01.wav,195,218.128254,218.128254,0.6385490000000118,0.040232,PERF-001_event_0195_PERF-001-CAND-0195.wav,C:\Users\vonje\Documents\4th Year Acts\Thesis\Latest Requirements\Thesis App\data_pipeline\data\event_review\candidate_event_clips\PERF-001\PERF-001_event_0195_PERF-001-CAND-0195.wav,yes,MEDIUM_STRONG,accepted_after_clip_review,Von Jethro E. Landicho,Accepted as usable candidate event; token assigned from IOI and normalized onset strength.,MEDIUM,STRONG,IOI tertile + onset-strength tertile; first event per recording uses START,yes,ensemble_event_review(3).csv
PERF-001-CAND-0196,PERF-001,PERF-001_SDNG_SNDG_Gangsa_ENSEMBLE01.wav,C:\Users\vonje\Documents\4th Year Acts\Thesis\Latest Requirements\Thesis App\data_pipeline\data\working_audio\ensembles\PERF-001_SDNG_SNDG_Gangsa_ENSEMBLE01.wav,196,219.358912,219.358912,1.2306580000000054,0.046119,PERF-001_event_0196_PERF-001-CAND-0196.wav,C:\Users\vonje\Documents\4th Year Acts\Thesis\Latest Requirements\Thesis App\data_pipeline\data\event_review\candidate_event_clips\PERF-001\PERF-001_event_0196_PERF-001-CAND-0196.wav,yes,LONG_STRONG,accepted_after_clip_review,Von Jethro E. Landicho,Accepted as usable candidate event; token assigned from IOI and normalized onset strength.,LONG,STRONG,IOI tertile + onset-strength tertile; first event per recording uses START,yes,ensemble_event_review(3).csv
PERF-001-CAND-0197,PERF-001,PERF-001_SDNG_SNDG_Gangsa_ENSEMBLE01.wav,C:\Users\vonje\Documents\4th Year Acts\Thesis\Latest Requirements\Thesis App\data_pipeline\data\working_audio\ensembles\PERF-001_SDNG_SNDG_Gangsa_ENSEMBLE01.wav,197,219.97424,219.97424,0.6153280000000052,0.043912,PERF-001_event_0197_PERF-001-CAND-0197.wav,C:\Users\vonje\Documents\4th Year Acts\Thesis\Latest Requirements\Thesis App\data_pipeline\data\event_review\candidate_event_clips\PERF-001\PERF-001_event_0197_PERF-001-CAND-0197.wav,yes,MEDIUM_STRONG,accepted_after_clip_review,Von Jethro E. Landicho,Accepted as usable candidate event; token assigned from IOI and normalized onset strength.,MEDIUM,STRONG,IOI tertile + onset-strength tertile; first event per recording uses START,yes,ensemble_event_review(3).csv
PERF-001-CAND-0198,PERF-001,PERF-001_SDNG_SNDG_Gangsa_ENSEMBLE01.wav,C:\Users\vonje\Documents\4th Year Acts\Thesis\Latest Requirements\Thesis App\data_pipeline\data\working_audio\ensembles\PERF-001_SDNG_SNDG_Gangsa_ENSEMBLE01.wav,198,220.577959,220.577959,0.6037189999999839,0.040235,PERF-001_event_0198_PERF-001-CAND-0198.wav,C:\Users\vonje\Documents\4th Year Acts\Thesis\Latest Requirements\Thesis App\data_pipeline\data\event_review\candidate_event_clips\PERF-001\PERF-001_event_0198_PERF-001-CAND-0198.wav,yes,MEDIUM_STRONG,accepted_after_clip_review,Von Jethro E. Landicho,Accepted as usable candidate event; token assigned from IOI and normalized onset strength.,MEDIUM,STRONG,IOI tertile + onset-strength tertile; first event per recording uses START,yes,ensemble_event_review(3).csv
PERF-001-CAND-0199,PERF-001,PERF-001_SDNG_SNDG_Gangsa_ENSEMBLE01.wav,C:\Users\vonje\Documents\4th Year Acts\Thesis\Latest Requirements\Thesis App\data_pipeline\data\working_audio\ensembles\PERF-001_SDNG_SNDG_Gangsa_ENSEMBLE01.wav,199,221.820227,221.820227,1.2422679999999957,0.030774,PERF-001_event_0199_PERF-001-CAND-0199.wav,C:\Users\vonje\Documents\4th Year Acts\Thesis\Latest Requirements\Thesis App\data_pipeline\data\event_review\candidate_event_clips\PERF-001\PERF-001_event_0199_PERF-001-CAND-0199.wav,yes,LONG_MEDIUM,accepted_after_clip_review,Von Jethro E. Landicho,Accepted as usable candidate event; token assigned from IOI and normalized onset strength.,LONG,MEDIUM,IOI tertile + onset-strength tertile; first event per recording uses START,yes,ensemble_event_review(3).csv
PERF-001-CAND-0200,PERF-001,PERF-001_SDNG_SNDG_Gangsa_ENSEMBLE01.wav,C:\Users\vonje\Documents\4th Year Acts\Thesis\Latest Requirements\Thesis App\data_pipeline\data\working_audio\ensembles\PERF-001_SDNG_SNDG_Gangsa_ENSEMBLE01.wav,200,223.050884,223.050884,1.2306570000000079,0.029392,PERF-001_event_0200_PERF-001-CAND-0200.wav,C:\Users\vonje\Documents\4th Year Acts\Thesis\Latest Requirements\Thesis App\data_pipeline\data\event_review\candidate_event_clips\PERF-001\PERF-001_event_0200_PERF-001-CAND-0200.wav,yes,LONG_MEDIUM,accepted_after_clip_review,Von Jethro E. Landicho,Accepted as usable candidate event; token assigned from IOI and normalized onset strength.,LONG,MEDIUM,IOI tertile + onset-strength tertile; first event per recording uses START,yes,ensemble_event_review(3).csv
PERF-001-CAND-0201,PERF-001,PERF-001_SDNG_SNDG_Gangsa_ENSEMBLE01.wav,C:\Users\vonje\Documents\4th Year Acts\Thesis\Latest Requirements\Thesis App\data_pipeline\data\working_audio\ensembles\PERF-001_SDNG_SNDG_Gangsa_ENSEMBLE01.wav,201,223.689433,223.689433,0.6385490000000118,0.046212,PERF-001_event_0201_PERF-001-CAND-0201.wav,C:\Users\vonje\Documents\4th Year Acts\Thesis\Latest Requirements\Thesis App\data_pipeline\data\event_review\candidate_event_clips\PERF-001\PERF-001_event_0201_PERF-001-CAND-0201.wav,yes,MEDIUM_STRONG,accepted_after_clip_review,Von Jethro E. Landicho,Accepted as usable candidate event; token assigned from IOI and normalized onset strength.,MEDIUM,STRONG,IOI tertile + onset-strength tertile; first event per recording uses START,yes,ensemble_event_review(3).csv
PERF-001-CAND-0202,PERF-001,PERF-001_SDNG_SNDG_Gangsa_ENSEMBLE01.wav,C:\Users\vonje\Documents\4th Year Acts\Thesis\Latest Requirements\Thesis App\data_pipeline\data\working_audio\ensembles\PERF-001_SDNG_SNDG_Gangsa_ENSEMBLE01.wav,202,224.293152,224.293152,0.6037189999999839,0.040107,PERF-001_event_0202_PERF-001-CAND-0202.wav,C:\Users\vonje\Documents\4th Year Acts\Thesis\Latest Requirements\Thesis App\data_pipeline\data\event_review\candidate_event_clips\PERF-001\PERF-001_event_0202_PERF-001-CAND-0202.wav,yes,MEDIUM_STRONG,accepted_after_clip_review,Von Jethro E. Landicho,Accepted as usable candidate event; token assigned from IOI and normalized onset strength.,MEDIUM,STRONG,IOI tertile + onset-strength tertile; first event per recording uses START,yes,ensemble_event_review(3).csv
PERF-001-CAND-0203,PERF-001,PERF-001_SDNG_SNDG_Gangsa_ENSEMBLE01.wav,C:\Users\vonje\Documents\4th Year Acts\Thesis\Latest Requirements\Thesis App\data_pipeline\data\working_audio\ensembles\PERF-001_SDNG_SNDG_Gangsa_ENSEMBLE01.wav,203,226.777687,226.777687,2.484534999999994,0.056477,PERF-001_event_0203_PERF-001-CAND-0203.wav,C:\Users\vonje\Documents\4th Year Acts\Thesis\Latest Requirements\Thesis App\data_pipeline\data\event_review\candidate_event_clips\PERF-001\PERF-001_event_0203_PERF-001-CAND-0203.wav,yes,LONG_STRONG,accepted_after_clip_review,Von Jethro E. Landicho,Accepted as usable candidate event; token assigned from IOI and normalized onset strength.,LONG,STRONG,IOI tertile + onset-strength tertile; first event per recording uses START,yes,ensemble_event_review(3).csv
PERF-001-CAND-0204,PERF-001,PERF-001_SDNG_SNDG_Gangsa_ENSEMBLE01.wav,C:\Users\vonje\Documents\4th Year Acts\Thesis\Latest Requirements\Thesis App\data_pipeline\data\working_audio\ensembles\PERF-001_SDNG_SNDG_Gangsa_ENSEMBLE01.wav,204,228.019955,228.019955,1.2422680000000241,0.047623,PERF-001_event_0204_PERF-001-CAND-0204.wav,C:\Users\vonje\Documents\4th Year Acts\Thesis\Latest Requirements\Thesis App\data_pipeline\data\event_review\candidate_event_clips\PERF-001\PERF-001_event_0204_PERF-001-CAND-0204.wav,yes,LONG_STRONG,accepted_after_clip_review,Von Jethro E. Landicho,Accepted as usable candidate event; token assigned from IOI and normalized onset strength.,LONG,STRONG,IOI tertile + onset-strength tertile; first event per recording uses START,yes,ensemble_event_review(3).csv
PERF-001-CAND-0205,PERF-001,PERF-001_SDNG_SNDG_Gangsa_ENSEMBLE01.wav,C:\Users\vonje\Documents\4th Year Acts\Thesis\Latest Requirements\Thesis App\data_pipeline\data\working_audio\ensembles\PERF-001_SDNG_SNDG_Gangsa_ENSEMBLE01.wav,205,230.45805,230.45805,2.4380949999999757,0.042515,PERF-001_event_0205_PERF-001-CAND-0205.wav,C:\Users\vonje\Documents\4th Year Acts\Thesis\Latest Requirements\Thesis App\data_pipeline\data\event_review\candidate_event_clips\PERF-001\PERF-001_event_0205_PERF-001-CAND-0205.wav,yes,LONG_STRONG,accepted_after_clip_review,Von Jethro E. Landicho,Accepted as usable candidate event; token assigned from IOI and normalized onset strength.,LONG,STRONG,IOI tertile + onset-strength tertile; first event per recording uses START,yes,ensemble_event_review(3).csv
PERF-001-CAND-0206,PERF-001,PERF-001_SDNG_SNDG_Gangsa_ENSEMBLE01.wav,C:\Users\vonje\Documents\4th Year Acts\Thesis\Latest Requirements\Thesis App\data_pipeline\data\working_audio\ensembles\PERF-001_SDNG_SNDG_Gangsa_ENSEMBLE01.wav,206,231.700317,231.700317,1.2422670000000267,0.035825,PERF-001_event_0206_PERF-001-CAND-0206.wav,C:\Users\vonje\Documents\4th Year Acts\Thesis\Latest Requirements\Thesis App\data_pipeline\data\event_review\candidate_event_clips\PERF-001\PERF-001_event_0206_PERF-001-CAND-0206.wav,yes,LONG_MEDIUM,accepted_after_clip_review,Von Jethro E. Landicho,Accepted as usable candidate event; token assigned from IOI and normalized onset strength.,LONG,MEDIUM,IOI tertile + onset-strength tertile; first event per recording uses START,yes,ensemble_event_review(3).csv
PERF-001-CAND-0207,PERF-001,PERF-001_SDNG_SNDG_Gangsa_ENSEMBLE01.wav,C:\Users\vonje\Documents\4th Year Acts\Thesis\Latest Requirements\Thesis App\data_pipeline\data\working_audio\ensembles\PERF-001_SDNG_SNDG_Gangsa_ENSEMBLE01.wav,207,234.776961,234.776961,3.0766439999999875,0.038642,PERF-001_event_0207_PERF-001-CAND-0207.wav,C:\Users\vonje\Documents\4th Year Acts\Thesis\Latest Requirements\Thesis App\data_pipeline\data\event_review\candidate_event_clips\PERF-001\PERF-001_event_0207_PERF-001-CAND-0207.wav,yes,LONG_STRONG,accepted_after_clip_review,Von Jethro E. Landicho,Accepted as usable candidate event; token assigned from IOI and normalized onset strength.,LONG,STRONG,IOI tertile + onset-strength tertile; first event per recording uses START,yes,ensemble_event_review(3).csv
PERF-001-CAND-0208,PERF-001,PERF-001_SDNG_SNDG_Gangsa_ENSEMBLE01.wav,C:\Users\vonje\Documents\4th Year Acts\Thesis\Latest Requirements\Thesis App\data_pipeline\data\working_audio\ensembles\PERF-001_SDNG_SNDG_Gangsa_ENSEMBLE01.wav,208,235.39229,235.39229,0.6153290000000027,0.046464,PERF-001_event_0208_PERF-001-CAND-0208.wav,C:\Users\vonje\Documents\4th Year Acts\Thesis\Latest Requirements\Thesis App\data_pipeline\data\event_review\candidate_event_clips\PERF-001\PERF-001_event_0208_PERF-001-CAND-0208.wav,yes,MEDIUM_STRONG,accepted_after_clip_review,Von Jethro E. Landicho,Accepted as usable candidate event; token assigned from IOI and normalized onset strength.,MEDIUM,STRONG,IOI tertile + onset-strength tertile; first event per recording uses START,yes,ensemble_event_review(3).csv
PERF-001-CAND-0209,PERF-001,PERF-001_SDNG_SNDG_Gangsa_ENSEMBLE01.wav,C:\Users\vonje\Documents\4th Year Acts\Thesis\Latest Requirements\Thesis App\data_pipeline\data\working_audio\ensembles\PERF-001_SDNG_SNDG_Gangsa_ENSEMBLE01.wav,209,235.996009,235.996009,0.6037189999999839,0.033985,PERF-001_event_0209_PERF-001-CAND-0209.wav,C:\Users\vonje\Documents\4th Year Acts\Thesis\Latest Requirements\Thesis App\data_pipeline\data\event_review\candidate_event_clips\PERF-001\PERF-001_event_0209_PERF-001-CAND-0209.wav,yes,MEDIUM_MEDIUM,accepted_after_clip_review,Von Jethro E. Landicho,Accepted as usable candidate event; token assigned from IOI and normalized onset strength.,MEDIUM,MEDIUM,IOI tertile + onset-strength tertile; first event per recording uses START,yes,ensemble_event_review(3).csv
PERF-001-CAND-0210,PERF-001,PERF-001_SDNG_SNDG_Gangsa_ENSEMBLE01.wav,C:\Users\vonje\Documents\4th Year Acts\Thesis\Latest Requirements\Thesis App\data_pipeline\data\working_audio\ensembles\PERF-001_SDNG_SNDG_Gangsa_ENSEMBLE01.wav,210,240.314921,240.314921,4.318912000000012,0.039852,PERF-001_event_0210_PERF-001-CAND-0210.wav,C:\Users\vonje\Documents\4th Year Acts\Thesis\Latest Requirements\Thesis App\data_pipeline\data\event_review\candidate_event_clips\PERF-001\PERF-001_event_0210_PERF-001-CAND-0210.wav,yes,LONG_STRONG,accepted_after_clip_review,Von Jethro E. Landicho,Accepted as usable candidate event; token assigned from IOI and normalized onset strength.,LONG,STRONG,IOI tertile + onset-strength tertile; first event per recording uses START,yes,ensemble_event_review(3).csv
PERF-001-CAND-0211,PERF-001,PERF-001_SDNG_SNDG_Gangsa_ENSEMBLE01.wav,C:\Users\vonje\Documents\4th Year Acts\Thesis\Latest Requirements\Thesis App\data_pipeline\data\working_audio\ensembles\PERF-001_SDNG_SNDG_Gangsa_ENSEMBLE01.wav,211,250.83356,250.83356,10.518639000000007,0.041032,PERF-001_event_0211_PERF-001-CAND-0211.wav,C:\Users\vonje\Documents\4th Year Acts\Thesis\Latest Requirements\Thesis App\data_pipeline\data\event_review\candidate_event_clips\PERF-001\PERF-001_event_0211_PERF-001-CAND-0211.wav,yes,LONG_STRONG,accepted_after_clip_review,Von Jethro E. Landicho,Accepted as usable candidate event; token assigned from IOI and normalized onset strength.,LONG,STRONG,IOI tertile + onset-strength tertile; first event per recording uses START,yes,ensemble_event_review(3).csv
PERF-001-CAND-0212,PERF-001,PERF-001_SDNG_SNDG_Gangsa_ENSEMBLE01.wav,C:\Users\vonje\Documents\4th Year Acts\Thesis\Latest Requirements\Thesis App\data_pipeline\data\working_audio\ensembles\PERF-001_SDNG_SNDG_Gangsa_ENSEMBLE01.wav,212,254.537143,254.537143,3.7035829999999805,0.036697,PERF-001_event_0212_PERF-001-CAND-0212.wav,C:\Users\vonje\Documents\4th Year Acts\Thesis\Latest Requirements\Thesis App\data_pipeline\data\event_review\candidate_event_clips\PERF-001\PERF-001_event_0212_PERF-001-CAND-0212.wav,yes,LONG_STRONG,accepted_after_clip_review,Von Jethro E. Landicho,Accepted as usable candidate event; token assigned from IOI and normalized onset strength.,LONG,STRONG,IOI tertile + onset-strength tertile; first event per recording uses START,yes,ensemble_event_review(3).csv
PERF-001-CAND-0213,PERF-001,PERF-001_SDNG_SNDG_Gangsa_ENSEMBLE01.wav,C:\Users\vonje\Documents\4th Year Acts\Thesis\Latest Requirements\Thesis App\data_pipeline\data\working_audio\ensembles\PERF-001_SDNG_SNDG_Gangsa_ENSEMBLE01.wav,213,255.489161,255.489161,0.9520180000000096,0.033565,PERF-001_event_0213_PERF-001-CAND-0213.wav,C:\Users\vonje\Documents\4th Year Acts\Thesis\Latest Requirements\Thesis App\data_pipeline\data\event_review\candidate_event_clips\PERF-001\PERF-001_event_0213_PERF-001-CAND-0213.wav,yes,MEDIUM_MEDIUM,accepted_after_clip_review,Von Jethro E. Landicho,Accepted as usable candidate event; token assigned from IOI and normalized onset strength.,MEDIUM,MEDIUM,IOI tertile + onset-strength tertile; first event per recording uses START,yes,ensemble_event_review(3).csv
PERF-001-CAND-0214,PERF-001,PERF-001_SDNG_SNDG_Gangsa_ENSEMBLE01.wav,C:\Users\vonje\Documents\4th Year Acts\Thesis\Latest Requirements\Thesis App\data_pipeline\data\working_audio\ensembles\PERF-001_SDNG_SNDG_Gangsa_ENSEMBLE01.wav,214,258.612245,258.612245,3.1230839999999773,0.027058,PERF-001_event_0214_PERF-001-CAND-0214.wav,C:\Users\vonje\Documents\4th Year Acts\Thesis\Latest Requirements\Thesis App\data_pipeline\data\event_review\candidate_event_clips\PERF-001\PERF-001_event_0214_PERF-001-CAND-0214.wav,yes,LONG_WEAK,accepted_after_clip_review,Von Jethro E. Landicho,Accepted as usable candidate event; token assigned from IOI and normalized onset strength.,LONG,WEAK,IOI tertile + onset-strength tertile; first event per recording uses START,yes,ensemble_event_review(3).csv
PERF-001-CAND-0215,PERF-001,PERF-001_SDNG_SNDG_Gangsa_ENSEMBLE01.wav,C:\Users\vonje\Documents\4th Year Acts\Thesis\Latest Requirements\Thesis App\data_pipeline\data\working_audio\ensembles\PERF-001_SDNG_SNDG_Gangsa_ENSEMBLE01.wav,215,258.925714,258.925714,0.3134690000000546,0.044169,PERF-001_event_0215_PERF-001-CAND-0215.wav,C:\Users\vonje\Documents\4th Year Acts\Thesis\Latest Requirements\Thesis App\data_pipeline\data\event_review\candidate_event_clips\PERF-001\PERF-001_event_0215_PERF-001-CAND-0215.wav,yes,SHORT_STRONG,accepted_after_clip_review,Von Jethro E. Landicho,Accepted as usable candidate event; token assigned from IOI and normalized onset strength.,SHORT,STRONG,IOI tertile + onset-strength tertile; first event per recording uses START,yes,ensemble_event_review(3).csv
PERF-001-CAND-0216,PERF-001,PERF-001_SDNG_SNDG_Gangsa_ENSEMBLE01.wav,C:\Users\vonje\Documents\4th Year Acts\Thesis\Latest Requirements\Thesis App\data_pipeline\data\working_audio\ensembles\PERF-001_SDNG_SNDG_Gangsa_ENSEMBLE01.wav,216,259.239184,259.239184,0.31346999999999525,0.03435,PERF-001_event_0216_PERF-001-CAND-0216.wav,C:\Users\vonje\Documents\4th Year Acts\Thesis\Latest Requirements\Thesis App\data_pipeline\data\event_review\candidate_event_clips\PERF-001\PERF-001_event_0216_PERF-001-CAND-0216.wav,yes,SHORT_MEDIUM,accepted_after_clip_review,Von Jethro E. Landicho,Accepted as usable candidate event; token assigned from IOI and normalized onset strength.,SHORT,MEDIUM,IOI tertile + onset-strength tertile; first event per recording uses START,yes,ensemble_event_review(3).csv
PERF-001-CAND-0217,PERF-001,PERF-001_SDNG_SNDG_Gangsa_ENSEMBLE01.wav,C:\Users\vonje\Documents\4th Year Acts\Thesis\Latest Requirements\Thesis App\data_pipeline\data\working_audio\ensembles\PERF-001_SDNG_SNDG_Gangsa_ENSEMBLE01.wav,217,260.179592,260.179592,0.9404079999999908,0.047126,PERF-001_event_0217_PERF-001-CAND-0217.wav,C:\Users\vonje\Documents\4th Year Acts\Thesis\Latest Requirements\Thesis App\data_pipeline\data\event_review\candidate_event_clips\PERF-001\PERF-001_event_0217_PERF-001-CAND-0217.wav,yes,MEDIUM_STRONG,accepted_after_clip_review,Von Jethro E. Landicho,Accepted as usable candidate event; token assigned from IOI and normalized onset strength.,MEDIUM,STRONG,IOI tertile + onset-strength tertile; first event per recording uses START,yes,ensemble_event_review(3).csv
PERF-001-CAND-0218,PERF-001,PERF-001_SDNG_SNDG_Gangsa_ENSEMBLE01.wav,C:\Users\vonje\Documents\4th Year Acts\Thesis\Latest Requirements\Thesis App\data_pipeline\data\working_audio\ensembles\PERF-001_SDNG_SNDG_Gangsa_ENSEMBLE01.wav,218,262.060408,262.060408,1.8808159999999816,0.024305,PERF-001_event_0218_PERF-001-CAND-0218.wav,C:\Users\vonje\Documents\4th Year Acts\Thesis\Latest Requirements\Thesis App\data_pipeline\data\event_review\candidate_event_clips\PERF-001\PERF-001_event_0218_PERF-001-CAND-0218.wav,yes,LONG_WEAK,accepted_after_clip_review,Von Jethro E. Landicho,Accepted as usable candidate event; token assigned from IOI and normalized onset strength.,LONG,WEAK,IOI tertile + onset-strength tertile; first event per recording uses START,yes,ensemble_event_review(3).csv
PERF-001-CAND-0219,PERF-001,PERF-001_SDNG_SNDG_Gangsa_ENSEMBLE01.wav,C:\Users\vonje\Documents\4th Year Acts\Thesis\Latest Requirements\Thesis App\data_pipeline\data\working_audio\ensembles\PERF-001_SDNG_SNDG_Gangsa_ENSEMBLE01.wav,219,262.362268,262.362268,0.3018599999999765,0.043582,PERF-001_event_0219_PERF-001-CAND-0219.wav,C:\Users\vonje\Documents\4th Year Acts\Thesis\Latest Requirements\Thesis App\data_pipeline\data\event_review\candidate_event_clips\PERF-001\PERF-001_event_0219_PERF-001-CAND-0219.wav,yes,SHORT_STRONG,accepted_after_clip_review,Von Jethro E. Landicho,Accepted as usable candidate event; token assigned from IOI and normalized onset strength.,SHORT,STRONG,IOI tertile + onset-strength tertile; first event per recording uses START,yes,ensemble_event_review(3).csv
PERF-001-CAND-0220,PERF-001,PERF-001_SDNG_SNDG_Gangsa_ENSEMBLE01.wav,C:\Users\vonje\Documents\4th Year Acts\Thesis\Latest Requirements\Thesis App\data_pipeline\data\working_audio\ensembles\PERF-001_SDNG_SNDG_Gangsa_ENSEMBLE01.wav,220,262.965986,262.965986,0.6037180000000149,0.047037,PERF-001_event_0220_PERF-001-CAND-0220.wav,C:\Users\vonje\Documents\4th Year Acts\Thesis\Latest Requirements\Thesis App\data_pipeline\data\event_review\candidate_event_clips\PERF-001\PERF-001_event_0220_PERF-001-CAND-0220.wav,yes,MEDIUM_STRONG,accepted_after_clip_review,Von Jethro E. Landicho,Accepted as usable candidate event; token assigned from IOI and normalized onset strength.,MEDIUM,STRONG,IOI tertile + onset-strength tertile; first event per recording uses START,yes,ensemble_event_review(3).csv
PERF-001-CAND-0221,PERF-001,PERF-001_SDNG_SNDG_Gangsa_ENSEMBLE01.wav,C:\Users\vonje\Documents\4th Year Acts\Thesis\Latest Requirements\Thesis App\data_pipeline\data\working_audio\ensembles\PERF-001_SDNG_SNDG_Gangsa_ENSEMBLE01.wav,221,265.160272,265.160272,2.1942860000000337,0.041067,PERF-001_event_0221_PERF-001-CAND-0221.wav,C:\Users\vonje\Documents\4th Year Acts\Thesis\Latest Requirements\Thesis App\data_pipeline\data\event_review\candidate_event_clips\PERF-001\PERF-001_event_0221_PERF-001-CAND-0221.wav,yes,LONG_STRONG,accepted_after_clip_review,Von Jethro E. Landicho,Accepted as usable candidate event; token assigned from IOI and normalized onset strength.,LONG,STRONG,IOI tertile + onset-strength tertile; first event per recording uses START,yes,ensemble_event_review(3).csv
PERF-001-CAND-0222,PERF-001,PERF-001_SDNG_SNDG_Gangsa_ENSEMBLE01.wav,C:\Users\vonje\Documents\4th Year Acts\Thesis\Latest Requirements\Thesis App\data_pipeline\data\working_audio\ensembles\PERF-001_SDNG_SNDG_Gangsa_ENSEMBLE01.wav,222,266.08907,266.08907,0.928797999999972,0.06407,PERF-001_event_0222_PERF-001-CAND-0222.wav,C:\Users\vonje\Documents\4th Year Acts\Thesis\Latest Requirements\Thesis App\data_pipeline\data\event_review\candidate_event_clips\PERF-001\PERF-001_event_0222_PERF-001-CAND-0222.wav,yes,MEDIUM_STRONG,accepted_after_clip_review,Von Jethro E. Landicho,Accepted as usable candidate event; token assigned from IOI and normalized onset strength.,MEDIUM,STRONG,IOI tertile + onset-strength tertile; first event per recording uses START,yes,ensemble_event_review(3).csv
PERF-001-CAND-0223,PERF-001,PERF-001_SDNG_SNDG_Gangsa_ENSEMBLE01.wav,C:\Users\vonje\Documents\4th Year Acts\Thesis\Latest Requirements\Thesis App\data_pipeline\data\working_audio\ensembles\PERF-001_SDNG_SNDG_Gangsa_ENSEMBLE01.wav,223,266.704399,266.704399,0.6153290000000311,0.021047,PERF-001_event_0223_PERF-001-CAND-0223.wav,C:\Users\vonje\Documents\4th Year Acts\Thesis\Latest Requirements\Thesis App\data_pipeline\data\event_review\candidate_event_clips\PERF-001\PERF-001_event_0223_PERF-001-CAND-0223.wav,yes,MEDIUM_WEAK,accepted_after_clip_review,Von Jethro E. Landicho,Accepted as usable candidate event; token assigned from IOI and normalized onset strength.,MEDIUM,WEAK,IOI tertile + onset-strength tertile; first event per recording uses START,yes,ensemble_event_review(3).csv
PERF-001-CAND-0224,PERF-001,PERF-001_SDNG_SNDG_Gangsa_ENSEMBLE01.wav,C:\Users\vonje\Documents\4th Year Acts\Thesis\Latest Requirements\Thesis App\data_pipeline\data\working_audio\ensembles\PERF-001_SDNG_SNDG_Gangsa_ENSEMBLE01.wav,224,267.923447,267.923447,1.2190479999999866,0.03933,PERF-001_event_0224_PERF-001-CAND-0224.wav,C:\Users\vonje\Documents\4th Year Acts\Thesis\Latest Requirements\Thesis App\data_pipeline\data\event_review\candidate_event_clips\PERF-001\PERF-001_event_0224_PERF-001-CAND-0224.wav,yes,LONG_STRONG,accepted_after_clip_review,Von Jethro E. Landicho,Accepted as usable candidate event; token assigned from IOI and normalized onset strength.,LONG,STRONG,IOI tertile + onset-strength tertile; first event per recording uses START,yes,ensemble_event_review(3).csv
PERF-001-CAND-0225,PERF-001,PERF-001_SDNG_SNDG_Gangsa_ENSEMBLE01.wav,C:\Users\vonje\Documents\4th Year Acts\Thesis\Latest Requirements\Thesis App\data_pipeline\data\working_audio\ensembles\PERF-001_SDNG_SNDG_Gangsa_ENSEMBLE01.wav,225,269.200544,269.200544,1.2770969999999693,0.035079,PERF-001_event_0225_PERF-001-CAND-0225.wav,C:\Users\vonje\Documents\4th Year Acts\Thesis\Latest Requirements\Thesis App\data_pipeline\data\event_review\candidate_event_clips\PERF-001\PERF-001_event_0225_PERF-001-CAND-0225.wav,yes,LONG_MEDIUM,accepted_after_clip_review,Von Jethro E. Landicho,Accepted as usable candidate event; token assigned from IOI and normalized onset strength.,LONG,MEDIUM,IOI tertile + onset-strength tertile; first event per recording uses START,yes,ensemble_event_review(3).csv
PERF-001-CAND-0226,PERF-001,PERF-001_SDNG_SNDG_Gangsa_ENSEMBLE01.wav,C:\Users\vonje\Documents\4th Year Acts\Thesis\Latest Requirements\Thesis App\data_pipeline\data\working_audio\ensembles\PERF-001_SDNG_SNDG_Gangsa_ENSEMBLE01.wav,226,271.673469,271.673469,2.472925000000032,0.027754,PERF-001_event_0226_PERF-001-CAND-0226.wav,C:\Users\vonje\Documents\4th Year Acts\Thesis\Latest Requirements\Thesis App\data_pipeline\data\event_review\candidate_event_clips\PERF-001\PERF-001_event_0226_PERF-001-CAND-0226.wav,yes,LONG_MEDIUM,accepted_after_clip_review,Von Jethro E. Landicho,Accepted as usable candidate event; token assigned from IOI and normalized onset strength.,LONG,MEDIUM,IOI tertile + onset-strength tertile; first event per recording uses START,yes,ensemble_event_review(3).csv
PERF-001-CAND-0227,PERF-001,PERF-001_SDNG_SNDG_Gangsa_ENSEMBLE01.wav,C:\Users\vonje\Documents\4th Year Acts\Thesis\Latest Requirements\Thesis App\data_pipeline\data\working_audio\ensembles\PERF-001_SDNG_SNDG_Gangsa_ENSEMBLE01.wav,227,272.904127,272.904127,1.2306580000000054,0.034695,PERF-001_event_0227_PERF-001-CAND-0227.wav,C:\Users\vonje\Documents\4th Year Acts\Thesis\Latest Requirements\Thesis App\data_pipeline\data\event_review\candidate_event_clips\PERF-001\PERF-001_event_0227_PERF-001-CAND-0227.wav,yes,LONG_MEDIUM,accepted_after_clip_review,Von Jethro E. Landicho,Accepted as usable candidate event; token assigned from IOI and normalized onset strength.,LONG,MEDIUM,IOI tertile + onset-strength tertile; first event per recording uses START,yes,ensemble_event_review(3).csv
PERF-001-CAND-0228,PERF-001,PERF-001_SDNG_SNDG_Gangsa_ENSEMBLE01.wav,C:\Users\vonje\Documents\4th Year Acts\Thesis\Latest Requirements\Thesis App\data_pipeline\data\working_audio\ensembles\PERF-001_SDNG_SNDG_Gangsa_ENSEMBLE01.wav,228,273.519456,273.519456,0.6153289999999743,0.045522,PERF-001_event_0228_PERF-001-CAND-0228.wav,C:\Users\vonje\Documents\4th Year Acts\Thesis\Latest Requirements\Thesis App\data_pipeline\data\event_review\candidate_event_clips\PERF-001\PERF-001_event_0228_PERF-001-CAND-0228.wav,yes,MEDIUM_STRONG,accepted_after_clip_review,Von Jethro E. Landicho,Accepted as usable candidate event; token assigned from IOI and normalized onset strength.,MEDIUM,STRONG,IOI tertile + onset-strength tertile; first event per recording uses START,yes,ensemble_event_review(3).csv
PERF-001-CAND-0229,PERF-001,PERF-001_SDNG_SNDG_Gangsa_ENSEMBLE01.wav,C:\Users\vonje\Documents\4th Year Acts\Thesis\Latest Requirements\Thesis App\data_pipeline\data\working_audio\ensembles\PERF-001_SDNG_SNDG_Gangsa_ENSEMBLE01.wav,229,275.411882,275.411882,1.8924260000000004,0.043843,PERF-001_event_0229_PERF-001-CAND-0229.wav,C:\Users\vonje\Documents\4th Year Acts\Thesis\Latest Requirements\Thesis App\data_pipeline\data\event_review\candidate_event_clips\PERF-001\PERF-001_event_0229_PERF-001-CAND-0229.wav,yes,LONG_STRONG,accepted_after_clip_review,Von Jethro E. Landicho,Accepted as usable candidate event; token assigned from IOI and normalized onset strength.,LONG,STRONG,IOI tertile + onset-strength tertile; first event per recording uses START,yes,ensemble_event_review(3).csv
PERF-001-CAND-0230,PERF-001,PERF-001_SDNG_SNDG_Gangsa_ENSEMBLE01.wav,C:\Users\vonje\Documents\4th Year Acts\Thesis\Latest Requirements\Thesis App\data_pipeline\data\working_audio\ensembles\PERF-001_SDNG_SNDG_Gangsa_ENSEMBLE01.wav,230,276.67737,276.67737,1.2654880000000048,0.086469,PERF-001_event_0230_PERF-001-CAND-0230.wav,C:\Users\vonje\Documents\4th Year Acts\Thesis\Latest Requirements\Thesis App\data_pipeline\data\event_review\candidate_event_clips\PERF-001\PERF-001_event_0230_PERF-001-CAND-0230.wav,yes,LONG_STRONG,accepted_after_clip_review,Von Jethro E. Landicho,Accepted as usable candidate event; token assigned from IOI and normalized onset strength.,LONG,STRONG,IOI tertile + onset-strength tertile; first event per recording uses START,yes,ensemble_event_review(3).csv
PERF-001-CAND-0231,PERF-001,PERF-001_SDNG_SNDG_Gangsa_ENSEMBLE01.wav,C:\Users\vonje\Documents\4th Year Acts\Thesis\Latest Requirements\Thesis App\data_pipeline\data\working_audio\ensembles\PERF-001_SDNG_SNDG_Gangsa_ENSEMBLE01.wav,231,284.432834,284.432834,7.755464000000018,0.034778,PERF-001_event_0231_PERF-001-CAND-0231.wav,C:\Users\vonje\Documents\4th Year Acts\Thesis\Latest Requirements\Thesis App\data_pipeline\data\event_review\candidate_event_clips\PERF-001\PERF-001_event_0231_PERF-001-CAND-0231.wav,yes,LONG_MEDIUM,accepted_after_clip_review,Von Jethro E. Landicho,Accepted as usable candidate event; token assigned from IOI and normalized onset strength.,LONG,MEDIUM,IOI tertile + onset-strength tertile; first event per recording uses START,yes,ensemble_event_review(3).csv
PERF-001-CAND-0232,PERF-001,PERF-001_SDNG_SNDG_Gangsa_ENSEMBLE01.wav,C:\Users\vonje\Documents\4th Year Acts\Thesis\Latest Requirements\Thesis App\data_pipeline\data\working_audio\ensembles\PERF-001_SDNG_SNDG_Gangsa_ENSEMBLE01.wav,232,285.036553,285.036553,0.6037190000000123,0.029014,PERF-001_event_0232_PERF-001-CAND-0232.wav,C:\Users\vonje\Documents\4th Year Acts\Thesis\Latest Requirements\Thesis App\data_pipeline\data\event_review\candidate_event_clips\PERF-001\PERF-001_event_0232_PERF-001-CAND-0232.wav,yes,MEDIUM_MEDIUM,accepted_after_clip_review,Von Jethro E. Landicho,Accepted as usable candidate event; token assigned from IOI and normalized onset strength.,MEDIUM,MEDIUM,IOI tertile + onset-strength tertile; first event per recording uses START,yes,ensemble_event_review(3).csv
PERF-001-CAND-0233,PERF-001,PERF-001_SDNG_SNDG_Gangsa_ENSEMBLE01.wav,C:\Users\vonje\Documents\4th Year Acts\Thesis\Latest Requirements\Thesis App\data_pipeline\data\working_audio\ensembles\PERF-001_SDNG_SNDG_Gangsa_ENSEMBLE01.wav,233,287.544308,287.544308,2.5077549999999746,0.052316,PERF-001_event_0233_PERF-001-CAND-0233.wav,C:\Users\vonje\Documents\4th Year Acts\Thesis\Latest Requirements\Thesis App\data_pipeline\data\event_review\candidate_event_clips\PERF-001\PERF-001_event_0233_PERF-001-CAND-0233.wav,yes,LONG_STRONG,accepted_after_clip_review,Von Jethro E. Landicho,Accepted as usable candidate event; token assigned from IOI and normalized onset strength.,LONG,STRONG,IOI tertile + onset-strength tertile; first event per recording uses START,yes,ensemble_event_review(3).csv
PERF-001-CAND-0234,PERF-001,PERF-001_SDNG_SNDG_Gangsa_ENSEMBLE01.wav,C:\Users\vonje\Documents\4th Year Acts\Thesis\Latest Requirements\Thesis App\data_pipeline\data\working_audio\ensembles\PERF-001_SDNG_SNDG_Gangsa_ENSEMBLE01.wav,234,288.159637,288.159637,0.6153289999999743,0.032109,PERF-001_event_0234_PERF-001-CAND-0234.wav,C:\Users\vonje\Documents\4th Year Acts\Thesis\Latest Requirements\Thesis App\data_pipeline\data\event_review\candidate_event_clips\PERF-001\PERF-001_event_0234_PERF-001-CAND-0234.wav,yes,MEDIUM_MEDIUM,accepted_after_clip_review,Von Jethro E. Landicho,Accepted as usable candidate event; token assigned from IOI and normalized onset strength.,MEDIUM,MEDIUM,IOI tertile + onset-strength tertile; first event per recording uses START,yes,ensemble_event_review(3).csv
PERF-001-CAND-0235,PERF-001,PERF-001_SDNG_SNDG_Gangsa_ENSEMBLE01.wav,C:\Users\vonje\Documents\4th Year Acts\Thesis\Latest Requirements\Thesis App\data_pipeline\data\working_audio\ensembles\PERF-001_SDNG_SNDG_Gangsa_ENSEMBLE01.wav,235,289.436735,289.436735,1.2770980000000236,0.044337,PERF-001_event_0235_PERF-001-CAND-0235.wav,C:\Users\vonje\Documents\4th Year Acts\Thesis\Latest Requirements\Thesis App\data_pipeline\data\event_review\candidate_event_clips\PERF-001\PERF-001_event_0235_PERF-001-CAND-0235.wav,yes,LONG_STRONG,accepted_after_clip_review,Von Jethro E. Landicho,Accepted as usable candidate event; token assigned from IOI and normalized onset strength.,LONG,STRONG,IOI tertile + onset-strength tertile; first event per recording uses START,yes,ensemble_event_review(3).csv
PERF-002-CAND-0001,PERF-002,PERF-002_SDNG_SNDG_Gangsa_ENSEMBLE02.wav,C:\Users\vonje\Documents\4th Year Acts\Thesis\Latest Requirements\Thesis App\data_pipeline\data\working_audio\ensembles\PERF-002_SDNG_SNDG_Gangsa_ENSEMBLE02.wav,1,0.02322,0.02322,,0.0,PERF-002_event_0001_PERF-002-CAND-0001.wav,C:\Users\vonje\Documents\4th Year Acts\Thesis\Latest Requirements\Thesis App\data_pipeline\data\event_review\candidate_event_clips\PERF-002\PERF-002_event_0001_PERF-002-CAND-0001.wav,yes,START_WEAK,accepted_after_clip_review,Von Jethro E. Landicho,Accepted as usable candidate event; token assigned from IOI and normalized onset strength.,START,WEAK,IOI tertile + onset-strength tertile; first event per recording uses START,yes,ensemble_event_review(3).csv
PERF-002-CAND-0002,PERF-002,PERF-002_SDNG_SNDG_Gangsa_ENSEMBLE02.wav,C:\Users\vonje\Documents\4th Year Acts\Thesis\Latest Requirements\Thesis App\data_pipeline\data\working_audio\ensembles\PERF-002_SDNG_SNDG_Gangsa_ENSEMBLE02.wav,2,5.909478,5.909478,5.886258,0.034026,PERF-002_event_0002_PERF-002-CAND-0002.wav,C:\Users\vonje\Documents\4th Year Acts\Thesis\Latest Requirements\Thesis App\data_pipeline\data\event_review\candidate_event_clips\PERF-002\PERF-002_event_0002_PERF-002-CAND-0002.wav,yes,LONG_MEDIUM,accepted_after_clip_review,Von Jethro E. Landicho,Accepted as usable candidate event; token assigned from IOI and normalized onset strength.,LONG,MEDIUM,IOI tertile + onset-strength tertile; first event per recording uses START,yes,ensemble_event_review(3).csv
PERF-002-CAND-0003,PERF-002,PERF-002_SDNG_SNDG_Gangsa_ENSEMBLE02.wav,C:\Users\vonje\Documents\4th Year Acts\Thesis\Latest Requirements\Thesis App\data_pipeline\data\working_audio\ensembles\PERF-002_SDNG_SNDG_Gangsa_ENSEMBLE02.wav,3,6.791837,6.791837,0.8823590000000001,0.015075,PERF-002_event_0003_PERF-002-CAND-0003.wav,C:\Users\vonje\Documents\4th Year Acts\Thesis\Latest Requirements\Thesis App\data_pipeline\data\event_review\candidate_event_clips\PERF-002\PERF-002_event_0003_PERF-002-CAND-0003.wav,yes,MEDIUM_WEAK,accepted_after_clip_review,Von Jethro E. Landicho,Accepted as usable candidate event; token assigned from IOI and normalized onset strength.,MEDIUM,WEAK,IOI tertile + onset-strength tertile; first event per recording uses START,yes,ensemble_event_review(3).csv
PERF-002-CAND-0004,PERF-002,PERF-002_SDNG_SNDG_Gangsa_ENSEMBLE02.wav,C:\Users\vonje\Documents\4th Year Acts\Thesis\Latest Requirements\Thesis App\data_pipeline\data\working_audio\ensembles\PERF-002_SDNG_SNDG_Gangsa_ENSEMBLE02.wav,4,7.244626,7.244626,0.4527890000000001,0.032545,PERF-002_event_0004_PERF-002-CAND-0004.wav,C:\Users\vonje\Documents\4th Year Acts\Thesis\Latest Requirements\Thesis App\data_pipeline\data\event_review\candidate_event_clips\PERF-002\PERF-002_event_0004_PERF-002-CAND-0004.wav,yes,SHORT_MEDIUM,accepted_after_clip_review,Von Jethro E. Landicho,Accepted as usable candidate event; token assigned from IOI and normalized onset strength.,SHORT,MEDIUM,IOI tertile + onset-strength tertile; first event per recording uses START,yes,ensemble_event_review(3).csv
PERF-002-CAND-0005,PERF-002,PERF-002_SDNG_SNDG_Gangsa_ENSEMBLE02.wav,C:\Users\vonje\Documents\4th Year Acts\Thesis\Latest Requirements\Thesis App\data_pipeline\data\working_audio\ensembles\PERF-002_SDNG_SNDG_Gangsa_ENSEMBLE02.wav,5,10.797279,10.797279,3.5526529999999994,0.027543,PERF-002_event_0005_PERF-002-CAND-0005.wav,C:\Users\vonje\Documents\4th Year Acts\Thesis\Latest Requirements\Thesis App\data_pipeline\data\event_review\candidate_event_clips\PERF-002\PERF-002_event_0005_PERF-002-CAND-0005.wav,yes,LONG_MEDIUM,accepted_after_clip_review,Von Jethro E. Landicho,Accepted as usable candidate event; token assigned from IOI and normalized onset strength.,LONG,MEDIUM,IOI tertile + onset-strength tertile; first event per recording uses START,yes,ensemble_event_review(3).csv
PERF-002-CAND-0006,PERF-002,PERF-002_SDNG_SNDG_Gangsa_ENSEMBLE02.wav,C:\Users\vonje\Documents\4th Year Acts\Thesis\Latest Requirements\Thesis App\data_pipeline\data\working_audio\ensembles\PERF-002_SDNG_SNDG_Gangsa_ENSEMBLE02.wav,6,11.691247,11.691247,0.893968000000001,0.041279,PERF-002_event_0006_PERF-002-CAND-0006.wav,C:\Users\vonje\Documents\4th Year Acts\Thesis\Latest Requirements\Thesis App\data_pipeline\data\event_review\candidate_event_clips\PERF-002\PERF-002_event_0006_PERF-002-CAND-0006.wav,yes,MEDIUM_STRONG,accepted_after_clip_review,Von Jethro E. Landicho,Accepted as usable candidate event; token assigned from IOI and normalized onset strength.,MEDIUM,STRONG,IOI tertile + onset-strength tertile; first event per recording uses START,yes,ensemble_event_review(3).csv
PERF-002-CAND-0007,PERF-002,PERF-002_SDNG_SNDG_Gangsa_ENSEMBLE02.wav,C:\Users\vonje\Documents\4th Year Acts\Thesis\Latest Requirements\Thesis App\data_pipeline\data\working_audio\ensembles\PERF-002_SDNG_SNDG_Gangsa_ENSEMBLE02.wav,7,12.608435,12.608435,0.9171879999999994,0.030048,PERF-002_event_0007_PERF-002-CAND-0007.wav,C:\Users\vonje\Documents\4th Year Acts\Thesis\Latest Requirements\Thesis App\data_pipeline\data\event_review\candidate_event_clips\PERF-002\PERF-002_event_0007_PERF-002-CAND-0007.wav,yes,MEDIUM_MEDIUM,accepted_after_clip_review,Von Jethro E. Landicho,Accepted as usable candidate event; token assigned from IOI and normalized onset strength.,MEDIUM,MEDIUM,IOI tertile + onset-strength tertile; first event per recording uses START,yes,ensemble_event_review(3).csv
PERF-002-CAND-0008,PERF-002,PERF-002_SDNG_SNDG_Gangsa_ENSEMBLE02.wav,C:\Users\vonje\Documents\4th Year Acts\Thesis\Latest Requirements\Thesis App\data_pipeline\data\working_audio\ensembles\PERF-002_SDNG_SNDG_Gangsa_ENSEMBLE02.wav,8,13.072834,13.072834,0.46439900000000023,0.04561,PERF-002_event_0008_PERF-002-CAND-0008.wav,C:\Users\vonje\Documents\4th Year Acts\Thesis\Latest Requirements\Thesis App\data_pipeline\data\event_review\candidate_event_clips\PERF-002\PERF-002_event_0008_PERF-002-CAND-0008.wav,yes,SHORT_STRONG,accepted_after_clip_review,Von Jethro E. Landicho,Accepted as usable candidate event; token assigned from IOI and normalized onset strength.,SHORT,STRONG,IOI tertile + onset-strength tertile; first event per recording uses START,yes,ensemble_event_review(3).csv
PERF-002-CAND-0009,PERF-002,PERF-002_SDNG_SNDG_Gangsa_ENSEMBLE02.wav,C:\Users\vonje\Documents\4th Year Acts\Thesis\Latest Requirements\Thesis App\data_pipeline\data\working_audio\ensembles\PERF-002_SDNG_SNDG_Gangsa_ENSEMBLE02.wav,9,13.502404,13.502404,0.42957,0.036545,PERF-002_event_0009_PERF-002-CAND-0009.wav,C:\Users\vonje\Documents\4th Year Acts\Thesis\Latest Requirements\Thesis App\data_pipeline\data\event_review\candidate_event_clips\PERF-002\PERF-002_event_0009_PERF-002-CAND-0009.wav,yes,SHORT_STRONG,accepted_after_clip_review,Von Jethro E. Landicho,Accepted as usable candidate event; token assigned from IOI and normalized onset strength.,SHORT,STRONG,IOI tertile + onset-strength tertile; first event per recording uses START,yes,ensemble_event_review(3).csv
PERF-002-CAND-0010,PERF-002,PERF-002_SDNG_SNDG_Gangsa_ENSEMBLE02.wav,C:\Users\vonje\Documents\4th Year Acts\Thesis\Latest Requirements\Thesis App\data_pipeline\data\working_audio\ensembles\PERF-002_SDNG_SNDG_Gangsa_ENSEMBLE02.wav,10,14.419592,14.419592,0.9171879999999994,0.041969,PERF-002_event_0010_PERF-002-CAND-0010.wav,C:\Users\vonje\Documents\4th Year Acts\Thesis\Latest Requirements\Thesis App\data_pipeline\data\event_review\candidate_event_clips\PERF-002\PERF-002_event_0010_PERF-002-CAND-0010.wav,yes,MEDIUM_STRONG,accepted_after_clip_review,Von Jethro E. Landicho,Accepted as usable candidate event; token assigned from IOI and normalized onset strength.,MEDIUM,STRONG,IOI tertile + onset-strength tertile; first event per recording uses START,yes,ensemble_event_review(3).csv
PERF-002-CAND-0011,PERF-002,PERF-002_SDNG_SNDG_Gangsa_ENSEMBLE02.wav,C:\Users\vonje\Documents\4th Year Acts\Thesis\Latest Requirements\Thesis App\data_pipeline\data\working_audio\ensembles\PERF-002_SDNG_SNDG_Gangsa_ENSEMBLE02.wav,11,15.31356,15.31356,0.893968000000001,0.033263,PERF-002_event_0011_PERF-002-CAND-0011.wav,C:\Users\vonje\Documents\4th Year Acts\Thesis\Latest Requirements\Thesis App\data_pipeline\data\event_review\candidate_event_clips\PERF-002\PERF-002_event_0011_PERF-002-CAND-0011.wav,yes,MEDIUM_MEDIUM,accepted_after_clip_review,Von Jethro E. Landicho,Accepted as usable candidate event; token assigned from IOI and normalized onset strength.,MEDIUM,MEDIUM,IOI tertile + onset-strength tertile; first event per recording uses START,yes,ensemble_event_review(3).csv
PERF-002-CAND-0012,PERF-002,PERF-002_SDNG_SNDG_Gangsa_ENSEMBLE02.wav,C:\Users\vonje\Documents\4th Year Acts\Thesis\Latest Requirements\Thesis App\data_pipeline\data\working_audio\ensembles\PERF-002_SDNG_SNDG_Gangsa_ENSEMBLE02.wav,12,16.230748,16.230748,0.9171879999999977,0.046566,PERF-002_event_0012_PERF-002-CAND-0012.wav,C:\Users\vonje\Documents\4th Year Acts\Thesis\Latest Requirements\Thesis App\data_pipeline\data\event_review\candidate_event_clips\PERF-002\PERF-002_event_0012_PERF-002-CAND-0012.wav,yes,MEDIUM_STRONG,accepted_after_clip_review,Von Jethro E. Landicho,Accepted as usable candidate event; token assigned from IOI and normalized onset strength.,MEDIUM,STRONG,IOI tertile + onset-strength tertile; first event per recording uses START,yes,ensemble_event_review(3).csv
PERF-002-CAND-0013,PERF-002,PERF-002_SDNG_SNDG_Gangsa_ENSEMBLE02.wav,C:\Users\vonje\Documents\4th Year Acts\Thesis\Latest Requirements\Thesis App\data_pipeline\data\working_audio\ensembles\PERF-002_SDNG_SNDG_Gangsa_ENSEMBLE02.wav,13,24.473832,24.473832,8.243084000000003,0.051126,PERF-002_event_0013_PERF-002-CAND-0013.wav,C:\Users\vonje\Documents\4th Year Acts\Thesis\Latest Requirements\Thesis App\data_pipeline\data\event_review\candidate_event_clips\PERF-002\PERF-002_event_0013_PERF-002-CAND-0013.wav,yes,LONG_STRONG,accepted_after_clip_review,Von Jethro E. Landicho,Accepted as usable candidate event; token assigned from IOI and normalized onset strength.,LONG,STRONG,IOI tertile + onset-strength tertile; first event per recording uses START,yes,ensemble_event_review(3).csv
PERF-002-CAND-0014,PERF-002,PERF-002_SDNG_SNDG_Gangsa_ENSEMBLE02.wav,C:\Users\vonje\Documents\4th Year Acts\Thesis\Latest Requirements\Thesis App\data_pipeline\data\working_audio\ensembles\PERF-002_SDNG_SNDG_Gangsa_ENSEMBLE02.wav,14,25.40263,25.40263,0.9287979999999969,0.035494,PERF-002_event_0014_PERF-002-CAND-0014.wav,C:\Users\vonje\Documents\4th Year Acts\Thesis\Latest Requirements\Thesis App\data_pipeline\data\event_review\candidate_event_clips\PERF-002\PERF-002_event_0014_PERF-002-CAND-0014.wav,yes,MEDIUM_MEDIUM,accepted_after_clip_review,Von Jethro E. Landicho,Accepted as usable candidate event; token assigned from IOI and normalized onset strength.,MEDIUM,MEDIUM,IOI tertile + onset-strength tertile; first event per recording uses START,yes,ensemble_event_review(3).csv
PERF-002-CAND-0015,PERF-002,PERF-002_SDNG_SNDG_Gangsa_ENSEMBLE02.wav,C:\Users\vonje\Documents\4th Year Acts\Thesis\Latest Requirements\Thesis App\data_pipeline\data\working_audio\ensembles\PERF-002_SDNG_SNDG_Gangsa_ENSEMBLE02.wav,15,26.343039,26.343039,0.9404090000000025,0.113887,PERF-002_event_0015_PERF-002-CAND-0015.wav,C:\Users\vonje\Documents\4th Year Acts\Thesis\Latest Requirements\Thesis App\data_pipeline\data\event_review\candidate_event_clips\PERF-002\PERF-002_event_0015_PERF-002-CAND-0015.wav,yes,MEDIUM_STRONG,accepted_after_clip_review,Von Jethro E. Landicho,Accepted as usable candidate event; token assigned from IOI and normalized onset strength.,MEDIUM,STRONG,IOI tertile + onset-strength tertile; first event per recording uses START,yes,ensemble_event_review(3).csv
PERF-002-CAND-0016,PERF-002,PERF-002_SDNG_SNDG_Gangsa_ENSEMBLE02.wav,C:\Users\vonje\Documents\4th Year Acts\Thesis\Latest Requirements\Thesis App\data_pipeline\data\working_audio\ensembles\PERF-002_SDNG_SNDG_Gangsa_ENSEMBLE02.wav,16,28.154195,28.154195,1.8111560000000004,0.032212,PERF-002_event_0016_PERF-002-CAND-0016.wav,C:\Users\vonje\Documents\4th Year Acts\Thesis\Latest Requirements\Thesis App\data_pipeline\data\event_review\candidate_event_clips\PERF-002\PERF-002_event_0016_PERF-002-CAND-0016.wav,yes,LONG_MEDIUM,accepted_after_clip_review,Von Jethro E. Landicho,Accepted as usable candidate event; token assigned from IOI and normalized onset strength.,LONG,MEDIUM,IOI tertile + onset-strength tertile; first event per recording uses START,yes,ensemble_event_review(3).csv
PERF-002-CAND-0017,PERF-002,PERF-002_SDNG_SNDG_Gangsa_ENSEMBLE02.wav,C:\Users\vonje\Documents\4th Year Acts\Thesis\Latest Requirements\Thesis App\data_pipeline\data\working_audio\ensembles\PERF-002_SDNG_SNDG_Gangsa_ENSEMBLE02.wav,17,29.094603,29.094603,0.9404079999999979,0.06377,PERF-002_event_0017_PERF-002-CAND-0017.wav,C:\Users\vonje\Documents\4th Year Acts\Thesis\Latest Requirements\Thesis App\data_pipeline\data\event_review\candidate_event_clips\PERF-002\PERF-002_event_0017_PERF-002-CAND-0017.wav,yes,MEDIUM_STRONG,accepted_after_clip_review,Von Jethro E. Landicho,Accepted as usable candidate event; token assigned from IOI and normalized onset strength.,MEDIUM,STRONG,IOI tertile + onset-strength tertile; first event per recording uses START,yes,ensemble_event_review(3).csv
PERF-002-CAND-0018,PERF-002,PERF-002_SDNG_SNDG_Gangsa_ENSEMBLE02.wav,C:\Users\vonje\Documents\4th Year Acts\Thesis\Latest Requirements\Thesis App\data_pipeline\data\working_audio\ensembles\PERF-002_SDNG_SNDG_Gangsa_ENSEMBLE02.wav,18,35.6078,35.6078,6.513196999999998,0.038648,PERF-002_event_0018_PERF-002-CAND-0018.wav,C:\Users\vonje\Documents\4th Year Acts\Thesis\Latest Requirements\Thesis App\data_pipeline\data\event_review\candidate_event_clips\PERF-002\PERF-002_event_0018_PERF-002-CAND-0018.wav,yes,LONG_STRONG,accepted_after_clip_review,Von Jethro E. Landicho,Accepted as usable candidate event; token assigned from IOI and normalized onset strength.,LONG,STRONG,IOI tertile + onset-strength tertile; first event per recording uses START,yes,ensemble_event_review(3).csv
PERF-002-CAND-0019,PERF-002,PERF-002_SDNG_SNDG_Gangsa_ENSEMBLE02.wav,C:\Users\vonje\Documents\4th Year Acts\Thesis\Latest Requirements\Thesis App\data_pipeline\data\working_audio\ensembles\PERF-002_SDNG_SNDG_Gangsa_ENSEMBLE02.wav,19,41.261859,41.261859,5.654059000000004,0.049504,PERF-002_event_0019_PERF-002-CAND-0019.wav,C:\Users\vonje\Documents\4th Year Acts\Thesis\Latest Requirements\Thesis App\data_pipeline\data\event_review\candidate_event_clips\PERF-002\PERF-002_event_0019_PERF-002-CAND-0019.wav,yes,LONG_STRONG,accepted_after_clip_review,Von Jethro E. Landicho,Accepted as usable candidate event; token assigned from IOI and normalized onset strength.,LONG,STRONG,IOI tertile + onset-strength tertile; first event per recording uses START,yes,ensemble_event_review(3).csv
PERF-002-CAND-0020,PERF-002,PERF-002_SDNG_SNDG_Gangsa_ENSEMBLE02.wav,C:\Users\vonje\Documents\4th Year Acts\Thesis\Latest Requirements\Thesis App\data_pipeline\data\working_audio\ensembles\PERF-002_SDNG_SNDG_Gangsa_ENSEMBLE02.wav,20,52.616417,52.616417,11.354557999999997,0.042408,PERF-002_event_0020_PERF-002-CAND-0020.wav,C:\Users\vonje\Documents\4th Year Acts\Thesis\Latest Requirements\Thesis App\data_pipeline\data\event_review\candidate_event_clips\PERF-002\PERF-002_event_0020_PERF-002-CAND-0020.wav,yes,LONG_STRONG,accepted_after_clip_review,Von Jethro E. Landicho,Accepted as usable candidate event; token assigned from IOI and normalized onset strength.,LONG,STRONG,IOI tertile + onset-strength tertile; first event per recording uses START,yes,ensemble_event_review(3).csv
PERF-002-CAND-0021,PERF-002,PERF-002_SDNG_SNDG_Gangsa_ENSEMBLE02.wav,C:\Users\vonje\Documents\4th Year Acts\Thesis\Latest Requirements\Thesis App\data_pipeline\data\working_audio\ensembles\PERF-002_SDNG_SNDG_Gangsa_ENSEMBLE02.wav,21,67.314649,67.314649,14.698232000000004,0.025852,PERF-002_event_0021_PERF-002-CAND-0021.wav,C:\Users\vonje\Documents\4th Year Acts\Thesis\Latest Requirements\Thesis App\data_pipeline\data\event_review\candidate_event_clips\PERF-002\PERF-002_event_0021_PERF-002-CAND-0021.wav,yes,LONG_WEAK,accepted_after_clip_review,Von Jethro E. Landicho,Accepted as usable candidate event; token assigned from IOI and normalized onset strength.,LONG,WEAK,IOI tertile + onset-strength tertile; first event per recording uses START,yes,ensemble_event_review(3).csv
PERF-002-CAND-0022,PERF-002,PERF-002_SDNG_SNDG_Gangsa_ENSEMBLE02.wav,C:\Users\vonje\Documents\4th Year Acts\Thesis\Latest Requirements\Thesis App\data_pipeline\data\working_audio\ensembles\PERF-002_SDNG_SNDG_Gangsa_ENSEMBLE02.wav,22,69.183855,69.183855,1.8692059999999913,0.038826,PERF-002_event_0022_PERF-002-CAND-0022.wav,C:\Users\vonje\Documents\4th Year Acts\Thesis\Latest Requirements\Thesis App\data_pipeline\data\event_review\candidate_event_clips\PERF-002\PERF-002_event_0022_PERF-002-CAND-0022.wav,yes,LONG_STRONG,accepted_after_clip_review,Von Jethro E. Landicho,Accepted as usable candidate event; token assigned from IOI and normalized onset strength.,LONG,STRONG,IOI tertile + onset-strength tertile; first event per recording uses START,yes,ensemble_event_review(3).csv
PERF-002-CAND-0023,PERF-002,PERF-002_SDNG_SNDG_Gangsa_ENSEMBLE02.wav,C:\Users\vonje\Documents\4th Year Acts\Thesis\Latest Requirements\Thesis App\data_pipeline\data\working_audio\ensembles\PERF-002_SDNG_SNDG_Gangsa_ENSEMBLE02.wav,23,69.648254,69.648254,0.46439900000000023,0.045409,PERF-002_event_0023_PERF-002-CAND-0023.wav,C:\Users\vonje\Documents\4th Year Acts\Thesis\Latest Requirements\Thesis App\data_pipeline\data\event_review\candidate_event_clips\PERF-002\PERF-002_event_0023_PERF-002-CAND-0023.wav,yes,SHORT_STRONG,accepted_after_clip_review,Von Jethro E. Landicho,Accepted as usable candidate event; token assigned from IOI and normalized onset strength.,SHORT,STRONG,IOI tertile + onset-strength tertile; first event per recording uses START,yes,ensemble_event_review(3).csv
PERF-002-CAND-0024,PERF-002,PERF-002_SDNG_SNDG_Gangsa_ENSEMBLE02.wav,C:\Users\vonje\Documents\4th Year Acts\Thesis\Latest Requirements\Thesis App\data_pipeline\data\working_audio\ensembles\PERF-002_SDNG_SNDG_Gangsa_ENSEMBLE02.wav,24,71.087891,71.087891,1.4396370000000047,0.028304,PERF-002_event_0024_PERF-002-CAND-0024.wav,C:\Users\vonje\Documents\4th Year Acts\Thesis\Latest Requirements\Thesis App\data_pipeline\data\event_review\candidate_event_clips\PERF-002\PERF-002_event_0024_PERF-002-CAND-0024.wav,yes,LONG_MEDIUM,accepted_after_clip_review,Von Jethro E. Landicho,Accepted as usable candidate event; token assigned from IOI and normalized onset strength.,LONG,MEDIUM,IOI tertile + onset-strength tertile; first event per recording uses START,yes,ensemble_event_review(3).csv
PERF-002-CAND-0025,PERF-002,PERF-002_SDNG_SNDG_Gangsa_ENSEMBLE02.wav,C:\Users\vonje\Documents\4th Year Acts\Thesis\Latest Requirements\Thesis App\data_pipeline\data\working_audio\ensembles\PERF-002_SDNG_SNDG_Gangsa_ENSEMBLE02.wav,25,71.55229,71.55229,0.46439900000000023,0.026694,PERF-002_event_0025_PERF-002-CAND-0025.wav,C:\Users\vonje\Documents\4th Year Acts\Thesis\Latest Requirements\Thesis App\data_pipeline\data\event_review\candidate_event_clips\PERF-002\PERF-002_event_0025_PERF-002-CAND-0025.wav,yes,SHORT_WEAK,accepted_after_clip_review,Von Jethro E. Landicho,Accepted as usable candidate event; token assigned from IOI and normalized onset strength.,SHORT,WEAK,IOI tertile + onset-strength tertile; first event per recording uses START,yes,ensemble_event_review(3).csv
PERF-002-CAND-0026,PERF-002,PERF-002_SDNG_SNDG_Gangsa_ENSEMBLE02.wav,C:\Users\vonje\Documents\4th Year Acts\Thesis\Latest Requirements\Thesis App\data_pipeline\data\working_audio\ensembles\PERF-002_SDNG_SNDG_Gangsa_ENSEMBLE02.wav,26,75.859592,75.859592,4.307302000000007,0.036911,PERF-002_event_0026_PERF-002-CAND-0026.wav,C:\Users\vonje\Documents\4th Year Acts\Thesis\Latest Requirements\Thesis App\data_pipeline\data\event_review\candidate_event_clips\PERF-002\PERF-002_event_0026_PERF-002-CAND-0026.wav,yes,LONG_STRONG,accepted_after_clip_review,Von Jethro E. Landicho,Accepted as usable candidate event; token assigned from IOI and normalized onset strength.,LONG,STRONG,IOI tertile + onset-strength tertile; first event per recording uses START,yes,ensemble_event_review(3).csv
PERF-002-CAND-0027,PERF-002,PERF-002_SDNG_SNDG_Gangsa_ENSEMBLE02.wav,C:\Users\vonje\Documents\4th Year Acts\Thesis\Latest Requirements\Thesis App\data_pipeline\data\working_audio\ensembles\PERF-002_SDNG_SNDG_Gangsa_ENSEMBLE02.wav,27,76.8,76.8,0.9404079999999908,0.026556,PERF-002_event_0027_PERF-002-CAND-0027.wav,C:\Users\vonje\Documents\4th Year Acts\Thesis\Latest Requirements\Thesis App\data_pipeline\data\event_review\candidate_event_clips\PERF-002\PERF-002_event_0027_PERF-002-CAND-0027.wav,yes,MEDIUM_WEAK,accepted_after_clip_review,Von Jethro E. Landicho,Accepted as usable candidate event; token assigned from IOI and normalized onset strength.,MEDIUM,WEAK,IOI tertile + onset-strength tertile; first event per recording uses START,yes,ensemble_event_review(3).csv
PERF-002-CAND-0028,PERF-002,PERF-002_SDNG_SNDG_Gangsa_ENSEMBLE02.wav,C:\Users\vonje\Documents\4th Year Acts\Thesis\Latest Requirements\Thesis App\data_pipeline\data\working_audio\ensembles\PERF-002_SDNG_SNDG_Gangsa_ENSEMBLE02.wav,28,78.239637,78.239637,1.4396370000000047,0.035145,PERF-002_event_0028_PERF-002-CAND-0028.wav,C:\Users\vonje\Documents\4th Year Acts\Thesis\Latest Requirements\Thesis App\data_pipeline\data\event_review\candidate_event_clips\PERF-002\PERF-002_event_0028_PERF-002-CAND-0028.wav,yes,LONG_MEDIUM,accepted_after_clip_review,Von Jethro E. Landicho,Accepted as usable candidate event; token assigned from IOI and normalized onset strength.,LONG,MEDIUM,IOI tertile + onset-strength tertile; first event per recording uses START,yes,ensemble_event_review(3).csv
PERF-002-CAND-0029,PERF-002,PERF-002_SDNG_SNDG_Gangsa_ENSEMBLE02.wav,C:\Users\vonje\Documents\4th Year Acts\Thesis\Latest Requirements\Thesis App\data_pipeline\data\working_audio\ensembles\PERF-002_SDNG_SNDG_Gangsa_ENSEMBLE02.wav,29,84.474195,84.474195,6.234557999999993,0.03703,PERF-002_event_0029_PERF-002-CAND-0029.wav,C:\Users\vonje\Documents\4th Year Acts\Thesis\Latest Requirements\Thesis App\data_pipeline\data\event_review\candidate_event_clips\PERF-002\PERF-002_event_0029_PERF-002-CAND-0029.wav,yes,LONG_STRONG,accepted_after_clip_review,Von Jethro E. Landicho,Accepted as usable candidate event; token assigned from IOI and normalized onset strength.,LONG,STRONG,IOI tertile + onset-strength tertile; first event per recording uses START,yes,ensemble_event_review(3).csv
PERF-002-CAND-0030,PERF-002,PERF-002_SDNG_SNDG_Gangsa_ENSEMBLE02.wav,C:\Users\vonje\Documents\4th Year Acts\Thesis\Latest Requirements\Thesis App\data_pipeline\data\working_audio\ensembles\PERF-002_SDNG_SNDG_Gangsa_ENSEMBLE02.wav,30,88.293878,88.293878,3.819683000000012,0.029996,PERF-002_event_0030_PERF-002-CAND-0030.wav,C:\Users\vonje\Documents\4th Year Acts\Thesis\Latest Requirements\Thesis App\data_pipeline\data\event_review\candidate_event_clips\PERF-002\PERF-002_event_0030_PERF-002-CAND-0030.wav,yes,LONG_MEDIUM,accepted_after_clip_review,Von Jethro E. Landicho,Accepted as usable candidate event; token assigned from IOI and normalized onset strength.,LONG,MEDIUM,IOI tertile + onset-strength tertile; first event per recording uses START,yes,ensemble_event_review(3).csv
PERF-002-CAND-0031,PERF-002,PERF-002_SDNG_SNDG_Gangsa_ENSEMBLE02.wav,C:\Users\vonje\Documents\4th Year Acts\Thesis\Latest Requirements\Thesis App\data_pipeline\data\working_audio\ensembles\PERF-002_SDNG_SNDG_Gangsa_ENSEMBLE02.wav,31,89.257506,89.257506,0.9636279999999999,0.036404,PERF-002_event_0031_PERF-002-CAND-0031.wav,C:\Users\vonje\Documents\4th Year Acts\Thesis\Latest Requirements\Thesis App\data_pipeline\data\event_review\candidate_event_clips\PERF-002\PERF-002_event_0031_PERF-002-CAND-0031.wav,yes,MEDIUM_STRONG,accepted_after_clip_review,Von Jethro E. Landicho,Accepted as usable candidate event; token assigned from IOI and normalized onset strength.,MEDIUM,STRONG,IOI tertile + onset-strength tertile; first event per recording uses START,yes,ensemble_event_review(3).csv
PERF-002-CAND-0032,PERF-002,PERF-002_SDNG_SNDG_Gangsa_ENSEMBLE02.wav,C:\Users\vonje\Documents\4th Year Acts\Thesis\Latest Requirements\Thesis App\data_pipeline\data\working_audio\ensembles\PERF-002_SDNG_SNDG_Gangsa_ENSEMBLE02.wav,32,91.196372,91.196372,1.9388659999999902,0.031863,PERF-002_event_0032_PERF-002-CAND-0032.wav,C:\Users\vonje\Documents\4th Year Acts\Thesis\Latest Requirements\Thesis App\data_pipeline\data\event_review\candidate_event_clips\PERF-002\PERF-002_event_0032_PERF-002-CAND-0032.wav,yes,LONG_MEDIUM,accepted_after_clip_review,Von Jethro E. Landicho,Accepted as usable candidate event; token assigned from IOI and normalized onset strength.,LONG,MEDIUM,IOI tertile + onset-strength tertile; first event per recording uses START,yes,ensemble_event_review(3).csv
PERF-002-CAND-0033,PERF-002,PERF-002_SDNG_SNDG_Gangsa_ENSEMBLE02.wav,C:\Users\vonje\Documents\4th Year Acts\Thesis\Latest Requirements\Thesis App\data_pipeline\data\working_audio\ensembles\PERF-002_SDNG_SNDG_Gangsa_ENSEMBLE02.wav,33,93.135238,93.135238,1.9388660000000044,0.036082,PERF-002_event_0033_PERF-002-CAND-0033.wav,C:\Users\vonje\Documents\4th Year Acts\Thesis\Latest Requirements\Thesis App\data_pipeline\data\event_review\candidate_event_clips\PERF-002\PERF-002_event_0033_PERF-002-CAND-0033.wav,yes,LONG_MEDIUM,accepted_after_clip_review,Von Jethro E. Landicho,Accepted as usable candidate event; token assigned from IOI and normalized onset strength.,LONG,MEDIUM,IOI tertile + onset-strength tertile; first event per recording uses START,yes,ensemble_event_review(3).csv
PERF-002-CAND-0034,PERF-002,PERF-002_SDNG_SNDG_Gangsa_ENSEMBLE02.wav,C:\Users\vonje\Documents\4th Year Acts\Thesis\Latest Requirements\Thesis App\data_pipeline\data\working_audio\ensembles\PERF-002_SDNG_SNDG_Gangsa_ENSEMBLE02.wav,34,95.341134,95.341134,2.2058959999999956,0.058454,PERF-002_event_0034_PERF-002-CAND-0034.wav,C:\Users\vonje\Documents\4th Year Acts\Thesis\Latest Requirements\Thesis App\data_pipeline\data\event_review\candidate_event_clips\PERF-002\PERF-002_event_0034_PERF-002-CAND-0034.wav,yes,LONG_STRONG,accepted_after_clip_review,Von Jethro E. Landicho,Accepted as usable candidate event; token assigned from IOI and normalized onset strength.,LONG,STRONG,IOI tertile + onset-strength tertile; first event per recording uses START,yes,ensemble_event_review(3).csv
PERF-002-CAND-0035,PERF-002,PERF-002_SDNG_SNDG_Gangsa_ENSEMBLE02.wav,C:\Users\vonje\Documents\4th Year Acts\Thesis\Latest Requirements\Thesis App\data_pipeline\data\working_audio\ensembles\PERF-002_SDNG_SNDG_Gangsa_ENSEMBLE02.wav,35,95.538503,95.538503,0.197369000000009,0.037696,PERF-002_event_0035_PERF-002-CAND-0035.wav,C:\Users\vonje\Documents\4th Year Acts\Thesis\Latest Requirements\Thesis App\data_pipeline\data\event_review\candidate_event_clips\PERF-002\PERF-002_event_0035_PERF-002-CAND-0035.wav,yes,SHORT_STRONG,accepted_after_clip_review,Von Jethro E. Landicho,Accepted as usable candidate event; token assigned from IOI and normalized onset strength.,SHORT,STRONG,IOI tertile + onset-strength tertile; first event per recording uses START,yes,ensemble_event_review(3).csv
PERF-002-CAND-0036,PERF-002,PERF-002_SDNG_SNDG_Gangsa_ENSEMBLE02.wav,C:\Users\vonje\Documents\4th Year Acts\Thesis\Latest Requirements\Thesis App\data_pipeline\data\working_audio\ensembles\PERF-002_SDNG_SNDG_Gangsa_ENSEMBLE02.wav,36,96.978141,96.978141,1.439637999999988,0.031011,PERF-002_event_0036_PERF-002-CAND-0036.wav,C:\Users\vonje\Documents\4th Year Acts\Thesis\Latest Requirements\Thesis App\data_pipeline\data\event_review\candidate_event_clips\PERF-002\PERF-002_event_0036_PERF-002-CAND-0036.wav,yes,LONG_MEDIUM,accepted_after_clip_review,Von Jethro E. Landicho,Accepted as usable candidate event; token assigned from IOI and normalized onset strength.,LONG,MEDIUM,IOI tertile + onset-strength tertile; first event per recording uses START,yes,ensemble_event_review(3).csv
PERF-002-CAND-0037,PERF-002,PERF-002_SDNG_SNDG_Gangsa_ENSEMBLE02.wav,C:\Users\vonje\Documents\4th Year Acts\Thesis\Latest Requirements\Thesis App\data_pipeline\data\working_audio\ensembles\PERF-002_SDNG_SNDG_Gangsa_ENSEMBLE02.wav,37,103.758367,103.758367,6.780226000000013,0.065847,PERF-002_event_0037_PERF-002-CAND-0037.wav,C:\Users\vonje\Documents\4th Year Acts\Thesis\Latest Requirements\Thesis App\data_pipeline\data\event_review\candidate_event_clips\PERF-002\PERF-002_event_0037_PERF-002-CAND-0037.wav,yes,LONG_STRONG,accepted_after_clip_review,Von Jethro E. Landicho,Accepted as usable candidate event; token assigned from IOI and normalized onset strength.,LONG,STRONG,IOI tertile + onset-strength tertile; first event per recording uses START,yes,ensemble_event_review(3).csv
PERF-002-CAND-0038,PERF-002,PERF-002_SDNG_SNDG_Gangsa_ENSEMBLE02.wav,C:\Users\vonje\Documents\4th Year Acts\Thesis\Latest Requirements\Thesis App\data_pipeline\data\working_audio\ensembles\PERF-002_SDNG_SNDG_Gangsa_ENSEMBLE02.wav,38,104.489796,104.489796,0.7314289999999914,0.034091,PERF-002_event_0038_PERF-002-CAND-0038.wav,C:\Users\vonje\Documents\4th Year Acts\Thesis\Latest Requirements\Thesis App\data_pipeline\data\event_review\candidate_event_clips\PERF-002\PERF-002_event_0038_PERF-002-CAND-0038.wav,yes,MEDIUM_MEDIUM,accepted_after_clip_review,Von Jethro E. Landicho,Accepted as usable candidate event; token assigned from IOI and normalized onset strength.,MEDIUM,MEDIUM,IOI tertile + onset-strength tertile; first event per recording uses START,yes,ensemble_event_review(3).csv
PERF-002-CAND-0039,PERF-002,PERF-002_SDNG_SNDG_Gangsa_ENSEMBLE02.wav,C:\Users\vonje\Documents\4th Year Acts\Thesis\Latest Requirements\Thesis App\data_pipeline\data\working_audio\ensembles\PERF-002_SDNG_SNDG_Gangsa_ENSEMBLE02.wav,39,105.697234,105.697234,1.2074379999999962,0.044233,PERF-002_event_0039_PERF-002-CAND-0039.wav,C:\Users\vonje\Documents\4th Year Acts\Thesis\Latest Requirements\Thesis App\data_pipeline\data\event_review\candidate_event_clips\PERF-002\PERF-002_event_0039_PERF-002-CAND-0039.wav,yes,LONG_STRONG,accepted_after_clip_review,Von Jethro E. Landicho,Accepted as usable candidate event; token assigned from IOI and normalized onset strength.,LONG,STRONG,IOI tertile + onset-strength tertile; first event per recording uses START,yes,ensemble_event_review(3).csv
PERF-003-CAND-0001,PERF-003,PERF-003_SDNG_SNDG_Gangsa_ENSEMBLE03.wav,C:\Users\vonje\Documents\4th Year Acts\Thesis\Latest Requirements\Thesis App\data_pipeline\data\working_audio\ensembles\PERF-003_SDNG_SNDG_Gangsa_ENSEMBLE03.wav,1,0.02322,0.02322,,0.0,PERF-003_event_0001_PERF-003-CAND-0001.wav,C:\Users\vonje\Documents\4th Year Acts\Thesis\Latest Requirements\Thesis App\data_pipeline\data\event_review\candidate_event_clips\PERF-003\PERF-003_event_0001_PERF-003-CAND-0001.wav,yes,START_WEAK,accepted_after_clip_review,Von Jethro E. Landicho,Accepted as usable candidate event; token assigned from IOI and normalized onset strength.,START,WEAK,IOI tertile + onset-strength tertile; first event per recording uses START,yes,ensemble_event_review(3).csv
PERF-003-CAND-0002,PERF-003,PERF-003_SDNG_SNDG_Gangsa_ENSEMBLE03.wav,C:\Users\vonje\Documents\4th Year Acts\Thesis\Latest Requirements\Thesis App\data_pipeline\data\working_audio\ensembles\PERF-003_SDNG_SNDG_Gangsa_ENSEMBLE03.wav,2,4.191202,4.191202,4.167981999999999,0.048321,PERF-003_event_0002_PERF-003-CAND-0002.wav,C:\Users\vonje\Documents\4th Year Acts\Thesis\Latest Requirements\Thesis App\data_pipeline\data\event_review\candidate_event_clips\PERF-003\PERF-003_event_0002_PERF-003-CAND-0002.wav,yes,LONG_STRONG,accepted_after_clip_review,Von Jethro E. Landicho,Accepted as usable candidate event; token assigned from IOI and normalized onset strength.,LONG,STRONG,IOI tertile + onset-strength tertile; first event per recording uses START,yes,ensemble_event_review(3).csv
PERF-003-CAND-0003,PERF-003,PERF-003_SDNG_SNDG_Gangsa_ENSEMBLE03.wav,C:\Users\vonje\Documents\4th Year Acts\Thesis\Latest Requirements\Thesis App\data_pipeline\data\working_audio\ensembles\PERF-003_SDNG_SNDG_Gangsa_ENSEMBLE03.wav,3,8.301134,8.301134,4.109932,0.045401,PERF-003_event_0003_PERF-003-CAND-0003.wav,C:\Users\vonje\Documents\4th Year Acts\Thesis\Latest Requirements\Thesis App\data_pipeline\data\event_review\candidate_event_clips\PERF-003\PERF-003_event_0003_PERF-003-CAND-0003.wav,yes,LONG_STRONG,accepted_after_clip_review,Von Jethro E. Landicho,Accepted as usable candidate event; token assigned from IOI and normalized onset strength.,LONG,STRONG,IOI tertile + onset-strength tertile; first event per recording uses START,yes,ensemble_event_review(3).csv
PERF-003-CAND-0004,PERF-003,PERF-003_SDNG_SNDG_Gangsa_ENSEMBLE03.wav,C:\Users\vonje\Documents\4th Year Acts\Thesis\Latest Requirements\Thesis App\data_pipeline\data\working_audio\ensembles\PERF-003_SDNG_SNDG_Gangsa_ENSEMBLE03.wav,4,9.229932,9.229932,0.9287980000000005,0.030528,PERF-003_event_0004_PERF-003-CAND-0004.wav,C:\Users\vonje\Documents\4th Year Acts\Thesis\Latest Requirements\Thesis App\data_pipeline\data\event_review\candidate_event_clips\PERF-003\PERF-003_event_0004_PERF-003-CAND-0004.wav,yes,MEDIUM_MEDIUM,accepted_after_clip_review,Von Jethro E. Landicho,Accepted as usable candidate event; token assigned from IOI and normalized onset strength.,MEDIUM,MEDIUM,IOI tertile + onset-strength tertile; first event per recording uses START,yes,ensemble_event_review(3).csv
PERF-003-CAND-0005,PERF-003,PERF-003_SDNG_SNDG_Gangsa_ENSEMBLE03.wav,C:\Users\vonje\Documents\4th Year Acts\Thesis\Latest Requirements\Thesis App\data_pipeline\data\working_audio\ensembles\PERF-003_SDNG_SNDG_Gangsa_ENSEMBLE03.wav,5,9.671111,9.671111,0.441179,0.035009,PERF-003_event_0005_PERF-003-CAND-0005.wav,C:\Users\vonje\Documents\4th Year Acts\Thesis\Latest Requirements\Thesis App\data_pipeline\data\event_review\candidate_event_clips\PERF-003\PERF-003_event_0005_PERF-003-CAND-0005.wav,yes,SHORT_MEDIUM,accepted_after_clip_review,Von Jethro E. Landicho,Accepted as usable candidate event; token assigned from IOI and normalized onset strength.,SHORT,MEDIUM,IOI tertile + onset-strength tertile; first event per recording uses START,yes,ensemble_event_review(3).csv
PERF-003-CAND-0006,PERF-003,PERF-003_SDNG_SNDG_Gangsa_ENSEMBLE03.wav,C:\Users\vonje\Documents\4th Year Acts\Thesis\Latest Requirements\Thesis App\data_pipeline\data\working_audio\ensembles\PERF-003_SDNG_SNDG_Gangsa_ENSEMBLE03.wav,6,11.528707,11.528707,1.857596000000001,0.043284,PERF-003_event_0006_PERF-003-CAND-0006.wav,C:\Users\vonje\Documents\4th Year Acts\Thesis\Latest Requirements\Thesis App\data_pipeline\data\event_review\candidate_event_clips\PERF-003\PERF-003_event_0006_PERF-003-CAND-0006.wav,yes,LONG_STRONG,accepted_after_clip_review,Von Jethro E. Landicho,Accepted as usable candidate event; token assigned from IOI and normalized onset strength.,LONG,STRONG,IOI tertile + onset-strength tertile; first event per recording uses START,yes,ensemble_event_review(3).csv
PERF-003-CAND-0007,PERF-003,PERF-003_SDNG_SNDG_Gangsa_ENSEMBLE03.wav,C:\Users\vonje\Documents\4th Year Acts\Thesis\Latest Requirements\Thesis App\data_pipeline\data\working_audio\ensembles\PERF-003_SDNG_SNDG_Gangsa_ENSEMBLE03.wav,7,13.839093,13.839093,2.3103859999999994,0.032501,PERF-003_event_0007_PERF-003-CAND-0007.wav,C:\Users\vonje\Documents\4th Year Acts\Thesis\Latest Requirements\Thesis App\data_pipeline\data\event_review\candidate_event_clips\PERF-003\PERF-003_event_0007_PERF-003-CAND-0007.wav,yes,LONG_MEDIUM,accepted_after_clip_review,Von Jethro E. Landicho,Accepted as usable candidate event; token assigned from IOI and normalized onset strength.,LONG,MEDIUM,IOI tertile + onset-strength tertile; first event per recording uses START,yes,ensemble_event_review(3).csv
PERF-003-CAND-0008,PERF-003,PERF-003_SDNG_SNDG_Gangsa_ENSEMBLE03.wav,C:\Users\vonje\Documents\4th Year Acts\Thesis\Latest Requirements\Thesis App\data_pipeline\data\working_audio\ensembles\PERF-003_SDNG_SNDG_Gangsa_ENSEMBLE03.wav,8,14.767891,14.767891,0.9287980000000005,0.029708,PERF-003_event_0008_PERF-003-CAND-0008.wav,C:\Users\vonje\Documents\4th Year Acts\Thesis\Latest Requirements\Thesis App\data_pipeline\data\event_review\candidate_event_clips\PERF-003\PERF-003_event_0008_PERF-003-CAND-0008.wav,yes,MEDIUM_MEDIUM,accepted_after_clip_review,Von Jethro E. Landicho,Accepted as usable candidate event; token assigned from IOI and normalized onset strength.,MEDIUM,MEDIUM,IOI tertile + onset-strength tertile; first event per recording uses START,yes,ensemble_event_review(3).csv
PERF-003-CAND-0009,PERF-003,PERF-003_SDNG_SNDG_Gangsa_ENSEMBLE03.wav,C:\Users\vonje\Documents\4th Year Acts\Thesis\Latest Requirements\Thesis App\data_pipeline\data\working_audio\ensembles\PERF-003_SDNG_SNDG_Gangsa_ENSEMBLE03.wav,9,17.565896,17.565896,2.798004999999998,0.044711,PERF-003_event_0009_PERF-003-CAND-0009.wav,C:\Users\vonje\Documents\4th Year Acts\Thesis\Latest Requirements\Thesis App\data_pipeline\data\event_review\candidate_event_clips\PERF-003\PERF-003_event_0009_PERF-003-CAND-0009.wav,yes,LONG_STRONG,accepted_after_clip_review,Von Jethro E. Landicho,Accepted as usable candidate event; token assigned from IOI and normalized onset strength.,LONG,STRONG,IOI tertile + onset-strength tertile; first event per recording uses START,yes,ensemble_event_review(3).csv
PERF-003-CAND-0010,PERF-003,PERF-003_SDNG_SNDG_Gangsa_ENSEMBLE03.wav,C:\Users\vonje\Documents\4th Year Acts\Thesis\Latest Requirements\Thesis App\data_pipeline\data\working_audio\ensembles\PERF-003_SDNG_SNDG_Gangsa_ENSEMBLE03.wav,10,19.876281,19.876281,2.310385,0.032278,PERF-003_event_0010_PERF-003-CAND-0010.wav,C:\Users\vonje\Documents\4th Year Acts\Thesis\Latest Requirements\Thesis App\data_pipeline\data\event_review\candidate_event_clips\PERF-003\PERF-003_event_0010_PERF-003-CAND-0010.wav,yes,LONG_MEDIUM,accepted_after_clip_review,Von Jethro E. Landicho,Accepted as usable candidate event; token assigned from IOI and normalized onset strength.,LONG,MEDIUM,IOI tertile + onset-strength tertile; first event per recording uses START,yes,ensemble_event_review(3).csv
PERF-003-CAND-0011,PERF-003,PERF-003_SDNG_SNDG_Gangsa_ENSEMBLE03.wav,C:\Users\vonje\Documents\4th Year Acts\Thesis\Latest Requirements\Thesis App\data_pipeline\data\working_audio\ensembles\PERF-003_SDNG_SNDG_Gangsa_ENSEMBLE03.wav,11,20.35229,20.35229,0.47600900000000124,0.037874,PERF-003_event_0011_PERF-003-CAND-0011.wav,C:\Users\vonje\Documents\4th Year Acts\Thesis\Latest Requirements\Thesis App\data_pipeline\data\event_review\candidate_event_clips\PERF-003\PERF-003_event_0011_PERF-003-CAND-0011.wav,yes,SHORT_STRONG,accepted_after_clip_review,Von Jethro E. Landicho,Accepted as usable candidate event; token assigned from IOI and normalized onset strength.,SHORT,STRONG,IOI tertile + onset-strength tertile; first event per recording uses START,yes,ensemble_event_review(3).csv
PERF-003-CAND-0012,PERF-003,PERF-003_SDNG_SNDG_Gangsa_ENSEMBLE03.wav,C:\Users\vonje\Documents\4th Year Acts\Thesis\Latest Requirements\Thesis App\data_pipeline\data\working_audio\ensembles\PERF-003_SDNG_SNDG_Gangsa_ENSEMBLE03.wav,12,23.150295,23.150295,2.798005,0.043221,PERF-003_event_0012_PERF-003-CAND-0012.wav,C:\Users\vonje\Documents\4th Year Acts\Thesis\Latest Requirements\Thesis App\data_pipeline\data\event_review\candidate_event_clips\PERF-003\PERF-003_event_0012_PERF-003-CAND-0012.wav,yes,LONG_STRONG,accepted_after_clip_review,Von Jethro E. Landicho,Accepted as usable candidate event; token assigned from IOI and normalized onset strength.,LONG,STRONG,IOI tertile + onset-strength tertile; first event per recording uses START,yes,ensemble_event_review(3).csv
PERF-003-CAND-0013,PERF-003,PERF-003_SDNG_SNDG_Gangsa_ENSEMBLE03.wav,C:\Users\vonje\Documents\4th Year Acts\Thesis\Latest Requirements\Thesis App\data_pipeline\data\working_audio\ensembles\PERF-003_SDNG_SNDG_Gangsa_ENSEMBLE03.wav,13,25.971519,25.971519,2.821224000000001,0.046204,PERF-003_event_0013_PERF-003-CAND-0013.wav,C:\Users\vonje\Documents\4th Year Acts\Thesis\Latest Requirements\Thesis App\data_pipeline\data\event_review\candidate_event_clips\PERF-003\PERF-003_event_0013_PERF-003-CAND-0013.wav,yes,LONG_STRONG,accepted_after_clip_review,Von Jethro E. Landicho,Accepted as usable candidate event; token assigned from IOI and normalized onset strength.,LONG,STRONG,IOI tertile + onset-strength tertile; first event per recording uses START,yes,ensemble_event_review(3).csv
PERF-003-CAND-0014,PERF-003,PERF-003_SDNG_SNDG_Gangsa_ENSEMBLE03.wav,C:\Users\vonje\Documents\4th Year Acts\Thesis\Latest Requirements\Thesis App\data_pipeline\data\working_audio\ensembles\PERF-003_SDNG_SNDG_Gangsa_ENSEMBLE03.wav,14,27.353107,27.353107,1.3815880000000007,0.027257,PERF-003_event_0014_PERF-003-CAND-0014.wav,C:\Users\vonje\Documents\4th Year Acts\Thesis\Latest Requirements\Thesis App\data_pipeline\data\event_review\candidate_event_clips\PERF-003\PERF-003_event_0014_PERF-003-CAND-0014.wav,yes,LONG_MEDIUM,accepted_after_clip_review,Von Jethro E. Landicho,Accepted as usable candidate event; token assigned from IOI and normalized onset strength.,LONG,MEDIUM,IOI tertile + onset-strength tertile; first event per recording uses START,yes,ensemble_event_review(3).csv
PERF-003-CAND-0015,PERF-003,PERF-003_SDNG_SNDG_Gangsa_ENSEMBLE03.wav,C:\Users\vonje\Documents\4th Year Acts\Thesis\Latest Requirements\Thesis App\data_pipeline\data\working_audio\ensembles\PERF-003_SDNG_SNDG_Gangsa_ENSEMBLE03.wav,15,28.328345,28.328345,0.9752379999999974,0.052604,PERF-003_event_0015_PERF-003-CAND-0015.wav,C:\Users\vonje\Documents\4th Year Acts\Thesis\Latest Requirements\Thesis App\data_pipeline\data\event_review\candidate_event_clips\PERF-003\PERF-003_event_0015_PERF-003-CAND-0015.wav,yes,MEDIUM_STRONG,accepted_after_clip_review,Von Jethro E. Landicho,Accepted as usable candidate event; token assigned from IOI and normalized onset strength.,MEDIUM,STRONG,IOI tertile + onset-strength tertile; first event per recording uses START,yes,ensemble_event_review(3).csv
PERF-003-CAND-0016,PERF-003,PERF-003_SDNG_SNDG_Gangsa_ENSEMBLE03.wav,C:\Users\vonje\Documents\4th Year Acts\Thesis\Latest Requirements\Thesis App\data_pipeline\data\working_audio\ensembles\PERF-003_SDNG_SNDG_Gangsa_ENSEMBLE03.wav,16,28.781134,28.781134,0.4527890000000028,0.028629,PERF-003_event_0016_PERF-003-CAND-0016.wav,C:\Users\vonje\Documents\4th Year Acts\Thesis\Latest Requirements\Thesis App\data_pipeline\data\event_review\candidate_event_clips\PERF-003\PERF-003_event_0016_PERF-003-CAND-0016.wav,yes,SHORT_MEDIUM,accepted_after_clip_review,Von Jethro E. Landicho,Accepted as usable candidate event; token assigned from IOI and normalized onset strength.,SHORT,MEDIUM,IOI tertile + onset-strength tertile; first event per recording uses START,yes,ensemble_event_review(3).csv
PERF-003-CAND-0017,PERF-003,PERF-003_SDNG_SNDG_Gangsa_ENSEMBLE03.wav,C:\Users\vonje\Documents\4th Year Acts\Thesis\Latest Requirements\Thesis App\data_pipeline\data\working_audio\ensembles\PERF-003_SDNG_SNDG_Gangsa_ENSEMBLE03.wav,17,31.137959,31.137959,2.356824999999997,0.033072,PERF-003_event_0017_PERF-003-CAND-0017.wav,C:\Users\vonje\Documents\4th Year Acts\Thesis\Latest Requirements\Thesis App\data_pipeline\data\event_review\candidate_event_clips\PERF-003\PERF-003_event_0017_PERF-003-CAND-0017.wav,yes,LONG_MEDIUM,accepted_after_clip_review,Von Jethro E. Landicho,Accepted as usable candidate event; token assigned from IOI and normalized onset strength.,LONG,MEDIUM,IOI tertile + onset-strength tertile; first event per recording uses START,yes,ensemble_event_review(3).csv
PERF-003-CAND-0018,PERF-003,PERF-003_SDNG_SNDG_Gangsa_ENSEMBLE03.wav,C:\Users\vonje\Documents\4th Year Acts\Thesis\Latest Requirements\Thesis App\data_pipeline\data\working_audio\ensembles\PERF-003_SDNG_SNDG_Gangsa_ENSEMBLE03.wav,18,34.887982,34.887982,3.7500230000000023,0.031755,PERF-003_event_0018_PERF-003-CAND-0018.wav,C:\Users\vonje\Documents\4th Year Acts\Thesis\Latest Requirements\Thesis App\data_pipeline\data\event_review\candidate_event_clips\PERF-003\PERF-003_event_0018_PERF-003-CAND-0018.wav,yes,LONG_MEDIUM,accepted_after_clip_review,Von Jethro E. Landicho,Accepted as usable candidate event; token assigned from IOI and normalized onset strength.,LONG,MEDIUM,IOI tertile + onset-strength tertile; first event per recording uses START,yes,ensemble_event_review(3).csv
PERF-003-CAND-0019,PERF-003,PERF-003_SDNG_SNDG_Gangsa_ENSEMBLE03.wav,C:\Users\vonje\Documents\4th Year Acts\Thesis\Latest Requirements\Thesis App\data_pipeline\data\working_audio\ensembles\PERF-003_SDNG_SNDG_Gangsa_ENSEMBLE03.wav,19,37.755646,37.755646,2.8676639999999978,0.032314,PERF-003_event_0019_PERF-003-CAND-0019.wav,C:\Users\vonje\Documents\4th Year Acts\Thesis\Latest Requirements\Thesis App\data_pipeline\data\event_review\candidate_event_clips\PERF-003\PERF-003_event_0019_PERF-003-CAND-0019.wav,yes,LONG_MEDIUM,accepted_after_clip_review,Von Jethro E. Landicho,Accepted as usable candidate event; token assigned from IOI and normalized onset strength.,LONG,MEDIUM,IOI tertile + onset-strength tertile; first event per recording uses START,yes,ensemble_event_review(3).csv
PERF-003-CAND-0020,PERF-003,PERF-003_SDNG_SNDG_Gangsa_ENSEMBLE03.wav,C:\Users\vonje\Documents\4th Year Acts\Thesis\Latest Requirements\Thesis App\data_pipeline\data\working_audio\ensembles\PERF-003_SDNG_SNDG_Gangsa_ENSEMBLE03.wav,20,38.220045,38.220045,0.46439900000000023,0.043446,PERF-003_event_0020_PERF-003-CAND-0020.wav,C:\Users\vonje\Documents\4th Year Acts\Thesis\Latest Requirements\Thesis App\data_pipeline\data\event_review\candidate_event_clips\PERF-003\PERF-003_event_0020_PERF-003-CAND-0020.wav,yes,SHORT_STRONG,accepted_after_clip_review,Von Jethro E. Landicho,Accepted as usable candidate event; token assigned from IOI and normalized onset strength.,SHORT,STRONG,IOI tertile + onset-strength tertile; first event per recording uses START,yes,ensemble_event_review(3).csv
PERF-003-CAND-0021,PERF-003,PERF-003_SDNG_SNDG_Gangsa_ENSEMBLE03.wav,C:\Users\vonje\Documents\4th Year Acts\Thesis\Latest Requirements\Thesis App\data_pipeline\data\working_audio\ensembles\PERF-003_SDNG_SNDG_Gangsa_ENSEMBLE03.wav,21,38.916644,38.916644,0.6965989999999991,0.048589,PERF-003_event_0021_PERF-003-CAND-0021.wav,C:\Users\vonje\Documents\4th Year Acts\Thesis\Latest Requirements\Thesis App\data_pipeline\data\event_review\candidate_event_clips\PERF-003\PERF-003_event_0021_PERF-003-CAND-0021.wav,yes,MEDIUM_STRONG,accepted_after_clip_review,Von Jethro E. Landicho,Accepted as usable candidate event; token assigned from IOI and normalized onset strength.,MEDIUM,STRONG,IOI tertile + onset-strength tertile; first event per recording uses START,yes,ensemble_event_review(3).csv
PERF-003-CAND-0022,PERF-003,PERF-003_SDNG_SNDG_Gangsa_ENSEMBLE03.wav,C:\Users\vonje\Documents\4th Year Acts\Thesis\Latest Requirements\Thesis App\data_pipeline\data\working_audio\ensembles\PERF-003_SDNG_SNDG_Gangsa_ENSEMBLE03.wav,22,39.624853,39.624853,0.7082090000000036,0.03999,PERF-003_event_0022_PERF-003-CAND-0022.wav,C:\Users\vonje\Documents\4th Year Acts\Thesis\Latest Requirements\Thesis App\data_pipeline\data\event_review\candidate_event_clips\PERF-003\PERF-003_event_0022_PERF-003-CAND-0022.wav,yes,MEDIUM_STRONG,accepted_after_clip_review,Von Jethro E. Landicho,Accepted as usable candidate event; token assigned from IOI and normalized onset strength.,MEDIUM,STRONG,IOI tertile + onset-strength tertile; first event per recording uses START,yes,ensemble_event_review(3).csv
PERF-003-CAND-0023,PERF-003,PERF-003_SDNG_SNDG_Gangsa_ENSEMBLE03.wav,C:\Users\vonje\Documents\4th Year Acts\Thesis\Latest Requirements\Thesis App\data_pipeline\data\working_audio\ensembles\PERF-003_SDNG_SNDG_Gangsa_ENSEMBLE03.wav,23,40.089252,40.089252,0.46439900000000023,0.034097,PERF-003_event_0023_PERF-003-CAND-0023.wav,C:\Users\vonje\Documents\4th Year Acts\Thesis\Latest Requirements\Thesis App\data_pipeline\data\event_review\candidate_event_clips\PERF-003\PERF-003_event_0023_PERF-003-CAND-0023.wav,yes,SHORT_MEDIUM,accepted_after_clip_review,Von Jethro E. Landicho,Accepted as usable candidate event; token assigned from IOI and normalized onset strength.,SHORT,MEDIUM,IOI tertile + onset-strength tertile; first event per recording uses START,yes,ensemble_event_review(3).csv
PERF-003-CAND-0024,PERF-003,PERF-003_SDNG_SNDG_Gangsa_ENSEMBLE03.wav,C:\Users\vonje\Documents\4th Year Acts\Thesis\Latest Requirements\Thesis App\data_pipeline\data\working_audio\ensembles\PERF-003_SDNG_SNDG_Gangsa_ENSEMBLE03.wav,24,41.505669,41.505669,1.4164169999999956,0.038808,PERF-003_event_0024_PERF-003-CAND-0024.wav,C:\Users\vonje\Documents\4th Year Acts\Thesis\Latest Requirements\Thesis App\data_pipeline\data\event_review\candidate_event_clips\PERF-003\PERF-003_event_0024_PERF-003-CAND-0024.wav,yes,LONG_STRONG,accepted_after_clip_review,Von Jethro E. Landicho,Accepted as usable candidate event; token assigned from IOI and normalized onset strength.,LONG,STRONG,IOI tertile + onset-strength tertile; first event per recording uses START,yes,ensemble_event_review(3).csv
PERF-003-CAND-0025,PERF-003,PERF-003_SDNG_SNDG_Gangsa_ENSEMBLE03.wav,C:\Users\vonje\Documents\4th Year Acts\Thesis\Latest Requirements\Thesis App\data_pipeline\data\working_audio\ensembles\PERF-003_SDNG_SNDG_Gangsa_ENSEMBLE03.wav,25,42.922086,42.922086,1.4164170000000027,0.04037,PERF-003_event_0025_PERF-003-CAND-0025.wav,C:\Users\vonje\Documents\4th Year Acts\Thesis\Latest Requirements\Thesis App\data_pipeline\data\event_review\candidate_event_clips\PERF-003\PERF-003_event_0025_PERF-003-CAND-0025.wav,yes,LONG_STRONG,accepted_after_clip_review,Von Jethro E. Landicho,Accepted as usable candidate event; token assigned from IOI and normalized onset strength.,LONG,STRONG,IOI tertile + onset-strength tertile; first event per recording uses START,yes,ensemble_event_review(3).csv
PERF-003-CAND-0026,PERF-003,PERF-003_SDNG_SNDG_Gangsa_ENSEMBLE03.wav,C:\Users\vonje\Documents\4th Year Acts\Thesis\Latest Requirements\Thesis App\data_pipeline\data\working_audio\ensembles\PERF-003_SDNG_SNDG_Gangsa_ENSEMBLE03.wav,26,43.386485,43.386485,0.46439900000000023,0.061032,PERF-003_event_0026_PERF-003-CAND-0026.wav,C:\Users\vonje\Documents\4th Year Acts\Thesis\Latest Requirements\Thesis App\data_pipeline\data\event_review\candidate_event_clips\PERF-003\PERF-003_event_0026_PERF-003-CAND-0026.wav,yes,SHORT_STRONG,accepted_after_clip_review,Von Jethro E. Landicho,Accepted as usable candidate event; token assigned from IOI and normalized onset strength.,SHORT,STRONG,IOI tertile + onset-strength tertile; first event per recording uses START,yes,ensemble_event_review(3).csv
PERF-003-CAND-0027,PERF-003,PERF-003_SDNG_SNDG_Gangsa_ENSEMBLE03.wav,C:\Users\vonje\Documents\4th Year Acts\Thesis\Latest Requirements\Thesis App\data_pipeline\data\working_audio\ensembles\PERF-003_SDNG_SNDG_Gangsa_ENSEMBLE03.wav,27,45.267302,45.267302,1.8808170000000004,0.028885,PERF-003_event_0027_PERF-003-CAND-0027.wav,C:\Users\vonje\Documents\4th Year Acts\Thesis\Latest Requirements\Thesis App\data_pipeline\data\event_review\candidate_event_clips\PERF-003\PERF-003_event_0027_PERF-003-CAND-0027.wav,yes,LONG_MEDIUM,accepted_after_clip_review,Von Jethro E. Landicho,Accepted as usable candidate event; token assigned from IOI and normalized onset strength.,LONG,MEDIUM,IOI tertile + onset-strength tertile; first event per recording uses START,yes,ensemble_event_review(3).csv
PERF-003-CAND-0028,PERF-003,PERF-003_SDNG_SNDG_Gangsa_ENSEMBLE03.wav,C:\Users\vonje\Documents\4th Year Acts\Thesis\Latest Requirements\Thesis App\data_pipeline\data\working_audio\ensembles\PERF-003_SDNG_SNDG_Gangsa_ENSEMBLE03.wav,28,46.695329,46.695329,1.4280270000000002,0.020253,PERF-003_event_0028_PERF-003-CAND-0028.wav,C:\Users\vonje\Documents\4th Year Acts\Thesis\Latest Requirements\Thesis App\data_pipeline\data\event_review\candidate_event_clips\PERF-003\PERF-003_event_0028_PERF-003-CAND-0028.wav,yes,LONG_WEAK,accepted_after_clip_review,Von Jethro E. Landicho,Accepted as usable candidate event; token assigned from IOI and normalized onset strength.,LONG,WEAK,IOI tertile + onset-strength tertile; first event per recording uses START,yes,ensemble_event_review(3).csv
PERF-003-CAND-0029,PERF-003,PERF-003_SDNG_SNDG_Gangsa_ENSEMBLE03.wav,C:\Users\vonje\Documents\4th Year Acts\Thesis\Latest Requirements\Thesis App\data_pipeline\data\working_audio\ensembles\PERF-003_SDNG_SNDG_Gangsa_ENSEMBLE03.wav,29,47.159728,47.159728,0.46439900000000023,0.031435,PERF-003_event_0029_PERF-003-CAND-0029.wav,C:\Users\vonje\Documents\4th Year Acts\Thesis\Latest Requirements\Thesis App\data_pipeline\data\event_review\candidate_event_clips\PERF-003\PERF-003_event_0029_PERF-003-CAND-0029.wav,yes,SHORT_MEDIUM,accepted_after_clip_review,Von Jethro E. Landicho,Accepted as usable candidate event; token assigned from IOI and normalized onset strength.,SHORT,MEDIUM,IOI tertile + onset-strength tertile; first event per recording uses START,yes,ensemble_event_review(3).csv
PERF-003-CAND-0030,PERF-003,PERF-003_SDNG_SNDG_Gangsa_ENSEMBLE03.wav,C:\Users\vonje\Documents\4th Year Acts\Thesis\Latest Requirements\Thesis App\data_pipeline\data\working_audio\ensembles\PERF-003_SDNG_SNDG_Gangsa_ENSEMBLE03.wav,30,52.395828,52.395828,5.2361,0.03456,PERF-003_event_0030_PERF-003-CAND-0030.wav,C:\Users\vonje\Documents\4th Year Acts\Thesis\Latest Requirements\Thesis App\data_pipeline\data\event_review\candidate_event_clips\PERF-003\PERF-003_event_0030_PERF-003-CAND-0030.wav,yes,LONG_MEDIUM,accepted_after_clip_review,Von Jethro E. Landicho,Accepted as usable candidate event; token assigned from IOI and normalized onset strength.,LONG,MEDIUM,IOI tertile + onset-strength tertile; first event per recording uses START,yes,ensemble_event_review(3).csv
PERF-003-CAND-0031,PERF-003,PERF-003_SDNG_SNDG_Gangsa_ENSEMBLE03.wav,C:\Users\vonje\Documents\4th Year Acts\Thesis\Latest Requirements\Thesis App\data_pipeline\data\working_audio\ensembles\PERF-003_SDNG_SNDG_Gangsa_ENSEMBLE03.wav,31,52.871837,52.871837,0.4760089999999977,0.03204,PERF-003_event_0031_PERF-003-CAND-0031.wav,C:\Users\vonje\Documents\4th Year Acts\Thesis\Latest Requirements\Thesis App\data_pipeline\data\event_review\candidate_event_clips\PERF-003\PERF-003_event_0031_PERF-003-CAND-0031.wav,yes,SHORT_MEDIUM,accepted_after_clip_review,Von Jethro E. Landicho,Accepted as usable candidate event; token assigned from IOI and normalized onset strength.,SHORT,MEDIUM,IOI tertile + onset-strength tertile; first event per recording uses START,yes,ensemble_event_review(3).csv
PERF-003-CAND-0032,PERF-003,PERF-003_SDNG_SNDG_Gangsa_ENSEMBLE03.wav,C:\Users\vonje\Documents\4th Year Acts\Thesis\Latest Requirements\Thesis App\data_pipeline\data\working_audio\ensembles\PERF-003_SDNG_SNDG_Gangsa_ENSEMBLE03.wav,32,53.359456,53.359456,0.48761900000000225,0.036615,PERF-003_event_0032_PERF-003-CAND-0032.wav,C:\Users\vonje\Documents\4th Year Acts\Thesis\Latest Requirements\Thesis App\data_pipeline\data\event_review\candidate_event_clips\PERF-003\PERF-003_event_0032_PERF-003-CAND-0032.wav,yes,SHORT_STRONG,accepted_after_clip_review,Von Jethro E. Landicho,Accepted as usable candidate event; token assigned from IOI and normalized onset strength.,SHORT,STRONG,IOI tertile + onset-strength tertile; first event per recording uses START,yes,ensemble_event_review(3).csv
PERF-003-CAND-0033,PERF-003,PERF-003_SDNG_SNDG_Gangsa_ENSEMBLE03.wav,C:\Users\vonje\Documents\4th Year Acts\Thesis\Latest Requirements\Thesis App\data_pipeline\data\working_audio\ensembles\PERF-003_SDNG_SNDG_Gangsa_ENSEMBLE03.wav,33,65.306122,65.306122,11.946666,0.023906,PERF-003_event_0033_PERF-003-CAND-0033.wav,C:\Users\vonje\Documents\4th Year Acts\Thesis\Latest Requirements\Thesis App\data_pipeline\data\event_review\candidate_event_clips\PERF-003\PERF-003_event_0033_PERF-003-CAND-0033.wav,yes,LONG_WEAK,accepted_after_clip_review,Von Jethro E. Landicho,Accepted as usable candidate event; token assigned from IOI and normalized onset strength.,LONG,WEAK,IOI tertile + onset-strength tertile; first event per recording uses START,yes,ensemble_event_review(3).csv
PERF-003-CAND-0034,PERF-003,PERF-003_SDNG_SNDG_Gangsa_ENSEMBLE03.wav,C:\Users\vonje\Documents\4th Year Acts\Thesis\Latest Requirements\Thesis App\data_pipeline\data\working_audio\ensembles\PERF-003_SDNG_SNDG_Gangsa_ENSEMBLE03.wav,34,65.816961,65.816961,0.5108390000000043,0.035023,PERF-003_event_0034_PERF-003-CAND-0034.wav,C:\Users\vonje\Documents\4th Year Acts\Thesis\Latest Requirements\Thesis App\data_pipeline\data\event_review\candidate_event_clips\PERF-003\PERF-003_event_0034_PERF-003-CAND-0034.wav,yes,SHORT_MEDIUM,accepted_after_clip_review,Von Jethro E. Landicho,Accepted as usable candidate event; token assigned from IOI and normalized onset strength.,SHORT,MEDIUM,IOI tertile + onset-strength tertile; first event per recording uses START,yes,ensemble_event_review(3).csv
PERF-004-CAND-0001,PERF-004,PERF-004_SDNG_SNDG_Gangsa_ENSEMBLE04.wav,C:\Users\vonje\Documents\4th Year Acts\Thesis\Latest Requirements\Thesis App\data_pipeline\data\working_audio\ensembles\PERF-004_SDNG_SNDG_Gangsa_ENSEMBLE04.wav,1,0.16254,0.16254,,0.024433,PERF-004_event_0001_PERF-004-CAND-0001.wav,C:\Users\vonje\Documents\4th Year Acts\Thesis\Latest Requirements\Thesis App\data_pipeline\data\event_review\candidate_event_clips\PERF-004\PERF-004_event_0001_PERF-004-CAND-0001.wav,yes,START_WEAK,accepted_after_clip_review,Von Jethro E. Landicho,Accepted as usable candidate event; token assigned from IOI and normalized onset strength.,START,WEAK,IOI tertile + onset-strength tertile; first event per recording uses START,yes,ensemble_event_review(3).csv
PERF-004-CAND-0002,PERF-004,PERF-004_SDNG_SNDG_Gangsa_ENSEMBLE04.wav,C:\Users\vonje\Documents\4th Year Acts\Thesis\Latest Requirements\Thesis App\data_pipeline\data\working_audio\ensembles\PERF-004_SDNG_SNDG_Gangsa_ENSEMBLE04.wav,2,0.673379,0.673379,0.5108389999999999,0.020957,PERF-004_event_0002_PERF-004-CAND-0002.wav,C:\Users\vonje\Documents\4th Year Acts\Thesis\Latest Requirements\Thesis App\data_pipeline\data\event_review\candidate_event_clips\PERF-004\PERF-004_event_0002_PERF-004-CAND-0002.wav,yes,SHORT_WEAK,accepted_after_clip_review,Von Jethro E. Landicho,Accepted as usable candidate event; token assigned from IOI and normalized onset strength.,SHORT,WEAK,IOI tertile + onset-strength tertile; first event per recording uses START,yes,ensemble_event_review(3).csv
PERF-004-CAND-0003,PERF-004,PERF-004_SDNG_SNDG_Gangsa_ENSEMBLE04.wav,C:\Users\vonje\Documents\4th Year Acts\Thesis\Latest Requirements\Thesis App\data_pipeline\data\working_audio\ensembles\PERF-004_SDNG_SNDG_Gangsa_ENSEMBLE04.wav,3,0.986848,0.986848,0.313469,0.033522,PERF-004_event_0003_PERF-004-CAND-0003.wav,C:\Users\vonje\Documents\4th Year Acts\Thesis\Latest Requirements\Thesis App\data_pipeline\data\event_review\candidate_event_clips\PERF-004\PERF-004_event_0003_PERF-004-CAND-0003.wav,yes,SHORT_MEDIUM,accepted_after_clip_review,Von Jethro E. Landicho,Accepted as usable candidate event; token assigned from IOI and normalized onset strength.,SHORT,MEDIUM,IOI tertile + onset-strength tertile; first event per recording uses START,yes,ensemble_event_review(3).csv
PERF-004-CAND-0004,PERF-004,PERF-004_SDNG_SNDG_Gangsa_ENSEMBLE04.wav,C:\Users\vonje\Documents\4th Year Acts\Thesis\Latest Requirements\Thesis App\data_pipeline\data\working_audio\ensembles\PERF-004_SDNG_SNDG_Gangsa_ENSEMBLE04.wav,4,1.242268,1.242268,0.25542,0.034822,PERF-004_event_0004_PERF-004-CAND-0004.wav,C:\Users\vonje\Documents\4th Year Acts\Thesis\Latest Requirements\Thesis App\data_pipeline\data\event_review\candidate_event_clips\PERF-004\PERF-004_event_0004_PERF-004-CAND-0004.wav,yes,SHORT_MEDIUM,accepted_after_clip_review,Von Jethro E. Landicho,Accepted as usable candidate event; token assigned from IOI and normalized onset strength.,SHORT,MEDIUM,IOI tertile + onset-strength tertile; first event per recording uses START,yes,ensemble_event_review(3).csv
PERF-004-CAND-0005,PERF-004,PERF-004_SDNG_SNDG_Gangsa_ENSEMBLE04.wav,C:\Users\vonje\Documents\4th Year Acts\Thesis\Latest Requirements\Thesis App\data_pipeline\data\working_audio\ensembles\PERF-004_SDNG_SNDG_Gangsa_ENSEMBLE04.wav,5,1.834376,1.834376,0.5921080000000001,0.02778,PERF-004_event_0005_PERF-004-CAND-0005.wav,C:\Users\vonje\Documents\4th Year Acts\Thesis\Latest Requirements\Thesis App\data_pipeline\data\event_review\candidate_event_clips\PERF-004\PERF-004_event_0005_PERF-004-CAND-0005.wav,yes,MEDIUM_MEDIUM,accepted_after_clip_review,Von Jethro E. Landicho,Accepted as usable candidate event; token assigned from IOI and normalized onset strength.,MEDIUM,MEDIUM,IOI tertile + onset-strength tertile; first event per recording uses START,yes,ensemble_event_review(3).csv
PERF-004-CAND-0006,PERF-004,PERF-004_SDNG_SNDG_Gangsa_ENSEMBLE04.wav,C:\Users\vonje\Documents\4th Year Acts\Thesis\Latest Requirements\Thesis App\data_pipeline\data\working_audio\ensembles\PERF-004_SDNG_SNDG_Gangsa_ENSEMBLE04.wav,6,2.380045,2.380045,0.545669,0.016098,PERF-004_event_0006_PERF-004-CAND-0006.wav,C:\Users\vonje\Documents\4th Year Acts\Thesis\Latest Requirements\Thesis App\data_pipeline\data\event_review\candidate_event_clips\PERF-004\PERF-004_event_0006_PERF-004-CAND-0006.wav,yes,SHORT_WEAK,accepted_after_clip_review,Von Jethro E. Landicho,Accepted as usable candidate event; token assigned from IOI and normalized onset strength.,SHORT,WEAK,IOI tertile + onset-strength tertile; first event per recording uses START,yes,ensemble_event_review(3).csv
PERF-004-CAND-0007,PERF-004,PERF-004_SDNG_SNDG_Gangsa_ENSEMBLE04.wav,C:\Users\vonje\Documents\4th Year Acts\Thesis\Latest Requirements\Thesis App\data_pipeline\data\working_audio\ensembles\PERF-004_SDNG_SNDG_Gangsa_ENSEMBLE04.wav,7,3.506213,3.506213,1.1261679999999998,0.029746,PERF-004_event_0007_PERF-004-CAND-0007.wav,C:\Users\vonje\Documents\4th Year Acts\Thesis\Latest Requirements\Thesis App\data_pipeline\data\event_review\candidate_event_clips\PERF-004\PERF-004_event_0007_PERF-004-CAND-0007.wav,yes,MEDIUM_MEDIUM,accepted_after_clip_review,Von Jethro E. Landicho,Accepted as usable candidate event; token assigned from IOI and normalized onset strength.,MEDIUM,MEDIUM,IOI tertile + onset-strength tertile; first event per recording uses START,yes,ensemble_event_review(3).csv
PERF-004-CAND-0008,PERF-004,PERF-004_SDNG_SNDG_Gangsa_ENSEMBLE04.wav,C:\Users\vonje\Documents\4th Year Acts\Thesis\Latest Requirements\Thesis App\data_pipeline\data\working_audio\ensembles\PERF-004_SDNG_SNDG_Gangsa_ENSEMBLE04.wav,8,4.075102,4.075102,0.5688890000000004,0.033186,PERF-004_event_0008_PERF-004-CAND-0008.wav,C:\Users\vonje\Documents\4th Year Acts\Thesis\Latest Requirements\Thesis App\data_pipeline\data\event_review\candidate_event_clips\PERF-004\PERF-004_event_0008_PERF-004-CAND-0008.wav,yes,MEDIUM_MEDIUM,accepted_after_clip_review,Von Jethro E. Landicho,Accepted as usable candidate event; token assigned from IOI and normalized onset strength.,MEDIUM,MEDIUM,IOI tertile + onset-strength tertile; first event per recording uses START,yes,ensemble_event_review(3).csv
PERF-004-CAND-0009,PERF-004,PERF-004_SDNG_SNDG_Gangsa_ENSEMBLE04.wav,C:\Users\vonje\Documents\4th Year Acts\Thesis\Latest Requirements\Thesis App\data_pipeline\data\working_audio\ensembles\PERF-004_SDNG_SNDG_Gangsa_ENSEMBLE04.wav,9,4.655601,4.655601,0.5804989999999997,0.040346,PERF-004_event_0009_PERF-004-CAND-0009.wav,C:\Users\vonje\Documents\4th Year Acts\Thesis\Latest Requirements\Thesis App\data_pipeline\data\event_review\candidate_event_clips\PERF-004\PERF-004_event_0009_PERF-004-CAND-0009.wav,yes,MEDIUM_STRONG,accepted_after_clip_review,Von Jethro E. Landicho,Accepted as usable candidate event; token assigned from IOI and normalized onset strength.,MEDIUM,STRONG,IOI tertile + onset-strength tertile; first event per recording uses START,yes,ensemble_event_review(3).csv
PERF-004-CAND-0010,PERF-004,PERF-004_SDNG_SNDG_Gangsa_ENSEMBLE04.wav,C:\Users\vonje\Documents\4th Year Acts\Thesis\Latest Requirements\Thesis App\data_pipeline\data\working_audio\ensembles\PERF-004_SDNG_SNDG_Gangsa_ENSEMBLE04.wav,10,4.93424,4.93424,0.2786390000000001,0.024758,PERF-004_event_0010_PERF-004-CAND-0010.wav,C:\Users\vonje\Documents\4th Year Acts\Thesis\Latest Requirements\Thesis App\data_pipeline\data\event_review\candidate_event_clips\PERF-004\PERF-004_event_0010_PERF-004-CAND-0010.wav,yes,SHORT_WEAK,accepted_after_clip_review,Von Jethro E. Landicho,Accepted as usable candidate event; token assigned from IOI and normalized onset strength.,SHORT,WEAK,IOI tertile + onset-strength tertile; first event per recording uses START,yes,ensemble_event_review(3).csv
PERF-004-CAND-0011,PERF-004,PERF-004_SDNG_SNDG_Gangsa_ENSEMBLE04.wav,C:\Users\vonje\Documents\4th Year Acts\Thesis\Latest Requirements\Thesis App\data_pipeline\data\working_audio\ensembles\PERF-004_SDNG_SNDG_Gangsa_ENSEMBLE04.wav,11,5.491519,5.491519,0.5572790000000003,0.017286,PERF-004_event_0011_PERF-004-CAND-0011.wav,C:\Users\vonje\Documents\4th Year Acts\Thesis\Latest Requirements\Thesis App\data_pipeline\data\event_review\candidate_event_clips\PERF-004\PERF-004_event_0011_PERF-004-CAND-0011.wav,yes,SHORT_WEAK,accepted_after_clip_review,Von Jethro E. Landicho,Accepted as usable candidate event; token assigned from IOI and normalized onset strength.,SHORT,WEAK,IOI tertile + onset-strength tertile; first event per recording uses START,yes,ensemble_event_review(3).csv
PERF-004-CAND-0012,PERF-004,PERF-004_SDNG_SNDG_Gangsa_ENSEMBLE04.wav,C:\Users\vonje\Documents\4th Year Acts\Thesis\Latest Requirements\Thesis App\data_pipeline\data\working_audio\ensembles\PERF-004_SDNG_SNDG_Gangsa_ENSEMBLE04.wav,12,5.758549,5.758549,0.2670300000000001,0.033874,PERF-004_event_0012_PERF-004-CAND-0012.wav,C:\Users\vonje\Documents\4th Year Acts\Thesis\Latest Requirements\Thesis App\data_pipeline\data\event_review\candidate_event_clips\PERF-004\PERF-004_event_0012_PERF-004-CAND-0012.wav,yes,SHORT_MEDIUM,accepted_after_clip_review,Von Jethro E. Landicho,Accepted as usable candidate event; token assigned from IOI and normalized onset strength.,SHORT,MEDIUM,IOI tertile + onset-strength tertile; first event per recording uses START,yes,ensemble_event_review(3).csv
PERF-004-CAND-0013,PERF-004,PERF-004_SDNG_SNDG_Gangsa_ENSEMBLE04.wav,C:\Users\vonje\Documents\4th Year Acts\Thesis\Latest Requirements\Thesis App\data_pipeline\data\working_audio\ensembles\PERF-004_SDNG_SNDG_Gangsa_ENSEMBLE04.wav,13,6.025578,6.025578,0.26702899999999996,0.02743,PERF-004_event_0013_PERF-004-CAND-0013.wav,C:\Users\vonje\Documents\4th Year Acts\Thesis\Latest Requirements\Thesis App\data_pipeline\data\event_review\candidate_event_clips\PERF-004\PERF-004_event_0013_PERF-004-CAND-0013.wav,yes,SHORT_MEDIUM,accepted_after_clip_review,Von Jethro E. Landicho,Accepted as usable candidate event; token assigned from IOI and normalized onset strength.,SHORT,MEDIUM,IOI tertile + onset-strength tertile; first event per recording uses START,yes,ensemble_event_review(3).csv
PERF-004-CAND-0014,PERF-004,PERF-004_SDNG_SNDG_Gangsa_ENSEMBLE04.wav,C:\Users\vonje\Documents\4th Year Acts\Thesis\Latest Requirements\Thesis App\data_pipeline\data\working_audio\ensembles\PERF-004_SDNG_SNDG_Gangsa_ENSEMBLE04.wav,14,6.606077,6.606077,0.5804989999999997,0.015418,PERF-004_event_0014_PERF-004-CAND-0014.wav,C:\Users\vonje\Documents\4th Year Acts\Thesis\Latest Requirements\Thesis App\data_pipeline\data\event_review\candidate_event_clips\PERF-004\PERF-004_event_0014_PERF-004-CAND-0014.wav,yes,MEDIUM_WEAK,accepted_after_clip_review,Von Jethro E. Landicho,Accepted as usable candidate event; token assigned from IOI and normalized onset strength.,MEDIUM,WEAK,IOI tertile + onset-strength tertile; first event per recording uses START,yes,ensemble_event_review(3).csv
PERF-004-CAND-0015,PERF-004,PERF-004_SDNG_SNDG_Gangsa_ENSEMBLE04.wav,C:\Users\vonje\Documents\4th Year Acts\Thesis\Latest Requirements\Thesis App\data_pipeline\data\working_audio\ensembles\PERF-004_SDNG_SNDG_Gangsa_ENSEMBLE04.wav,15,6.884717,6.884717,0.2786400000000002,0.025067,PERF-004_event_0015_PERF-004-CAND-0015.wav,C:\Users\vonje\Documents\4th Year Acts\Thesis\Latest Requirements\Thesis App\data_pipeline\data\event_review\candidate_event_clips\PERF-004\PERF-004_event_0015_PERF-004-CAND-0015.wav,yes,SHORT_WEAK,accepted_after_clip_review,Von Jethro E. Landicho,Accepted as usable candidate event; token assigned from IOI and normalized onset strength.,SHORT,WEAK,IOI tertile + onset-strength tertile; first event per recording uses START,yes,ensemble_event_review(3).csv
PERF-004-CAND-0016,PERF-004,PERF-004_SDNG_SNDG_Gangsa_ENSEMBLE04.wav,C:\Users\vonje\Documents\4th Year Acts\Thesis\Latest Requirements\Thesis App\data_pipeline\data\working_audio\ensembles\PERF-004_SDNG_SNDG_Gangsa_ENSEMBLE04.wav,16,7.174966,7.174966,0.2902490000000002,0.021428,PERF-004_event_0016_PERF-004-CAND-0016.wav,C:\Users\vonje\Documents\4th Year Acts\Thesis\Latest Requirements\Thesis App\data_pipeline\data\event_review\candidate_event_clips\PERF-004\PERF-004_event_0016_PERF-004-CAND-0016.wav,yes,SHORT_WEAK,accepted_after_clip_review,Von Jethro E. Landicho,Accepted as usable candidate event; token assigned from IOI and normalized onset strength.,SHORT,WEAK,IOI tertile + onset-strength tertile; first event per recording uses START,yes,ensemble_event_review(3).csv
PERF-004-CAND-0017,PERF-004,PERF-004_SDNG_SNDG_Gangsa_ENSEMBLE04.wav,C:\Users\vonje\Documents\4th Year Acts\Thesis\Latest Requirements\Thesis App\data_pipeline\data\working_audio\ensembles\PERF-004_SDNG_SNDG_Gangsa_ENSEMBLE04.wav,17,7.732245,7.732245,0.5572789999999994,0.030942,PERF-004_event_0017_PERF-004-CAND-0017.wav,C:\Users\vonje\Documents\4th Year Acts\Thesis\Latest Requirements\Thesis App\data_pipeline\data\event_review\candidate_event_clips\PERF-004\PERF-004_event_0017_PERF-004-CAND-0017.wav,yes,SHORT_MEDIUM,accepted_after_clip_review,Von Jethro E. Landicho,Accepted as usable candidate event; token assigned from IOI and normalized onset strength.,SHORT,MEDIUM,IOI tertile + onset-strength tertile; first event per recording uses START,yes,ensemble_event_review(3).csv
PERF-004-CAND-0018,PERF-004,PERF-004_SDNG_SNDG_Gangsa_ENSEMBLE04.wav,C:\Users\vonje\Documents\4th Year Acts\Thesis\Latest Requirements\Thesis App\data_pipeline\data\working_audio\ensembles\PERF-004_SDNG_SNDG_Gangsa_ENSEMBLE04.wav,18,8.010884,8.010884,0.27863900000000097,0.03091,PERF-004_event_0018_PERF-004-CAND-0018.wav,C:\Users\vonje\Documents\4th Year Acts\Thesis\Latest Requirements\Thesis App\data_pipeline\data\event_review\candidate_event_clips\PERF-004\PERF-004_event_0018_PERF-004-CAND-0018.wav,yes,SHORT_MEDIUM,accepted_after_clip_review,Von Jethro E. Landicho,Accepted as usable candidate event; token assigned from IOI and normalized onset strength.,SHORT,MEDIUM,IOI tertile + onset-strength tertile; first event per recording uses START,yes,ensemble_event_review(3).csv
PERF-004-CAND-0019,PERF-004,PERF-004_SDNG_SNDG_Gangsa_ENSEMBLE04.wav,C:\Users\vonje\Documents\4th Year Acts\Thesis\Latest Requirements\Thesis App\data_pipeline\data\working_audio\ensembles\PERF-004_SDNG_SNDG_Gangsa_ENSEMBLE04.wav,19,8.289524,8.289524,0.27863999999999933,0.029961,PERF-004_event_0019_PERF-004-CAND-0019.wav,C:\Users\vonje\Documents\4th Year Acts\Thesis\Latest Requirements\Thesis App\data_pipeline\data\event_review\candidate_event_clips\PERF-004\PERF-004_event_0019_PERF-004-CAND-0019.wav,yes,SHORT_MEDIUM,accepted_after_clip_review,Von Jethro E. Landicho,Accepted as usable candidate event; token assigned from IOI and normalized onset strength.,SHORT,MEDIUM,IOI tertile + onset-strength tertile; first event per recording uses START,yes,ensemble_event_review(3).csv
PERF-004-CAND-0020,PERF-004,PERF-004_SDNG_SNDG_Gangsa_ENSEMBLE04.wav,C:\Users\vonje\Documents\4th Year Acts\Thesis\Latest Requirements\Thesis App\data_pipeline\data\working_audio\ensembles\PERF-004_SDNG_SNDG_Gangsa_ENSEMBLE04.wav,20,8.568163,8.568163,0.2786390000000001,0.024791,PERF-004_event_0020_PERF-004-CAND-0020.wav,C:\Users\vonje\Documents\4th Year Acts\Thesis\Latest Requirements\Thesis App\data_pipeline\data\event_review\candidate_event_clips\PERF-004\PERF-004_event_0020_PERF-004-CAND-0020.wav,yes,SHORT_WEAK,accepted_after_clip_review,Von Jethro E. Landicho,Accepted as usable candidate event; token assigned from IOI and normalized onset strength.,SHORT,WEAK,IOI tertile + onset-strength tertile; first event per recording uses START,yes,ensemble_event_review(3).csv
PERF-004-CAND-0021,PERF-004,PERF-004_SDNG_SNDG_Gangsa_ENSEMBLE04.wav,C:\Users\vonje\Documents\4th Year Acts\Thesis\Latest Requirements\Thesis App\data_pipeline\data\working_audio\ensembles\PERF-004_SDNG_SNDG_Gangsa_ENSEMBLE04.wav,21,9.125442,9.125442,0.5572789999999994,0.025919,PERF-004_event_0021_PERF-004-CAND-0021.wav,C:\Users\vonje\Documents\4th Year Acts\Thesis\Latest Requirements\Thesis App\data_pipeline\data\event_review\candidate_event_clips\PERF-004\PERF-004_event_0021_PERF-004-CAND-0021.wav,yes,SHORT_WEAK,accepted_after_clip_review,Von Jethro E. Landicho,Accepted as usable candidate event; token assigned from IOI and normalized onset strength.,SHORT,WEAK,IOI tertile + onset-strength tertile; first event per recording uses START,yes,ensemble_event_review(3).csv
PERF-004-CAND-0022,PERF-004,PERF-004_SDNG_SNDG_Gangsa_ENSEMBLE04.wav,C:\Users\vonje\Documents\4th Year Acts\Thesis\Latest Requirements\Thesis App\data_pipeline\data\working_audio\ensembles\PERF-004_SDNG_SNDG_Gangsa_ENSEMBLE04.wav,22,9.427302,9.427302,0.3018599999999996,0.030096,PERF-004_event_0022_PERF-004-CAND-0022.wav,C:\Users\vonje\Documents\4th Year Acts\Thesis\Latest Requirements\Thesis App\data_pipeline\data\event_review\candidate_event_clips\PERF-004\PERF-004_event_0022_PERF-004-CAND-0022.wav,yes,SHORT_MEDIUM,accepted_after_clip_review,Von Jethro E. Landicho,Accepted as usable candidate event; token assigned from IOI and normalized onset strength.,SHORT,MEDIUM,IOI tertile + onset-strength tertile; first event per recording uses START,yes,ensemble_event_review(3).csv
PERF-004-CAND-0023,PERF-004,PERF-004_SDNG_SNDG_Gangsa_ENSEMBLE04.wav,C:\Users\vonje\Documents\4th Year Acts\Thesis\Latest Requirements\Thesis App\data_pipeline\data\working_audio\ensembles\PERF-004_SDNG_SNDG_Gangsa_ENSEMBLE04.wav,23,9.98458,9.98458,0.5572780000000002,0.030632,PERF-004_event_0023_PERF-004-CAND-0023.wav,C:\Users\vonje\Documents\4th Year Acts\Thesis\Latest Requirements\Thesis App\data_pipeline\data\event_review\candidate_event_clips\PERF-004\PERF-004_event_0023_PERF-004-CAND-0023.wav,yes,SHORT_MEDIUM,accepted_after_clip_review,Von Jethro E. Landicho,Accepted as usable candidate event; token assigned from IOI and normalized onset strength.,SHORT,MEDIUM,IOI tertile + onset-strength tertile; first event per recording uses START,yes,ensemble_event_review(3).csv
PERF-004-CAND-0024,PERF-004,PERF-004_SDNG_SNDG_Gangsa_ENSEMBLE04.wav,C:\Users\vonje\Documents\4th Year Acts\Thesis\Latest Requirements\Thesis App\data_pipeline\data\working_audio\ensembles\PERF-004_SDNG_SNDG_Gangsa_ENSEMBLE04.wav,24,11.633197,11.633197,1.6486169999999998,0.03259,PERF-004_event_0024_PERF-004-CAND-0024.wav,C:\Users\vonje\Documents\4th Year Acts\Thesis\Latest Requirements\Thesis App\data_pipeline\data\event_review\candidate_event_clips\PERF-004\PERF-004_event_0024_PERF-004-CAND-0024.wav,yes,LONG_MEDIUM,accepted_after_clip_review,Von Jethro E. Landicho,Accepted as usable candidate event; token assigned from IOI and normalized onset strength.,LONG,MEDIUM,IOI tertile + onset-strength tertile; first event per recording uses START,yes,ensemble_event_review(3).csv
PERF-004-CAND-0025,PERF-004,PERF-004_SDNG_SNDG_Gangsa_ENSEMBLE04.wav,C:\Users\vonje\Documents\4th Year Acts\Thesis\Latest Requirements\Thesis App\data_pipeline\data\working_audio\ensembles\PERF-004_SDNG_SNDG_Gangsa_ENSEMBLE04.wav,25,11.900227,11.900227,0.2670300000000001,0.021841,PERF-004_event_0025_PERF-004-CAND-0025.wav,C:\Users\vonje\Documents\4th Year Acts\Thesis\Latest Requirements\Thesis App\data_pipeline\data\event_review\candidate_event_clips\PERF-004\PERF-004_event_0025_PERF-004-CAND-0025.wav,yes,SHORT_WEAK,accepted_after_clip_review,Von Jethro E. Landicho,Accepted as usable candidate event; token assigned from IOI and normalized onset strength.,SHORT,WEAK,IOI tertile + onset-strength tertile; first event per recording uses START,yes,ensemble_event_review(3).csv
PERF-004-CAND-0026,PERF-004,PERF-004_SDNG_SNDG_Gangsa_ENSEMBLE04.wav,C:\Users\vonje\Documents\4th Year Acts\Thesis\Latest Requirements\Thesis App\data_pipeline\data\working_audio\ensembles\PERF-004_SDNG_SNDG_Gangsa_ENSEMBLE04.wav,26,12.434286,12.434286,0.534059000000001,0.021914,PERF-004_event_0026_PERF-004-CAND-0026.wav,C:\Users\vonje\Documents\4th Year Acts\Thesis\Latest Requirements\Thesis App\data_pipeline\data\event_review\candidate_event_clips\PERF-004\PERF-004_event_0026_PERF-004-CAND-0026.wav,yes,SHORT_WEAK,accepted_after_clip_review,Von Jethro E. Landicho,Accepted as usable candidate event; token assigned from IOI and normalized onset strength.,SHORT,WEAK,IOI tertile + onset-strength tertile; first event per recording uses START,yes,ensemble_event_review(3).csv
PERF-004-CAND-0027,PERF-004,PERF-004_SDNG_SNDG_Gangsa_ENSEMBLE04.wav,C:\Users\vonje\Documents\4th Year Acts\Thesis\Latest Requirements\Thesis App\data_pipeline\data\working_audio\ensembles\PERF-004_SDNG_SNDG_Gangsa_ENSEMBLE04.wav,27,12.968345,12.968345,0.5340589999999992,0.024558,PERF-004_event_0027_PERF-004-CAND-0027.wav,C:\Users\vonje\Documents\4th Year Acts\Thesis\Latest Requirements\Thesis App\data_pipeline\data\event_review\candidate_event_clips\PERF-004\PERF-004_event_0027_PERF-004-CAND-0027.wav,yes,SHORT_WEAK,accepted_after_clip_review,Von Jethro E. Landicho,Accepted as usable candidate event; token assigned from IOI and normalized onset strength.,SHORT,WEAK,IOI tertile + onset-strength tertile; first event per recording uses START,yes,ensemble_event_review(3).csv
PERF-004-CAND-0028,PERF-004,PERF-004_SDNG_SNDG_Gangsa_ENSEMBLE04.wav,C:\Users\vonje\Documents\4th Year Acts\Thesis\Latest Requirements\Thesis App\data_pipeline\data\working_audio\ensembles\PERF-004_SDNG_SNDG_Gangsa_ENSEMBLE04.wav,28,14.628571,14.628571,1.6602260000000015,0.023184,PERF-004_event_0028_PERF-004-CAND-0028.wav,C:\Users\vonje\Documents\4th Year Acts\Thesis\Latest Requirements\Thesis App\data_pipeline\data\event_review\candidate_event_clips\PERF-004\PERF-004_event_0028_PERF-004-CAND-0028.wav,yes,LONG_WEAK,accepted_after_clip_review,Von Jethro E. Landicho,Accepted as usable candidate event; token assigned from IOI and normalized onset strength.,LONG,WEAK,IOI tertile + onset-strength tertile; first event per recording uses START,yes,ensemble_event_review(3).csv
PERF-004-CAND-0029,PERF-004,PERF-004_SDNG_SNDG_Gangsa_ENSEMBLE04.wav,C:\Users\vonje\Documents\4th Year Acts\Thesis\Latest Requirements\Thesis App\data_pipeline\data\working_audio\ensembles\PERF-004_SDNG_SNDG_Gangsa_ENSEMBLE04.wav,29,15.18585,15.18585,0.5572789999999994,0.019765,PERF-004_event_0029_PERF-004-CAND-0029.wav,C:\Users\vonje\Documents\4th Year Acts\Thesis\Latest Requirements\Thesis App\data_pipeline\data\event_review\candidate_event_clips\PERF-004\PERF-004_event_0029_PERF-004-CAND-0029.wav,yes,SHORT_WEAK,accepted_after_clip_review,Von Jethro E. Landicho,Accepted as usable candidate event; token assigned from IOI and normalized onset strength.,SHORT,WEAK,IOI tertile + onset-strength tertile; first event per recording uses START,yes,ensemble_event_review(3).csv
PERF-004-CAND-0030,PERF-004,PERF-004_SDNG_SNDG_Gangsa_ENSEMBLE04.wav,C:\Users\vonje\Documents\4th Year Acts\Thesis\Latest Requirements\Thesis App\data_pipeline\data\working_audio\ensembles\PERF-004_SDNG_SNDG_Gangsa_ENSEMBLE04.wav,30,15.719909,15.719909,0.5340589999999992,0.021412,PERF-004_event_0030_PERF-004-CAND-0030.wav,C:\Users\vonje\Documents\4th Year Acts\Thesis\Latest Requirements\Thesis App\data_pipeline\data\event_review\candidate_event_clips\PERF-004\PERF-004_event_0030_PERF-004-CAND-0030.wav,yes,SHORT_WEAK,accepted_after_clip_review,Von Jethro E. Landicho,Accepted as usable candidate event; token assigned from IOI and normalized onset strength.,SHORT,WEAK,IOI tertile + onset-strength tertile; first event per recording uses START,yes,ensemble_event_review(3).csv
PERF-004-CAND-0031,PERF-004,PERF-004_SDNG_SNDG_Gangsa_ENSEMBLE04.wav,C:\Users\vonje\Documents\4th Year Acts\Thesis\Latest Requirements\Thesis App\data_pipeline\data\working_audio\ensembles\PERF-004_SDNG_SNDG_Gangsa_ENSEMBLE04.wav,31,16.834467,16.834467,1.1145580000000006,0.025314,PERF-004_event_0031_PERF-004-CAND-0031.wav,C:\Users\vonje\Documents\4th Year Acts\Thesis\Latest Requirements\Thesis App\data_pipeline\data\event_review\candidate_event_clips\PERF-004\PERF-004_event_0031_PERF-004-CAND-0031.wav,yes,MEDIUM_WEAK,accepted_after_clip_review,Von Jethro E. Landicho,Accepted as usable candidate event; token assigned from IOI and normalized onset strength.,MEDIUM,WEAK,IOI tertile + onset-strength tertile; first event per recording uses START,yes,ensemble_event_review(3).csv
PERF-004-CAND-0032,PERF-004,PERF-004_SDNG_SNDG_Gangsa_ENSEMBLE04.wav,C:\Users\vonje\Documents\4th Year Acts\Thesis\Latest Requirements\Thesis App\data_pipeline\data\working_audio\ensembles\PERF-004_SDNG_SNDG_Gangsa_ENSEMBLE04.wav,32,17.983855,17.983855,1.1493879999999983,0.052143,PERF-004_event_0032_PERF-004-CAND-0032.wav,C:\Users\vonje\Documents\4th Year Acts\Thesis\Latest Requirements\Thesis App\data_pipeline\data\event_review\candidate_event_clips\PERF-004\PERF-004_event_0032_PERF-004-CAND-0032.wav,yes,LONG_STRONG,accepted_after_clip_review,Von Jethro E. Landicho,Accepted as usable candidate event; token assigned from IOI and normalized onset strength.,LONG,STRONG,IOI tertile + onset-strength tertile; first event per recording uses START,yes,ensemble_event_review(3).csv
PERF-004-CAND-0033,PERF-004,PERF-004_SDNG_SNDG_Gangsa_ENSEMBLE04.wav,C:\Users\vonje\Documents\4th Year Acts\Thesis\Latest Requirements\Thesis App\data_pipeline\data\working_audio\ensembles\PERF-004_SDNG_SNDG_Gangsa_ENSEMBLE04.wav,33,18.250884,18.250884,0.26702900000000085,0.023399,PERF-004_event_0033_PERF-004-CAND-0033.wav,C:\Users\vonje\Documents\4th Year Acts\Thesis\Latest Requirements\Thesis App\data_pipeline\data\event_review\candidate_event_clips\PERF-004\PERF-004_event_0033_PERF-004-CAND-0033.wav,yes,SHORT_WEAK,accepted_after_clip_review,Von Jethro E. Landicho,Accepted as usable candidate event; token assigned from IOI and normalized onset strength.,SHORT,WEAK,IOI tertile + onset-strength tertile; first event per recording uses START,yes,ensemble_event_review(3).csv
PERF-004-CAND-0034,PERF-004,PERF-004_SDNG_SNDG_Gangsa_ENSEMBLE04.wav,C:\Users\vonje\Documents\4th Year Acts\Thesis\Latest Requirements\Thesis App\data_pipeline\data\working_audio\ensembles\PERF-004_SDNG_SNDG_Gangsa_ENSEMBLE04.wav,34,18.529524,18.529524,0.27863999999999933,0.027093,PERF-004_event_0034_PERF-004-CAND-0034.wav,C:\Users\vonje\Documents\4th Year Acts\Thesis\Latest Requirements\Thesis App\data_pipeline\data\event_review\candidate_event_clips\PERF-004\PERF-004_event_0034_PERF-004-CAND-0034.wav,yes,SHORT_MEDIUM,accepted_after_clip_review,Von Jethro E. Landicho,Accepted as usable candidate event; token assigned from IOI and normalized onset strength.,SHORT,MEDIUM,IOI tertile + onset-strength tertile; first event per recording uses START,yes,ensemble_event_review(3).csv
PERF-004-CAND-0035,PERF-004,PERF-004_SDNG_SNDG_Gangsa_ENSEMBLE04.wav,C:\Users\vonje\Documents\4th Year Acts\Thesis\Latest Requirements\Thesis App\data_pipeline\data\working_audio\ensembles\PERF-004_SDNG_SNDG_Gangsa_ENSEMBLE04.wav,35,18.819773,18.819773,0.29024900000000287,0.022675,PERF-004_event_0035_PERF-004-CAND-0035.wav,C:\Users\vonje\Documents\4th Year Acts\Thesis\Latest Requirements\Thesis App\data_pipeline\data\event_review\candidate_event_clips\PERF-004\PERF-004_event_0035_PERF-004-CAND-0035.wav,yes,SHORT_WEAK,accepted_after_clip_review,Von Jethro E. Landicho,Accepted as usable candidate event; token assigned from IOI and normalized onset strength.,SHORT,WEAK,IOI tertile + onset-strength tertile; first event per recording uses START,yes,ensemble_event_review(3).csv
PERF-004-CAND-0036,PERF-004,PERF-004_SDNG_SNDG_Gangsa_ENSEMBLE04.wav,C:\Users\vonje\Documents\4th Year Acts\Thesis\Latest Requirements\Thesis App\data_pipeline\data\working_audio\ensembles\PERF-004_SDNG_SNDG_Gangsa_ENSEMBLE04.wav,36,19.655692,19.655692,0.835918999999997,0.043372,PERF-004_event_0036_PERF-004-CAND-0036.wav,C:\Users\vonje\Documents\4th Year Acts\Thesis\Latest Requirements\Thesis App\data_pipeline\data\event_review\candidate_event_clips\PERF-004\PERF-004_event_0036_PERF-004-CAND-0036.wav,yes,MEDIUM_STRONG,accepted_after_clip_review,Von Jethro E. Landicho,Accepted as usable candidate event; token assigned from IOI and normalized onset strength.,MEDIUM,STRONG,IOI tertile + onset-strength tertile; first event per recording uses START,yes,ensemble_event_review(3).csv
PERF-004-CAND-0037,PERF-004,PERF-004_SDNG_SNDG_Gangsa_ENSEMBLE04.wav,C:\Users\vonje\Documents\4th Year Acts\Thesis\Latest Requirements\Thesis App\data_pipeline\data\working_audio\ensembles\PERF-004_SDNG_SNDG_Gangsa_ENSEMBLE04.wav,37,21.025669,21.025669,1.3699770000000022,0.021403,PERF-004_event_0037_PERF-004-CAND-0037.wav,C:\Users\vonje\Documents\4th Year Acts\Thesis\Latest Requirements\Thesis App\data_pipeline\data\event_review\candidate_event_clips\PERF-004\PERF-004_event_0037_PERF-004-CAND-0037.wav,yes,LONG_WEAK,accepted_after_clip_review,Von Jethro E. Landicho,Accepted as usable candidate event; token assigned from IOI and normalized onset strength.,LONG,WEAK,IOI tertile + onset-strength tertile; first event per recording uses START,yes,ensemble_event_review(3).csv
PERF-004-CAND-0038,PERF-004,PERF-004_SDNG_SNDG_Gangsa_ENSEMBLE04.wav,C:\Users\vonje\Documents\4th Year Acts\Thesis\Latest Requirements\Thesis App\data_pipeline\data\working_audio\ensembles\PERF-004_SDNG_SNDG_Gangsa_ENSEMBLE04.wav,38,22.105397,22.105397,1.0797279999999994,0.018787,PERF-004_event_0038_PERF-004-CAND-0038.wav,C:\Users\vonje\Documents\4th Year Acts\Thesis\Latest Requirements\Thesis App\data_pipeline\data\event_review\candidate_event_clips\PERF-004\PERF-004_event_0038_PERF-004-CAND-0038.wav,yes,MEDIUM_WEAK,accepted_after_clip_review,Von Jethro E. Landicho,Accepted as usable candidate event; token assigned from IOI and normalized onset strength.,MEDIUM,WEAK,IOI tertile + onset-strength tertile; first event per recording uses START,yes,ensemble_event_review(3).csv
PERF-004-CAND-0039,PERF-004,PERF-004_SDNG_SNDG_Gangsa_ENSEMBLE04.wav,C:\Users\vonje\Documents\4th Year Acts\Thesis\Latest Requirements\Thesis App\data_pipeline\data\working_audio\ensembles\PERF-004_SDNG_SNDG_Gangsa_ENSEMBLE04.wav,39,22.674286,22.674286,0.5688889999999986,0.028448,PERF-004_event_0039_PERF-004-CAND-0039.wav,C:\Users\vonje\Documents\4th Year Acts\Thesis\Latest Requirements\Thesis App\data_pipeline\data\event_review\candidate_event_clips\PERF-004\PERF-004_event_0039_PERF-004-CAND-0039.wav,yes,SHORT_MEDIUM,accepted_after_clip_review,Von Jethro E. Landicho,Accepted as usable candidate event; token assigned from IOI and normalized onset strength.,SHORT,MEDIUM,IOI tertile + onset-strength tertile; first event per recording uses START,yes,ensemble_event_review(3).csv
PERF-004-CAND-0040,PERF-004,PERF-004_SDNG_SNDG_Gangsa_ENSEMBLE04.wav,C:\Users\vonje\Documents\4th Year Acts\Thesis\Latest Requirements\Thesis App\data_pipeline\data\working_audio\ensembles\PERF-004_SDNG_SNDG_Gangsa_ENSEMBLE04.wav,40,22.941315,22.941315,0.26702900000000085,0.02195,PERF-004_event_0040_PERF-004-CAND-0040.wav,C:\Users\vonje\Documents\4th Year Acts\Thesis\Latest Requirements\Thesis App\data_pipeline\data\event_review\candidate_event_clips\PERF-004\PERF-004_event_0040_PERF-004-CAND-0040.wav,yes,SHORT_WEAK,accepted_after_clip_review,Von Jethro E. Landicho,Accepted as usable candidate event; token assigned from IOI and normalized onset strength.,SHORT,WEAK,IOI tertile + onset-strength tertile; first event per recording uses START,yes,ensemble_event_review(3).csv
PERF-004-CAND-0041,PERF-004,PERF-004_SDNG_SNDG_Gangsa_ENSEMBLE04.wav,C:\Users\vonje\Documents\4th Year Acts\Thesis\Latest Requirements\Thesis App\data_pipeline\data\working_audio\ensembles\PERF-004_SDNG_SNDG_Gangsa_ENSEMBLE04.wav,41,23.754014,23.754014,0.8126990000000021,0.030292,PERF-004_event_0041_PERF-004-CAND-0041.wav,C:\Users\vonje\Documents\4th Year Acts\Thesis\Latest Requirements\Thesis App\data_pipeline\data\event_review\candidate_event_clips\PERF-004\PERF-004_event_0041_PERF-004-CAND-0041.wav,yes,MEDIUM_MEDIUM,accepted_after_clip_review,Von Jethro E. Landicho,Accepted as usable candidate event; token assigned from IOI and normalized onset strength.,MEDIUM,MEDIUM,IOI tertile + onset-strength tertile; first event per recording uses START,yes,ensemble_event_review(3).csv
PERF-004-CAND-0042,PERF-004,PERF-004_SDNG_SNDG_Gangsa_ENSEMBLE04.wav,C:\Users\vonje\Documents\4th Year Acts\Thesis\Latest Requirements\Thesis App\data_pipeline\data\working_audio\ensembles\PERF-004_SDNG_SNDG_Gangsa_ENSEMBLE04.wav,42,24.044263,24.044263,0.2902489999999993,0.020213,PERF-004_event_0042_PERF-004-CAND-0042.wav,C:\Users\vonje\Documents\4th Year Acts\Thesis\Latest Requirements\Thesis App\data_pipeline\data\event_review\candidate_event_clips\PERF-004\PERF-004_event_0042_PERF-004-CAND-0042.wav,yes,SHORT_WEAK,accepted_after_clip_review,Von Jethro E. Landicho,Accepted as usable candidate event; token assigned from IOI and normalized onset strength.,SHORT,WEAK,IOI tertile + onset-strength tertile; first event per recording uses START,yes,ensemble_event_review(3).csv
PERF-004-CAND-0043,PERF-004,PERF-004_SDNG_SNDG_Gangsa_ENSEMBLE04.wav,C:\Users\vonje\Documents\4th Year Acts\Thesis\Latest Requirements\Thesis App\data_pipeline\data\working_audio\ensembles\PERF-004_SDNG_SNDG_Gangsa_ENSEMBLE04.wav,43,24.311293,24.311293,0.2670299999999983,0.029029,PERF-004_event_0043_PERF-004-CAND-0043.wav,C:\Users\vonje\Documents\4th Year Acts\Thesis\Latest Requirements\Thesis App\data_pipeline\data\event_review\candidate_event_clips\PERF-004\PERF-004_event_0043_PERF-004-CAND-0043.wav,yes,SHORT_MEDIUM,accepted_after_clip_review,Von Jethro E. Landicho,Accepted as usable candidate event; token assigned from IOI and normalized onset strength.,SHORT,MEDIUM,IOI tertile + onset-strength tertile; first event per recording uses START,yes,ensemble_event_review(3).csv
PERF-004-CAND-0044,PERF-004,PERF-004_SDNG_SNDG_Gangsa_ENSEMBLE04.wav,C:\Users\vonje\Documents\4th Year Acts\Thesis\Latest Requirements\Thesis App\data_pipeline\data\working_audio\ensembles\PERF-004_SDNG_SNDG_Gangsa_ENSEMBLE04.wav,44,24.845351,24.845351,0.5340580000000017,0.02444,PERF-004_event_0044_PERF-004-CAND-0044.wav,C:\Users\vonje\Documents\4th Year Acts\Thesis\Latest Requirements\Thesis App\data_pipeline\data\event_review\candidate_event_clips\PERF-004\PERF-004_event_0044_PERF-004-CAND-0044.wav,yes,SHORT_WEAK,accepted_after_clip_review,Von Jethro E. Landicho,Accepted as usable candidate event; token assigned from IOI and normalized onset strength.,SHORT,WEAK,IOI tertile + onset-strength tertile; first event per recording uses START,yes,ensemble_event_review(3).csv
PERF-004-CAND-0045,PERF-004,PERF-004_SDNG_SNDG_Gangsa_ENSEMBLE04.wav,C:\Users\vonje\Documents\4th Year Acts\Thesis\Latest Requirements\Thesis App\data_pipeline\data\working_audio\ensembles\PERF-004_SDNG_SNDG_Gangsa_ENSEMBLE04.wav,45,25.123991,25.123991,0.27863999999999933,0.021805,PERF-004_event_0045_PERF-004-CAND-0045.wav,C:\Users\vonje\Documents\4th Year Acts\Thesis\Latest Requirements\Thesis App\data_pipeline\data\event_review\candidate_event_clips\PERF-004\PERF-004_event_0045_PERF-004-CAND-0045.wav,yes,SHORT_WEAK,accepted_after_clip_review,Von Jethro E. Landicho,Accepted as usable candidate event; token assigned from IOI and normalized onset strength.,SHORT,WEAK,IOI tertile + onset-strength tertile; first event per recording uses START,yes,ensemble_event_review(3).csv
PERF-004-CAND-0046,PERF-004,PERF-004_SDNG_SNDG_Gangsa_ENSEMBLE04.wav,C:\Users\vonje\Documents\4th Year Acts\Thesis\Latest Requirements\Thesis App\data_pipeline\data\working_audio\ensembles\PERF-004_SDNG_SNDG_Gangsa_ENSEMBLE04.wav,46,26.261769,26.261769,1.1377780000000008,0.079802,PERF-004_event_0046_PERF-004-CAND-0046.wav,C:\Users\vonje\Documents\4th Year Acts\Thesis\Latest Requirements\Thesis App\data_pipeline\data\event_review\candidate_event_clips\PERF-004\PERF-004_event_0046_PERF-004-CAND-0046.wav,yes,MEDIUM_STRONG,accepted_after_clip_review,Von Jethro E. Landicho,Accepted as usable candidate event; token assigned from IOI and normalized onset strength.,MEDIUM,STRONG,IOI tertile + onset-strength tertile; first event per recording uses START,yes,ensemble_event_review(3).csv
PERF-004-CAND-0047,PERF-004,PERF-004_SDNG_SNDG_Gangsa_ENSEMBLE04.wav,C:\Users\vonje\Documents\4th Year Acts\Thesis\Latest Requirements\Thesis App\data_pipeline\data\working_audio\ensembles\PERF-004_SDNG_SNDG_Gangsa_ENSEMBLE04.wav,47,26.784218,26.784218,0.5224489999999982,0.026905,PERF-004_event_0047_PERF-004-CAND-0047.wav,C:\Users\vonje\Documents\4th Year Acts\Thesis\Latest Requirements\Thesis App\data_pipeline\data\event_review\candidate_event_clips\PERF-004\PERF-004_event_0047_PERF-004-CAND-0047.wav,yes,SHORT_WEAK,accepted_after_clip_review,Von Jethro E. Landicho,Accepted as usable candidate event; token assigned from IOI and normalized onset strength.,SHORT,WEAK,IOI tertile + onset-strength tertile; first event per recording uses START,yes,ensemble_event_review(3).csv
PERF-004-CAND-0048,PERF-004,PERF-004_SDNG_SNDG_Gangsa_ENSEMBLE04.wav,C:\Users\vonje\Documents\4th Year Acts\Thesis\Latest Requirements\Thesis App\data_pipeline\data\working_audio\ensembles\PERF-004_SDNG_SNDG_Gangsa_ENSEMBLE04.wav,48,27.051247,27.051247,0.26702900000000085,0.026232,PERF-004_event_0048_PERF-004-CAND-0048.wav,C:\Users\vonje\Documents\4th Year Acts\Thesis\Latest Requirements\Thesis App\data_pipeline\data\event_review\candidate_event_clips\PERF-004\PERF-004_event_0048_PERF-004-CAND-0048.wav,yes,SHORT_WEAK,accepted_after_clip_review,Von Jethro E. Landicho,Accepted as usable candidate event; token assigned from IOI and normalized onset strength.,SHORT,WEAK,IOI tertile + onset-strength tertile; first event per recording uses START,yes,ensemble_event_review(3).csv
PERF-004-CAND-0049,PERF-004,PERF-004_SDNG_SNDG_Gangsa_ENSEMBLE04.wav,C:\Users\vonje\Documents\4th Year Acts\Thesis\Latest Requirements\Thesis App\data_pipeline\data\working_audio\ensembles\PERF-004_SDNG_SNDG_Gangsa_ENSEMBLE04.wav,49,27.329887,27.329887,0.27863999999999933,0.024812,PERF-004_event_0049_PERF-004-CAND-0049.wav,C:\Users\vonje\Documents\4th Year Acts\Thesis\Latest Requirements\Thesis App\data_pipeline\data\event_review\candidate_event_clips\PERF-004\PERF-004_event_0049_PERF-004-CAND-0049.wav,yes,SHORT_WEAK,accepted_after_clip_review,Von Jethro E. Landicho,Accepted as usable candidate event; token assigned from IOI and normalized onset strength.,SHORT,WEAK,IOI tertile + onset-strength tertile; first event per recording uses START,yes,ensemble_event_review(3).csv
PERF-004-CAND-0050,PERF-004,PERF-004_SDNG_SNDG_Gangsa_ENSEMBLE04.wav,C:\Users\vonje\Documents\4th Year Acts\Thesis\Latest Requirements\Thesis App\data_pipeline\data\working_audio\ensembles\PERF-004_SDNG_SNDG_Gangsa_ENSEMBLE04.wav,50,27.608526,27.608526,0.27863900000000186,0.027154,PERF-004_event_0050_PERF-004-CAND-0050.wav,C:\Users\vonje\Documents\4th Year Acts\Thesis\Latest Requirements\Thesis App\data_pipeline\data\event_review\candidate_event_clips\PERF-004\PERF-004_event_0050_PERF-004-CAND-0050.wav,yes,SHORT_MEDIUM,accepted_after_clip_review,Von Jethro E. Landicho,Accepted as usable candidate event; token assigned from IOI and normalized onset strength.,SHORT,MEDIUM,IOI tertile + onset-strength tertile; first event per recording uses START,yes,ensemble_event_review(3).csv
PERF-004-CAND-0051,PERF-004,PERF-004_SDNG_SNDG_Gangsa_ENSEMBLE04.wav,C:\Users\vonje\Documents\4th Year Acts\Thesis\Latest Requirements\Thesis App\data_pipeline\data\working_audio\ensembles\PERF-004_SDNG_SNDG_Gangsa_ENSEMBLE04.wav,51,27.887166,27.887166,0.27863999999999933,0.021951,PERF-004_event_0051_PERF-004-CAND-0051.wav,C:\Users\vonje\Documents\4th Year Acts\Thesis\Latest Requirements\Thesis App\data_pipeline\data\event_review\candidate_event_clips\PERF-004\PERF-004_event_0051_PERF-004-CAND-0051.wav,yes,SHORT_WEAK,accepted_after_clip_review,Von Jethro E. Landicho,Accepted as usable candidate event; token assigned from IOI and normalized onset strength.,SHORT,WEAK,IOI tertile + onset-strength tertile; first event per recording uses START,yes,ensemble_event_review(3).csv
PERF-004-CAND-0052,PERF-004,PERF-004_SDNG_SNDG_Gangsa_ENSEMBLE04.wav,C:\Users\vonje\Documents\4th Year Acts\Thesis\Latest Requirements\Thesis App\data_pipeline\data\working_audio\ensembles\PERF-004_SDNG_SNDG_Gangsa_ENSEMBLE04.wav,52,28.154195,28.154195,0.26702900000000085,0.020674,PERF-004_event_0052_PERF-004-CAND-0052.wav,C:\Users\vonje\Documents\4th Year Acts\Thesis\Latest Requirements\Thesis App\data_pipeline\data\event_review\candidate_event_clips\PERF-004\PERF-004_event_0052_PERF-004-CAND-0052.wav,yes,SHORT_WEAK,accepted_after_clip_review,Von Jethro E. Landicho,Accepted as usable candidate event; token assigned from IOI and normalized onset strength.,SHORT,WEAK,IOI tertile + onset-strength tertile; first event per recording uses START,yes,ensemble_event_review(3).csv
PERF-004-CAND-0053,PERF-004,PERF-004_SDNG_SNDG_Gangsa_ENSEMBLE04.wav,C:\Users\vonje\Documents\4th Year Acts\Thesis\Latest Requirements\Thesis App\data_pipeline\data\working_audio\ensembles\PERF-004_SDNG_SNDG_Gangsa_ENSEMBLE04.wav,53,28.699864,28.699864,0.5456690000000002,0.026085,PERF-004_event_0053_PERF-004-CAND-0053.wav,C:\Users\vonje\Documents\4th Year Acts\Thesis\Latest Requirements\Thesis App\data_pipeline\data\event_review\candidate_event_clips\PERF-004\PERF-004_event_0053_PERF-004-CAND-0053.wav,yes,SHORT_WEAK,accepted_after_clip_review,Von Jethro E. Landicho,Accepted as usable candidate event; token assigned from IOI and normalized onset strength.,SHORT,WEAK,IOI tertile + onset-strength tertile; first event per recording uses START,yes,ensemble_event_review(3).csv
PERF-004-CAND-0054,PERF-004,PERF-004_SDNG_SNDG_Gangsa_ENSEMBLE04.wav,C:\Users\vonje\Documents\4th Year Acts\Thesis\Latest Requirements\Thesis App\data_pipeline\data\working_audio\ensembles\PERF-004_SDNG_SNDG_Gangsa_ENSEMBLE04.wav,54,29.280363,29.280363,0.5804989999999997,0.02209,PERF-004_event_0054_PERF-004-CAND-0054.wav,C:\Users\vonje\Documents\4th Year Acts\Thesis\Latest Requirements\Thesis App\data_pipeline\data\event_review\candidate_event_clips\PERF-004\PERF-004_event_0054_PERF-004-CAND-0054.wav,yes,MEDIUM_WEAK,accepted_after_clip_review,Von Jethro E. Landicho,Accepted as usable candidate event; token assigned from IOI and normalized onset strength.,MEDIUM,WEAK,IOI tertile + onset-strength tertile; first event per recording uses START,yes,ensemble_event_review(3).csv
PERF-004-CAND-0055,PERF-004,PERF-004_SDNG_SNDG_Gangsa_ENSEMBLE04.wav,C:\Users\vonje\Documents\4th Year Acts\Thesis\Latest Requirements\Thesis App\data_pipeline\data\working_audio\ensembles\PERF-004_SDNG_SNDG_Gangsa_ENSEMBLE04.wav,55,29.547392,29.547392,0.2670289999999973,0.024117,PERF-004_event_0055_PERF-004-CAND-0055.wav,C:\Users\vonje\Documents\4th Year Acts\Thesis\Latest Requirements\Thesis App\data_pipeline\data\event_review\candidate_event_clips\PERF-004\PERF-004_event_0055_PERF-004-CAND-0055.wav,yes,SHORT_WEAK,accepted_after_clip_review,Von Jethro E. Landicho,Accepted as usable candidate event; token assigned from IOI and normalized onset strength.,SHORT,WEAK,IOI tertile + onset-strength tertile; first event per recording uses START,yes,ensemble_event_review(3).csv
PERF-004-CAND-0056,PERF-004,PERF-004_SDNG_SNDG_Gangsa_ENSEMBLE04.wav,C:\Users\vonje\Documents\4th Year Acts\Thesis\Latest Requirements\Thesis App\data_pipeline\data\working_audio\ensembles\PERF-004_SDNG_SNDG_Gangsa_ENSEMBLE04.wav,56,29.849252,29.849252,0.30186000000000135,0.024136,PERF-004_event_0056_PERF-004-CAND-0056.wav,C:\Users\vonje\Documents\4th Year Acts\Thesis\Latest Requirements\Thesis App\data_pipeline\data\event_review\candidate_event_clips\PERF-004\PERF-004_event_0056_PERF-004-CAND-0056.wav,yes,SHORT_WEAK,accepted_after_clip_review,Von Jethro E. Landicho,Accepted as usable candidate event; token assigned from IOI and normalized onset strength.,SHORT,WEAK,IOI tertile + onset-strength tertile; first event per recording uses START,yes,ensemble_event_review(3).csv
PERF-004-CAND-0057,PERF-004,PERF-004_SDNG_SNDG_Gangsa_ENSEMBLE04.wav,C:\Users\vonje\Documents\4th Year Acts\Thesis\Latest Requirements\Thesis App\data_pipeline\data\working_audio\ensembles\PERF-004_SDNG_SNDG_Gangsa_ENSEMBLE04.wav,57,31.196009,31.196009,1.3467570000000002,0.025725,PERF-004_event_0057_PERF-004-CAND-0057.wav,C:\Users\vonje\Documents\4th Year Acts\Thesis\Latest Requirements\Thesis App\data_pipeline\data\event_review\candidate_event_clips\PERF-004\PERF-004_event_0057_PERF-004-CAND-0057.wav,yes,LONG_WEAK,accepted_after_clip_review,Von Jethro E. Landicho,Accepted as usable candidate event; token assigned from IOI and normalized onset strength.,LONG,WEAK,IOI tertile + onset-strength tertile; first event per recording uses START,yes,ensemble_event_review(3).csv
PERF-004-CAND-0058,PERF-004,PERF-004_SDNG_SNDG_Gangsa_ENSEMBLE04.wav,C:\Users\vonje\Documents\4th Year Acts\Thesis\Latest Requirements\Thesis App\data_pipeline\data\working_audio\ensembles\PERF-004_SDNG_SNDG_Gangsa_ENSEMBLE04.wav,58,31.764898,31.764898,0.5688889999999986,0.019788,PERF-004_event_0058_PERF-004-CAND-0058.wav,C:\Users\vonje\Documents\4th Year Acts\Thesis\Latest Requirements\Thesis App\data_pipeline\data\event_review\candidate_event_clips\PERF-004\PERF-004_event_0058_PERF-004-CAND-0058.wav,yes,SHORT_WEAK,accepted_after_clip_review,Von Jethro E. Landicho,Accepted as usable candidate event; token assigned from IOI and normalized onset strength.,SHORT,WEAK,IOI tertile + onset-strength tertile; first event per recording uses START,yes,ensemble_event_review(3).csv
PERF-004-CAND-0059,PERF-004,PERF-004_SDNG_SNDG_Gangsa_ENSEMBLE04.wav,C:\Users\vonje\Documents\4th Year Acts\Thesis\Latest Requirements\Thesis App\data_pipeline\data\working_audio\ensembles\PERF-004_SDNG_SNDG_Gangsa_ENSEMBLE04.wav,59,32.008707,32.008707,0.24380900000000238,0.03679,PERF-004_event_0059_PERF-004-CAND-0059.wav,C:\Users\vonje\Documents\4th Year Acts\Thesis\Latest Requirements\Thesis App\data_pipeline\data\event_review\candidate_event_clips\PERF-004\PERF-004_event_0059_PERF-004-CAND-0059.wav,yes,SHORT_STRONG,accepted_after_clip_review,Von Jethro E. Landicho,Accepted as usable candidate event; token assigned from IOI and normalized onset strength.,SHORT,STRONG,IOI tertile + onset-strength tertile; first event per recording uses START,yes,ensemble_event_review(3).csv
PERF-004-CAND-0060,PERF-004,PERF-004_SDNG_SNDG_Gangsa_ENSEMBLE04.wav,C:\Users\vonje\Documents\4th Year Acts\Thesis\Latest Requirements\Thesis App\data_pipeline\data\working_audio\ensembles\PERF-004_SDNG_SNDG_Gangsa_ENSEMBLE04.wav,60,32.310567,32.310567,0.3018599999999978,0.031579,PERF-004_event_0060_PERF-004-CAND-0060.wav,C:\Users\vonje\Documents\4th Year Acts\Thesis\Latest Requirements\Thesis App\data_pipeline\data\event_review\candidate_event_clips\PERF-004\PERF-004_event_0060_PERF-004-CAND-0060.wav,yes,SHORT_MEDIUM,accepted_after_clip_review,Von Jethro E. Landicho,Accepted as usable candidate event; token assigned from IOI and normalized onset strength.,SHORT,MEDIUM,IOI tertile + onset-strength tertile; first event per recording uses START,yes,ensemble_event_review(3).csv
PERF-004-CAND-0061,PERF-004,PERF-004_SDNG_SNDG_Gangsa_ENSEMBLE04.wav,C:\Users\vonje\Documents\4th Year Acts\Thesis\Latest Requirements\Thesis App\data_pipeline\data\working_audio\ensembles\PERF-004_SDNG_SNDG_Gangsa_ENSEMBLE04.wav,61,32.844626,32.844626,0.5340589999999992,0.0194,PERF-004_event_0061_PERF-004-CAND-0061.wav,C:\Users\vonje\Documents\4th Year Acts\Thesis\Latest Requirements\Thesis App\data_pipeline\data\event_review\candidate_event_clips\PERF-004\PERF-004_event_0061_PERF-004-CAND-0061.wav,yes,SHORT_WEAK,accepted_after_clip_review,Von Jethro E. Landicho,Accepted as usable candidate event; token assigned from IOI and normalized onset strength.,SHORT,WEAK,IOI tertile + onset-strength tertile; first event per recording uses START,yes,ensemble_event_review(3).csv
PERF-004-CAND-0062,PERF-004,PERF-004_SDNG_SNDG_Gangsa_ENSEMBLE04.wav,C:\Users\vonje\Documents\4th Year Acts\Thesis\Latest Requirements\Thesis App\data_pipeline\data\working_audio\ensembles\PERF-004_SDNG_SNDG_Gangsa_ENSEMBLE04.wav,62,34.818322,34.818322,1.973696000000004,0.034416,PERF-004_event_0062_PERF-004-CAND-0062.wav,C:\Users\vonje\Documents\4th Year Acts\Thesis\Latest Requirements\Thesis App\data_pipeline\data\event_review\candidate_event_clips\PERF-004\PERF-004_event_0062_PERF-004-CAND-0062.wav,yes,LONG_MEDIUM,accepted_after_clip_review,Von Jethro E. Landicho,Accepted as usable candidate event; token assigned from IOI and normalized onset strength.,LONG,MEDIUM,IOI tertile + onset-strength tertile; first event per recording uses START,yes,ensemble_event_review(3).csv
PERF-004-CAND-0063,PERF-004,PERF-004_SDNG_SNDG_Gangsa_ENSEMBLE04.wav,C:\Users\vonje\Documents\4th Year Acts\Thesis\Latest Requirements\Thesis App\data_pipeline\data\working_audio\ensembles\PERF-004_SDNG_SNDG_Gangsa_ENSEMBLE04.wav,63,36.188299,36.188299,1.3699769999999987,0.029044,PERF-004_event_0063_PERF-004-CAND-0063.wav,C:\Users\vonje\Documents\4th Year Acts\Thesis\Latest Requirements\Thesis App\data_pipeline\data\event_review\candidate_event_clips\PERF-004\PERF-004_event_0063_PERF-004-CAND-0063.wav,yes,LONG_MEDIUM,accepted_after_clip_review,Von Jethro E. Landicho,Accepted as usable candidate event; token assigned from IOI and normalized onset strength.,LONG,MEDIUM,IOI tertile + onset-strength tertile; first event per recording uses START,yes,ensemble_event_review(3).csv
PERF-004-CAND-0064,PERF-004,PERF-004_SDNG_SNDG_Gangsa_ENSEMBLE04.wav,C:\Users\vonje\Documents\4th Year Acts\Thesis\Latest Requirements\Thesis App\data_pipeline\data\working_audio\ensembles\PERF-004_SDNG_SNDG_Gangsa_ENSEMBLE04.wav,64,37.314467,37.314467,1.1261679999999998,0.024757,PERF-004_event_0064_PERF-004-CAND-0064.wav,C:\Users\vonje\Documents\4th Year Acts\Thesis\Latest Requirements\Thesis App\data_pipeline\data\event_review\candidate_event_clips\PERF-004\PERF-004_event_0064_PERF-004-CAND-0064.wav,yes,MEDIUM_WEAK,accepted_after_clip_review,Von Jethro E. Landicho,Accepted as usable candidate event; token assigned from IOI and normalized onset strength.,MEDIUM,WEAK,IOI tertile + onset-strength tertile; first event per recording uses START,yes,ensemble_event_review(3).csv
PERF-004-CAND-0065,PERF-004,PERF-004_SDNG_SNDG_Gangsa_ENSEMBLE04.wav,C:\Users\vonje\Documents\4th Year Acts\Thesis\Latest Requirements\Thesis App\data_pipeline\data\working_audio\ensembles\PERF-004_SDNG_SNDG_Gangsa_ENSEMBLE04.wav,65,37.871746,37.871746,0.5572790000000012,0.035712,PERF-004_event_0065_PERF-004-CAND-0065.wav,C:\Users\vonje\Documents\4th Year Acts\Thesis\Latest Requirements\Thesis App\data_pipeline\data\event_review\candidate_event_clips\PERF-004\PERF-004_event_0065_PERF-004-CAND-0065.wav,yes,SHORT_MEDIUM,accepted_after_clip_review,Von Jethro E. Landicho,Accepted as usable candidate event; token assigned from IOI and normalized onset strength.,SHORT,MEDIUM,IOI tertile + onset-strength tertile; first event per recording uses START,yes,ensemble_event_review(3).csv
PERF-004-CAND-0066,PERF-004,PERF-004_SDNG_SNDG_Gangsa_ENSEMBLE04.wav,C:\Users\vonje\Documents\4th Year Acts\Thesis\Latest Requirements\Thesis App\data_pipeline\data\working_audio\ensembles\PERF-004_SDNG_SNDG_Gangsa_ENSEMBLE04.wav,66,40.089252,40.089252,2.217506,0.018516,PERF-004_event_0066_PERF-004-CAND-0066.wav,C:\Users\vonje\Documents\4th Year Acts\Thesis\Latest Requirements\Thesis App\data_pipeline\data\event_review\candidate_event_clips\PERF-004\PERF-004_event_0066_PERF-004-CAND-0066.wav,yes,LONG_WEAK,accepted_after_clip_review,Von Jethro E. Landicho,Accepted as usable candidate event; token assigned from IOI and normalized onset strength.,LONG,WEAK,IOI tertile + onset-strength tertile; first event per recording uses START,yes,ensemble_event_review(3).csv
PERF-004-CAND-0067,PERF-004,PERF-004_SDNG_SNDG_Gangsa_ENSEMBLE04.wav,C:\Users\vonje\Documents\4th Year Acts\Thesis\Latest Requirements\Thesis App\data_pipeline\data\working_audio\ensembles\PERF-004_SDNG_SNDG_Gangsa_ENSEMBLE04.wav,67,40.90195,40.90195,0.8126979999999975,0.025212,PERF-004_event_0067_PERF-004-CAND-0067.wav,C:\Users\vonje\Documents\4th Year Acts\Thesis\Latest Requirements\Thesis App\data_pipeline\data\event_review\candidate_event_clips\PERF-004\PERF-004_event_0067_PERF-004-CAND-0067.wav,yes,MEDIUM_WEAK,accepted_after_clip_review,Von Jethro E. Landicho,Accepted as usable candidate event; token assigned from IOI and normalized onset strength.,MEDIUM,WEAK,IOI tertile + onset-strength tertile; first event per recording uses START,yes,ensemble_event_review(3).csv
PERF-004-CAND-0068,PERF-004,PERF-004_SDNG_SNDG_Gangsa_ENSEMBLE04.wav,C:\Users\vonje\Documents\4th Year Acts\Thesis\Latest Requirements\Thesis App\data_pipeline\data\working_audio\ensembles\PERF-004_SDNG_SNDG_Gangsa_ENSEMBLE04.wav,68,41.470839,41.470839,0.5688889999999986,0.032944,PERF-004_event_0068_PERF-004-CAND-0068.wav,C:\Users\vonje\Documents\4th Year Acts\Thesis\Latest Requirements\Thesis App\data_pipeline\data\event_review\candidate_event_clips\PERF-004\PERF-004_event_0068_PERF-004-CAND-0068.wav,yes,SHORT_MEDIUM,accepted_after_clip_review,Von Jethro E. Landicho,Accepted as usable candidate event; token assigned from IOI and normalized onset strength.,SHORT,MEDIUM,IOI tertile + onset-strength tertile; first event per recording uses START,yes,ensemble_event_review(3).csv
PERF-004-CAND-0069,PERF-004,PERF-004_SDNG_SNDG_Gangsa_ENSEMBLE04.wav,C:\Users\vonje\Documents\4th Year Acts\Thesis\Latest Requirements\Thesis App\data_pipeline\data\working_audio\ensembles\PERF-004_SDNG_SNDG_Gangsa_ENSEMBLE04.wav,69,41.737868,41.737868,0.26702900000000085,0.030913,PERF-004_event_0069_PERF-004-CAND-0069.wav,C:\Users\vonje\Documents\4th Year Acts\Thesis\Latest Requirements\Thesis App\data_pipeline\data\event_review\candidate_event_clips\PERF-004\PERF-004_event_0069_PERF-004-CAND-0069.wav,yes,SHORT_MEDIUM,accepted_after_clip_review,Von Jethro E. Landicho,Accepted as usable candidate event; token assigned from IOI and normalized onset strength.,SHORT,MEDIUM,IOI tertile + onset-strength tertile; first event per recording uses START,yes,ensemble_event_review(3).csv
PERF-004-CAND-0070,PERF-004,PERF-004_SDNG_SNDG_Gangsa_ENSEMBLE04.wav,C:\Users\vonje\Documents\4th Year Acts\Thesis\Latest Requirements\Thesis App\data_pipeline\data\working_audio\ensembles\PERF-004_SDNG_SNDG_Gangsa_ENSEMBLE04.wav,70,42.306757,42.306757,0.5688889999999986,0.024086,PERF-004_event_0070_PERF-004-CAND-0070.wav,C:\Users\vonje\Documents\4th Year Acts\Thesis\Latest Requirements\Thesis App\data_pipeline\data\event_review\candidate_event_clips\PERF-004\PERF-004_event_0070_PERF-004-CAND-0070.wav,yes,SHORT_WEAK,accepted_after_clip_review,Von Jethro E. Landicho,Accepted as usable candidate event; token assigned from IOI and normalized onset strength.,SHORT,WEAK,IOI tertile + onset-strength tertile; first event per recording uses START,yes,ensemble_event_review(3).csv
PERF-004-CAND-0071,PERF-004,PERF-004_SDNG_SNDG_Gangsa_ENSEMBLE04.wav,C:\Users\vonje\Documents\4th Year Acts\Thesis\Latest Requirements\Thesis App\data_pipeline\data\working_audio\ensembles\PERF-004_SDNG_SNDG_Gangsa_ENSEMBLE04.wav,71,43.154286,43.154286,0.8475290000000015,0.298676,PERF-004_event_0071_PERF-004-CAND-0071.wav,C:\Users\vonje\Documents\4th Year Acts\Thesis\Latest Requirements\Thesis App\data_pipeline\data\event_review\candidate_event_clips\PERF-004\PERF-004_event_0071_PERF-004-CAND-0071.wav,yes,MEDIUM_STRONG,accepted_after_clip_review,Von Jethro E. Landicho,Accepted as usable candidate event; token assigned from IOI and normalized onset strength.,MEDIUM,STRONG,IOI tertile + onset-strength tertile; first event per recording uses START,yes,ensemble_event_review(3).csv
PERF-004-CAND-0072,PERF-004,PERF-004_SDNG_SNDG_Gangsa_ENSEMBLE04.wav,C:\Users\vonje\Documents\4th Year Acts\Thesis\Latest Requirements\Thesis App\data_pipeline\data\working_audio\ensembles\PERF-004_SDNG_SNDG_Gangsa_ENSEMBLE04.wav,72,43.665125,43.665125,0.5108390000000043,0.016948,PERF-004_event_0072_PERF-004-CAND-0072.wav,C:\Users\vonje\Documents\4th Year Acts\Thesis\Latest Requirements\Thesis App\data_pipeline\data\event_review\candidate_event_clips\PERF-004\PERF-004_event_0072_PERF-004-CAND-0072.wav,yes,SHORT_WEAK,accepted_after_clip_review,Von Jethro E. Landicho,Accepted as usable candidate event; token assigned from IOI and normalized onset strength.,SHORT,WEAK,IOI tertile + onset-strength tertile; first event per recording uses START,yes,ensemble_event_review(3).csv
PERF-004-CAND-0073,PERF-004,PERF-004_SDNG_SNDG_Gangsa_ENSEMBLE04.wav,C:\Users\vonje\Documents\4th Year Acts\Thesis\Latest Requirements\Thesis App\data_pipeline\data\working_audio\ensembles\PERF-004_SDNG_SNDG_Gangsa_ENSEMBLE04.wav,73,43.920544,43.920544,0.2554189999999963,0.020911,PERF-004_event_0073_PERF-004-CAND-0073.wav,C:\Users\vonje\Documents\4th Year Acts\Thesis\Latest Requirements\Thesis App\data_pipeline\data\event_review\candidate_event_clips\PERF-004\PERF-004_event_0073_PERF-004-CAND-0073.wav,yes,SHORT_WEAK,accepted_after_clip_review,Von Jethro E. Landicho,Accepted as usable candidate event; token assigned from IOI and normalized onset strength.,SHORT,WEAK,IOI tertile + onset-strength tertile; first event per recording uses START,yes,ensemble_event_review(3).csv
PERF-004-CAND-0074,PERF-004,PERF-004_SDNG_SNDG_Gangsa_ENSEMBLE04.wav,C:\Users\vonje\Documents\4th Year Acts\Thesis\Latest Requirements\Thesis App\data_pipeline\data\working_audio\ensembles\PERF-004_SDNG_SNDG_Gangsa_ENSEMBLE04.wav,74,44.477823,44.477823,0.5572790000000012,0.029883,PERF-004_event_0074_PERF-004-CAND-0074.wav,C:\Users\vonje\Documents\4th Year Acts\Thesis\Latest Requirements\Thesis App\data_pipeline\data\event_review\candidate_event_clips\PERF-004\PERF-004_event_0074_PERF-004-CAND-0074.wav,yes,SHORT_MEDIUM,accepted_after_clip_review,Von Jethro E. Landicho,Accepted as usable candidate event; token assigned from IOI and normalized onset strength.,SHORT,MEDIUM,IOI tertile + onset-strength tertile; first event per recording uses START,yes,ensemble_event_review(3).csv
PERF-004-CAND-0075,PERF-004,PERF-004_SDNG_SNDG_Gangsa_ENSEMBLE04.wav,C:\Users\vonje\Documents\4th Year Acts\Thesis\Latest Requirements\Thesis App\data_pipeline\data\working_audio\ensembles\PERF-004_SDNG_SNDG_Gangsa_ENSEMBLE04.wav,75,45.302132,45.302132,0.8243089999999995,0.030428,PERF-004_event_0075_PERF-004-CAND-0075.wav,C:\Users\vonje\Documents\4th Year Acts\Thesis\Latest Requirements\Thesis App\data_pipeline\data\event_review\candidate_event_clips\PERF-004\PERF-004_event_0075_PERF-004-CAND-0075.wav,yes,MEDIUM_MEDIUM,accepted_after_clip_review,Von Jethro E. Landicho,Accepted as usable candidate event; token assigned from IOI and normalized onset strength.,MEDIUM,MEDIUM,IOI tertile + onset-strength tertile; first event per recording uses START,yes,ensemble_event_review(3).csv
PERF-004-CAND-0076,PERF-004,PERF-004_SDNG_SNDG_Gangsa_ENSEMBLE04.wav,C:\Users\vonje\Documents\4th Year Acts\Thesis\Latest Requirements\Thesis App\data_pipeline\data\working_audio\ensembles\PERF-004_SDNG_SNDG_Gangsa_ENSEMBLE04.wav,76,45.83619,45.83619,0.5340580000000017,0.020918,PERF-004_event_0076_PERF-004-CAND-0076.wav,C:\Users\vonje\Documents\4th Year Acts\Thesis\Latest Requirements\Thesis App\data_pipeline\data\event_review\candidate_event_clips\PERF-004\PERF-004_event_0076_PERF-004-CAND-0076.wav,yes,SHORT_WEAK,accepted_after_clip_review,Von Jethro E. Landicho,Accepted as usable candidate event; token assigned from IOI and normalized onset strength.,SHORT,WEAK,IOI tertile + onset-strength tertile; first event per recording uses START,yes,ensemble_event_review(3).csv
PERF-004-CAND-0077,PERF-004,PERF-004_SDNG_SNDG_Gangsa_ENSEMBLE04.wav,C:\Users\vonje\Documents\4th Year Acts\Thesis\Latest Requirements\Thesis App\data_pipeline\data\working_audio\ensembles\PERF-004_SDNG_SNDG_Gangsa_ENSEMBLE04.wav,77,46.381859,46.381859,0.5456689999999966,0.031736,PERF-004_event_0077_PERF-004-CAND-0077.wav,C:\Users\vonje\Documents\4th Year Acts\Thesis\Latest Requirements\Thesis App\data_pipeline\data\event_review\candidate_event_clips\PERF-004\PERF-004_event_0077_PERF-004-CAND-0077.wav,yes,SHORT_MEDIUM,accepted_after_clip_review,Von Jethro E. Landicho,Accepted as usable candidate event; token assigned from IOI and normalized onset strength.,SHORT,MEDIUM,IOI tertile + onset-strength tertile; first event per recording uses START,yes,ensemble_event_review(3).csv
PERF-004-CAND-0078,PERF-004,PERF-004_SDNG_SNDG_Gangsa_ENSEMBLE04.wav,C:\Users\vonje\Documents\4th Year Acts\Thesis\Latest Requirements\Thesis App\data_pipeline\data\working_audio\ensembles\PERF-004_SDNG_SNDG_Gangsa_ENSEMBLE04.wav,78,46.939138,46.939138,0.5572790000000012,0.027406,PERF-004_event_0078_PERF-004-CAND-0078.wav,C:\Users\vonje\Documents\4th Year Acts\Thesis\Latest Requirements\Thesis App\data_pipeline\data\event_review\candidate_event_clips\PERF-004\PERF-004_event_0078_PERF-004-CAND-0078.wav,yes,SHORT_MEDIUM,accepted_after_clip_review,Von Jethro E. Landicho,Accepted as usable candidate event; token assigned from IOI and normalized onset strength.,SHORT,MEDIUM,IOI tertile + onset-strength tertile; first event per recording uses START,yes,ensemble_event_review(3).csv
PERF-004-CAND-0079,PERF-004,PERF-004_SDNG_SNDG_Gangsa_ENSEMBLE04.wav,C:\Users\vonje\Documents\4th Year Acts\Thesis\Latest Requirements\Thesis App\data_pipeline\data\working_audio\ensembles\PERF-004_SDNG_SNDG_Gangsa_ENSEMBLE04.wav,79,48.587755,48.587755,1.6486170000000016,0.024448,PERF-004_event_0079_PERF-004-CAND-0079.wav,C:\Users\vonje\Documents\4th Year Acts\Thesis\Latest Requirements\Thesis App\data_pipeline\data\event_review\candidate_event_clips\PERF-004\PERF-004_event_0079_PERF-004-CAND-0079.wav,yes,LONG_WEAK,accepted_after_clip_review,Von Jethro E. Landicho,Accepted as usable candidate event; token assigned from IOI and normalized onset strength.,LONG,WEAK,IOI tertile + onset-strength tertile; first event per recording uses START,yes,ensemble_event_review(3).csv
PERF-004-CAND-0080,PERF-004,PERF-004_SDNG_SNDG_Gangsa_ENSEMBLE04.wav,C:\Users\vonje\Documents\4th Year Acts\Thesis\Latest Requirements\Thesis App\data_pipeline\data\working_audio\ensembles\PERF-004_SDNG_SNDG_Gangsa_ENSEMBLE04.wav,80,48.843175,48.843175,0.25542000000000087,0.025149,PERF-004_event_0080_PERF-004-CAND-0080.wav,C:\Users\vonje\Documents\4th Year Acts\Thesis\Latest Requirements\Thesis App\data_pipeline\data\event_review\candidate_event_clips\PERF-004\PERF-004_event_0080_PERF-004-CAND-0080.wav,yes,SHORT_WEAK,accepted_after_clip_review,Von Jethro E. Landicho,Accepted as usable candidate event; token assigned from IOI and normalized onset strength.,SHORT,WEAK,IOI tertile + onset-strength tertile; first event per recording uses START,yes,ensemble_event_review(3).csv
PERF-004-CAND-0081,PERF-004,PERF-004_SDNG_SNDG_Gangsa_ENSEMBLE04.wav,C:\Users\vonje\Documents\4th Year Acts\Thesis\Latest Requirements\Thesis App\data_pipeline\data\working_audio\ensembles\PERF-004_SDNG_SNDG_Gangsa_ENSEMBLE04.wav,81,49.110204,49.110204,0.26702900000000085,0.015409,PERF-004_event_0081_PERF-004-CAND-0081.wav,C:\Users\vonje\Documents\4th Year Acts\Thesis\Latest Requirements\Thesis App\data_pipeline\data\event_review\candidate_event_clips\PERF-004\PERF-004_event_0081_PERF-004-CAND-0081.wav,yes,SHORT_WEAK,accepted_after_clip_review,Von Jethro E. Landicho,Accepted as usable candidate event; token assigned from IOI and normalized onset strength.,SHORT,WEAK,IOI tertile + onset-strength tertile; first event per recording uses START,yes,ensemble_event_review(3).csv
PERF-004-CAND-0082,PERF-004,PERF-004_SDNG_SNDG_Gangsa_ENSEMBLE04.wav,C:\Users\vonje\Documents\4th Year Acts\Thesis\Latest Requirements\Thesis App\data_pipeline\data\working_audio\ensembles\PERF-004_SDNG_SNDG_Gangsa_ENSEMBLE04.wav,82,49.388844,49.388844,0.2786399999999958,0.035091,PERF-004_event_0082_PERF-004-CAND-0082.wav,C:\Users\vonje\Documents\4th Year Acts\Thesis\Latest Requirements\Thesis App\data_pipeline\data\event_review\candidate_event_clips\PERF-004\PERF-004_event_0082_PERF-004-CAND-0082.wav,yes,SHORT_MEDIUM,accepted_after_clip_review,Von Jethro E. Landicho,Accepted as usable candidate event; token assigned from IOI and normalized onset strength.,SHORT,MEDIUM,IOI tertile + onset-strength tertile; first event per recording uses START,yes,ensemble_event_review(3).csv
PERF-004-CAND-0083,PERF-004,PERF-004_SDNG_SNDG_Gangsa_ENSEMBLE04.wav,C:\Users\vonje\Documents\4th Year Acts\Thesis\Latest Requirements\Thesis App\data_pipeline\data\working_audio\ensembles\PERF-004_SDNG_SNDG_Gangsa_ENSEMBLE04.wav,83,49.969342,49.969342,0.5804979999999986,0.036987,PERF-004_event_0083_PERF-004-CAND-0083.wav,C:\Users\vonje\Documents\4th Year Acts\Thesis\Latest Requirements\Thesis App\data_pipeline\data\event_review\candidate_event_clips\PERF-004\PERF-004_event_0083_PERF-004-CAND-0083.wav,yes,MEDIUM_STRONG,accepted_after_clip_review,Von Jethro E. Landicho,Accepted as usable candidate event; token assigned from IOI and normalized onset strength.,MEDIUM,STRONG,IOI tertile + onset-strength tertile; first event per recording uses START,yes,ensemble_event_review(3).csv
PERF-004-CAND-0084,PERF-004,PERF-004_SDNG_SNDG_Gangsa_ENSEMBLE04.wav,C:\Users\vonje\Documents\4th Year Acts\Thesis\Latest Requirements\Thesis App\data_pipeline\data\working_audio\ensembles\PERF-004_SDNG_SNDG_Gangsa_ENSEMBLE04.wav,84,51.35093,51.35093,1.3815880000000007,0.039324,PERF-004_event_0084_PERF-004-CAND-0084.wav,C:\Users\vonje\Documents\4th Year Acts\Thesis\Latest Requirements\Thesis App\data_pipeline\data\event_review\candidate_event_clips\PERF-004\PERF-004_event_0084_PERF-004-CAND-0084.wav,yes,LONG_STRONG,accepted_after_clip_review,Von Jethro E. Landicho,Accepted as usable candidate event; token assigned from IOI and normalized onset strength.,LONG,STRONG,IOI tertile + onset-strength tertile; first event per recording uses START,yes,ensemble_event_review(3).csv
PERF-004-CAND-0085,PERF-004,PERF-004_SDNG_SNDG_Gangsa_ENSEMBLE04.wav,C:\Users\vonje\Documents\4th Year Acts\Thesis\Latest Requirements\Thesis App\data_pipeline\data\working_audio\ensembles\PERF-004_SDNG_SNDG_Gangsa_ENSEMBLE04.wav,85,52.163628,52.163628,0.8126980000000046,0.018607,PERF-004_event_0085_PERF-004-CAND-0085.wav,C:\Users\vonje\Documents\4th Year Acts\Thesis\Latest Requirements\Thesis App\data_pipeline\data\event_review\candidate_event_clips\PERF-004\PERF-004_event_0085_PERF-004-CAND-0085.wav,yes,MEDIUM_WEAK,accepted_after_clip_review,Von Jethro E. Landicho,Accepted as usable candidate event; token assigned from IOI and normalized onset strength.,MEDIUM,WEAK,IOI tertile + onset-strength tertile; first event per recording uses START,yes,ensemble_event_review(3).csv
PERF-004-CAND-0086,PERF-004,PERF-004_SDNG_SNDG_Gangsa_ENSEMBLE04.wav,C:\Users\vonje\Documents\4th Year Acts\Thesis\Latest Requirements\Thesis App\data_pipeline\data\working_audio\ensembles\PERF-004_SDNG_SNDG_Gangsa_ENSEMBLE04.wav,86,52.720907,52.720907,0.5572789999999941,0.029999,PERF-004_event_0086_PERF-004-CAND-0086.wav,C:\Users\vonje\Documents\4th Year Acts\Thesis\Latest Requirements\Thesis App\data_pipeline\data\event_review\candidate_event_clips\PERF-004\PERF-004_event_0086_PERF-004-CAND-0086.wav,yes,SHORT_MEDIUM,accepted_after_clip_review,Von Jethro E. Landicho,Accepted as usable candidate event; token assigned from IOI and normalized onset strength.,SHORT,MEDIUM,IOI tertile + onset-strength tertile; first event per recording uses START,yes,ensemble_event_review(3).csv
PERF-004-CAND-0087,PERF-004,PERF-004_SDNG_SNDG_Gangsa_ENSEMBLE04.wav,C:\Users\vonje\Documents\4th Year Acts\Thesis\Latest Requirements\Thesis App\data_pipeline\data\working_audio\ensembles\PERF-004_SDNG_SNDG_Gangsa_ENSEMBLE04.wav,87,52.999546,52.999546,0.2786390000000054,0.023664,PERF-004_event_0087_PERF-004-CAND-0087.wav,C:\Users\vonje\Documents\4th Year Acts\Thesis\Latest Requirements\Thesis App\data_pipeline\data\event_review\candidate_event_clips\PERF-004\PERF-004_event_0087_PERF-004-CAND-0087.wav,yes,SHORT_WEAK,accepted_after_clip_review,Von Jethro E. Landicho,Accepted as usable candidate event; token assigned from IOI and normalized onset strength.,SHORT,WEAK,IOI tertile + onset-strength tertile; first event per recording uses START,yes,ensemble_event_review(3).csv
PERF-004-CAND-0088,PERF-004,PERF-004_SDNG_SNDG_Gangsa_ENSEMBLE04.wav,C:\Users\vonje\Documents\4th Year Acts\Thesis\Latest Requirements\Thesis App\data_pipeline\data\working_audio\ensembles\PERF-004_SDNG_SNDG_Gangsa_ENSEMBLE04.wav,88,54.090884,54.090884,1.0913380000000004,0.021881,PERF-004_event_0088_PERF-004-CAND-0088.wav,C:\Users\vonje\Documents\4th Year Acts\Thesis\Latest Requirements\Thesis App\data_pipeline\data\event_review\candidate_event_clips\PERF-004\PERF-004_event_0088_PERF-004-CAND-0088.wav,yes,MEDIUM_WEAK,accepted_after_clip_review,Von Jethro E. Landicho,Accepted as usable candidate event; token assigned from IOI and normalized onset strength.,MEDIUM,WEAK,IOI tertile + onset-strength tertile; first event per recording uses START,yes,ensemble_event_review(3).csv
PERF-004-CAND-0089,PERF-004,PERF-004_SDNG_SNDG_Gangsa_ENSEMBLE04.wav,C:\Users\vonje\Documents\4th Year Acts\Thesis\Latest Requirements\Thesis App\data_pipeline\data\working_audio\ensembles\PERF-004_SDNG_SNDG_Gangsa_ENSEMBLE04.wav,89,54.636553,54.636553,0.5456689999999966,0.014803,PERF-004_event_0089_PERF-004-CAND-0089.wav,C:\Users\vonje\Documents\4th Year Acts\Thesis\Latest Requirements\Thesis App\data_pipeline\data\event_review\candidate_event_clips\PERF-004\PERF-004_event_0089_PERF-004-CAND-0089.wav,yes,SHORT_WEAK,accepted_after_clip_review,Von Jethro E. Landicho,Accepted as usable candidate event; token assigned from IOI and normalized onset strength.,SHORT,WEAK,IOI tertile + onset-strength tertile; first event per recording uses START,yes,ensemble_event_review(3).csv
PERF-004-CAND-0090,PERF-004,PERF-004_SDNG_SNDG_Gangsa_ENSEMBLE04.wav,C:\Users\vonje\Documents\4th Year Acts\Thesis\Latest Requirements\Thesis App\data_pipeline\data\working_audio\ensembles\PERF-004_SDNG_SNDG_Gangsa_ENSEMBLE04.wav,90,54.926803,54.926803,0.29025000000000034,0.032156,PERF-004_event_0090_PERF-004-CAND-0090.wav,C:\Users\vonje\Documents\4th Year Acts\Thesis\Latest Requirements\Thesis App\data_pipeline\data\event_review\candidate_event_clips\PERF-004\PERF-004_event_0090_PERF-004-CAND-0090.wav,yes,SHORT_MEDIUM,accepted_after_clip_review,Von Jethro E. Landicho,Accepted as usable candidate event; token assigned from IOI and normalized onset strength.,SHORT,MEDIUM,IOI tertile + onset-strength tertile; first event per recording uses START,yes,ensemble_event_review(3).csv
PERF-004-CAND-0091,PERF-004,PERF-004_SDNG_SNDG_Gangsa_ENSEMBLE04.wav,C:\Users\vonje\Documents\4th Year Acts\Thesis\Latest Requirements\Thesis App\data_pipeline\data\working_audio\ensembles\PERF-004_SDNG_SNDG_Gangsa_ENSEMBLE04.wav,91,55.217052,55.217052,0.29024900000000287,0.017541,PERF-004_event_0091_PERF-004-CAND-0091.wav,C:\Users\vonje\Documents\4th Year Acts\Thesis\Latest Requirements\Thesis App\data_pipeline\data\event_review\candidate_event_clips\PERF-004\PERF-004_event_0091_PERF-004-CAND-0091.wav,yes,SHORT_WEAK,accepted_after_clip_review,Von Jethro E. Landicho,Accepted as usable candidate event; token assigned from IOI and normalized onset strength.,SHORT,WEAK,IOI tertile + onset-strength tertile; first event per recording uses START,yes,ensemble_event_review(3).csv
PERF-004-CAND-0092,PERF-004,PERF-004_SDNG_SNDG_Gangsa_ENSEMBLE04.wav,C:\Users\vonje\Documents\4th Year Acts\Thesis\Latest Requirements\Thesis App\data_pipeline\data\working_audio\ensembles\PERF-004_SDNG_SNDG_Gangsa_ENSEMBLE04.wav,92,55.751111,55.751111,0.5340589999999992,0.015045,PERF-004_event_0092_PERF-004-CAND-0092.wav,C:\Users\vonje\Documents\4th Year Acts\Thesis\Latest Requirements\Thesis App\data_pipeline\data\event_review\candidate_event_clips\PERF-004\PERF-004_event_0092_PERF-004-CAND-0092.wav,yes,SHORT_WEAK,accepted_after_clip_review,Von Jethro E. Landicho,Accepted as usable candidate event; token assigned from IOI and normalized onset strength.,SHORT,WEAK,IOI tertile + onset-strength tertile; first event per recording uses START,yes,ensemble_event_review(3).csv
PERF-004-CAND-0093,PERF-004,PERF-004_SDNG_SNDG_Gangsa_ENSEMBLE04.wav,C:\Users\vonje\Documents\4th Year Acts\Thesis\Latest Requirements\Thesis App\data_pipeline\data\working_audio\ensembles\PERF-004_SDNG_SNDG_Gangsa_ENSEMBLE04.wav,93,56.29678,56.29678,0.5456689999999966,0.017834,PERF-004_event_0093_PERF-004-CAND-0093.wav,C:\Users\vonje\Documents\4th Year Acts\Thesis\Latest Requirements\Thesis App\data_pipeline\data\event_review\candidate_event_clips\PERF-004\PERF-004_event_0093_PERF-004-CAND-0093.wav,yes,SHORT_WEAK,accepted_after_clip_review,Von Jethro E. Landicho,Accepted as usable candidate event; token assigned from IOI and normalized onset strength.,SHORT,WEAK,IOI tertile + onset-strength tertile; first event per recording uses START,yes,ensemble_event_review(3).csv
PERF-004-CAND-0094,PERF-004,PERF-004_SDNG_SNDG_Gangsa_ENSEMBLE04.wav,C:\Users\vonje\Documents\4th Year Acts\Thesis\Latest Requirements\Thesis App\data_pipeline\data\working_audio\ensembles\PERF-004_SDNG_SNDG_Gangsa_ENSEMBLE04.wav,94,56.830839,56.830839,0.5340589999999992,0.024735,PERF-004_event_0094_PERF-004-CAND-0094.wav,C:\Users\vonje\Documents\4th Year Acts\Thesis\Latest Requirements\Thesis App\data_pipeline\data\event_review\candidate_event_clips\PERF-004\PERF-004_event_0094_PERF-004-CAND-0094.wav,yes,SHORT_WEAK,accepted_after_clip_review,Von Jethro E. Landicho,Accepted as usable candidate event; token assigned from IOI and normalized onset strength.,SHORT,WEAK,IOI tertile + onset-strength tertile; first event per recording uses START,yes,ensemble_event_review(3).csv
PERF-004-CAND-0095,PERF-004,PERF-004_SDNG_SNDG_Gangsa_ENSEMBLE04.wav,C:\Users\vonje\Documents\4th Year Acts\Thesis\Latest Requirements\Thesis App\data_pipeline\data\working_audio\ensembles\PERF-004_SDNG_SNDG_Gangsa_ENSEMBLE04.wav,95,57.399728,57.399728,0.5688890000000058,0.023797,PERF-004_event_0095_PERF-004-CAND-0095.wav,C:\Users\vonje\Documents\4th Year Acts\Thesis\Latest Requirements\Thesis App\data_pipeline\data\event_review\candidate_event_clips\PERF-004\PERF-004_event_0095_PERF-004-CAND-0095.wav,yes,MEDIUM_WEAK,accepted_after_clip_review,Von Jethro E. Landicho,Accepted as usable candidate event; token assigned from IOI and normalized onset strength.,MEDIUM,WEAK,IOI tertile + onset-strength tertile; first event per recording uses START,yes,ensemble_event_review(3).csv
PERF-004-CAND-0096,PERF-004,PERF-004_SDNG_SNDG_Gangsa_ENSEMBLE04.wav,C:\Users\vonje\Documents\4th Year Acts\Thesis\Latest Requirements\Thesis App\data_pipeline\data\working_audio\ensembles\PERF-004_SDNG_SNDG_Gangsa_ENSEMBLE04.wav,96,57.968617,57.968617,0.5688889999999986,0.039143,PERF-004_event_0096_PERF-004-CAND-0096.wav,C:\Users\vonje\Documents\4th Year Acts\Thesis\Latest Requirements\Thesis App\data_pipeline\data\event_review\candidate_event_clips\PERF-004\PERF-004_event_0096_PERF-004-CAND-0096.wav,yes,SHORT_STRONG,accepted_after_clip_review,Von Jethro E. Landicho,Accepted as usable candidate event; token assigned from IOI and normalized onset strength.,SHORT,STRONG,IOI tertile + onset-strength tertile; first event per recording uses START,yes,ensemble_event_review(3).csv
PERF-004-CAND-0097,PERF-004,PERF-004_SDNG_SNDG_Gangsa_ENSEMBLE04.wav,C:\Users\vonje\Documents\4th Year Acts\Thesis\Latest Requirements\Thesis App\data_pipeline\data\working_audio\ensembles\PERF-004_SDNG_SNDG_Gangsa_ENSEMBLE04.wav,97,58.514286,58.514286,0.5456689999999966,0.030979,PERF-004_event_0097_PERF-004-CAND-0097.wav,C:\Users\vonje\Documents\4th Year Acts\Thesis\Latest Requirements\Thesis App\data_pipeline\data\event_review\candidate_event_clips\PERF-004\PERF-004_event_0097_PERF-004-CAND-0097.wav,yes,SHORT_MEDIUM,accepted_after_clip_review,Von Jethro E. Landicho,Accepted as usable candidate event; token assigned from IOI and normalized onset strength.,SHORT,MEDIUM,IOI tertile + onset-strength tertile; first event per recording uses START,yes,ensemble_event_review(3).csv
PERF-004-CAND-0098,PERF-004,PERF-004_SDNG_SNDG_Gangsa_ENSEMBLE04.wav,C:\Users\vonje\Documents\4th Year Acts\Thesis\Latest Requirements\Thesis App\data_pipeline\data\working_audio\ensembles\PERF-004_SDNG_SNDG_Gangsa_ENSEMBLE04.wav,98,58.792925,58.792925,0.2786389999999983,0.028491,PERF-004_event_0098_PERF-004-CAND-0098.wav,C:\Users\vonje\Documents\4th Year Acts\Thesis\Latest Requirements\Thesis App\data_pipeline\data\event_review\candidate_event_clips\PERF-004\PERF-004_event_0098_PERF-004-CAND-0098.wav,yes,SHORT_MEDIUM,accepted_after_clip_review,Von Jethro E. Landicho,Accepted as usable candidate event; token assigned from IOI and normalized onset strength.,SHORT,MEDIUM,IOI tertile + onset-strength tertile; first event per recording uses START,yes,ensemble_event_review(3).csv
PERF-004-CAND-0099,PERF-004,PERF-004_SDNG_SNDG_Gangsa_ENSEMBLE04.wav,C:\Users\vonje\Documents\4th Year Acts\Thesis\Latest Requirements\Thesis App\data_pipeline\data\working_audio\ensembles\PERF-004_SDNG_SNDG_Gangsa_ENSEMBLE04.wav,99,60.186122,60.186122,1.3931970000000007,0.028244,PERF-004_event_0099_PERF-004-CAND-0099.wav,C:\Users\vonje\Documents\4th Year Acts\Thesis\Latest Requirements\Thesis App\data_pipeline\data\event_review\candidate_event_clips\PERF-004\PERF-004_event_0099_PERF-004-CAND-0099.wav,yes,LONG_MEDIUM,accepted_after_clip_review,Von Jethro E. Landicho,Accepted as usable candidate event; token assigned from IOI and normalized onset strength.,LONG,MEDIUM,IOI tertile + onset-strength tertile; first event per recording uses START,yes,ensemble_event_review(3).csv
PERF-004-CAND-0100,PERF-004,PERF-004_SDNG_SNDG_Gangsa_ENSEMBLE04.wav,C:\Users\vonje\Documents\4th Year Acts\Thesis\Latest Requirements\Thesis App\data_pipeline\data\working_audio\ensembles\PERF-004_SDNG_SNDG_Gangsa_ENSEMBLE04.wav,100,61.28907,61.28907,1.102948000000005,0.063875,PERF-004_event_0100_PERF-004-CAND-0100.wav,C:\Users\vonje\Documents\4th Year Acts\Thesis\Latest Requirements\Thesis App\data_pipeline\data\event_review\candidate_event_clips\PERF-004\PERF-004_event_0100_PERF-004-CAND-0100.wav,yes,MEDIUM_STRONG,accepted_after_clip_review,Von Jethro E. Landicho,Accepted as usable candidate event; token assigned from IOI and normalized onset strength.,MEDIUM,STRONG,IOI tertile + onset-strength tertile; first event per recording uses START,yes,ensemble_event_review(3).csv
PERF-004-CAND-0101,PERF-004,PERF-004_SDNG_SNDG_Gangsa_ENSEMBLE04.wav,C:\Users\vonje\Documents\4th Year Acts\Thesis\Latest Requirements\Thesis App\data_pipeline\data\working_audio\ensembles\PERF-004_SDNG_SNDG_Gangsa_ENSEMBLE04.wav,101,61.834739,61.834739,0.5456689999999966,0.031082,PERF-004_event_0101_PERF-004-CAND-0101.wav,C:\Users\vonje\Documents\4th Year Acts\Thesis\Latest Requirements\Thesis App\data_pipeline\data\event_review\candidate_event_clips\PERF-004\PERF-004_event_0101_PERF-004-CAND-0101.wav,yes,SHORT_MEDIUM,accepted_after_clip_review,Von Jethro E. Landicho,Accepted as usable candidate event; token assigned from IOI and normalized onset strength.,SHORT,MEDIUM,IOI tertile + onset-strength tertile; first event per recording uses START,yes,ensemble_event_review(3).csv
PERF-004-CAND-0102,PERF-004,PERF-004_SDNG_SNDG_Gangsa_ENSEMBLE04.wav,C:\Users\vonje\Documents\4th Year Acts\Thesis\Latest Requirements\Thesis App\data_pipeline\data\working_audio\ensembles\PERF-004_SDNG_SNDG_Gangsa_ENSEMBLE04.wav,102,62.090159,62.090159,0.25542000000000087,0.019556,PERF-004_event_0102_PERF-004-CAND-0102.wav,C:\Users\vonje\Documents\4th Year Acts\Thesis\Latest Requirements\Thesis App\data_pipeline\data\event_review\candidate_event_clips\PERF-004\PERF-004_event_0102_PERF-004-CAND-0102.wav,yes,SHORT_WEAK,accepted_after_clip_review,Von Jethro E. Landicho,Accepted as usable candidate event; token assigned from IOI and normalized onset strength.,SHORT,WEAK,IOI tertile + onset-strength tertile; first event per recording uses START,yes,ensemble_event_review(3).csv
PERF-004-CAND-0103,PERF-004,PERF-004_SDNG_SNDG_Gangsa_ENSEMBLE04.wav,C:\Users\vonje\Documents\4th Year Acts\Thesis\Latest Requirements\Thesis App\data_pipeline\data\working_audio\ensembles\PERF-004_SDNG_SNDG_Gangsa_ENSEMBLE04.wav,103,62.659048,62.659048,0.5688889999999986,0.027142,PERF-004_event_0103_PERF-004-CAND-0103.wav,C:\Users\vonje\Documents\4th Year Acts\Thesis\Latest Requirements\Thesis App\data_pipeline\data\event_review\candidate_event_clips\PERF-004\PERF-004_event_0103_PERF-004-CAND-0103.wav,yes,SHORT_MEDIUM,accepted_after_clip_review,Von Jethro E. Landicho,Accepted as usable candidate event; token assigned from IOI and normalized onset strength.,SHORT,MEDIUM,IOI tertile + onset-strength tertile; first event per recording uses START,yes,ensemble_event_review(3).csv
PERF-004-CAND-0104,PERF-004,PERF-004_SDNG_SNDG_Gangsa_ENSEMBLE04.wav,C:\Users\vonje\Documents\4th Year Acts\Thesis\Latest Requirements\Thesis App\data_pipeline\data\working_audio\ensembles\PERF-004_SDNG_SNDG_Gangsa_ENSEMBLE04.wav,104,63.181497,63.181497,0.5224490000000017,0.023843,PERF-004_event_0104_PERF-004-CAND-0104.wav,C:\Users\vonje\Documents\4th Year Acts\Thesis\Latest Requirements\Thesis App\data_pipeline\data\event_review\candidate_event_clips\PERF-004\PERF-004_event_0104_PERF-004-CAND-0104.wav,yes,SHORT_WEAK,accepted_after_clip_review,Von Jethro E. Landicho,Accepted as usable candidate event; token assigned from IOI and normalized onset strength.,SHORT,WEAK,IOI tertile + onset-strength tertile; first event per recording uses START,yes,ensemble_event_review(3).csv
PERF-004-CAND-0105,PERF-004,PERF-004_SDNG_SNDG_Gangsa_ENSEMBLE04.wav,C:\Users\vonje\Documents\4th Year Acts\Thesis\Latest Requirements\Thesis App\data_pipeline\data\working_audio\ensembles\PERF-004_SDNG_SNDG_Gangsa_ENSEMBLE04.wav,105,63.494966,63.494966,0.3134689999999978,0.028298,PERF-004_event_0105_PERF-004-CAND-0105.wav,C:\Users\vonje\Documents\4th Year Acts\Thesis\Latest Requirements\Thesis App\data_pipeline\data\event_review\candidate_event_clips\PERF-004\PERF-004_event_0105_PERF-004-CAND-0105.wav,yes,SHORT_MEDIUM,accepted_after_clip_review,Von Jethro E. Landicho,Accepted as usable candidate event; token assigned from IOI and normalized onset strength.,SHORT,MEDIUM,IOI tertile + onset-strength tertile; first event per recording uses START,yes,ensemble_event_review(3).csv
PERF-004-CAND-0106,PERF-004,PERF-004_SDNG_SNDG_Gangsa_ENSEMBLE04.wav,C:\Users\vonje\Documents\4th Year Acts\Thesis\Latest Requirements\Thesis App\data_pipeline\data\working_audio\ensembles\PERF-004_SDNG_SNDG_Gangsa_ENSEMBLE04.wav,106,64.307664,64.307664,0.8126980000000046,0.028738,PERF-004_event_0106_PERF-004-CAND-0106.wav,C:\Users\vonje\Documents\4th Year Acts\Thesis\Latest Requirements\Thesis App\data_pipeline\data\event_review\candidate_event_clips\PERF-004\PERF-004_event_0106_PERF-004-CAND-0106.wav,yes,MEDIUM_MEDIUM,accepted_after_clip_review,Von Jethro E. Landicho,Accepted as usable candidate event; token assigned from IOI and normalized onset strength.,MEDIUM,MEDIUM,IOI tertile + onset-strength tertile; first event per recording uses START,yes,ensemble_event_review(3).csv
PERF-004-CAND-0107,PERF-004,PERF-004_SDNG_SNDG_Gangsa_ENSEMBLE04.wav,C:\Users\vonje\Documents\4th Year Acts\Thesis\Latest Requirements\Thesis App\data_pipeline\data\working_audio\ensembles\PERF-004_SDNG_SNDG_Gangsa_ENSEMBLE04.wav,107,64.586304,64.586304,0.2786399999999958,0.02169,PERF-004_event_0107_PERF-004-CAND-0107.wav,C:\Users\vonje\Documents\4th Year Acts\Thesis\Latest Requirements\Thesis App\data_pipeline\data\event_review\candidate_event_clips\PERF-004\PERF-004_event_0107_PERF-004-CAND-0107.wav,yes,SHORT_WEAK,accepted_after_clip_review,Von Jethro E. Landicho,Accepted as usable candidate event; token assigned from IOI and normalized onset strength.,SHORT,WEAK,IOI tertile + onset-strength tertile; first event per recording uses START,yes,ensemble_event_review(3).csv
PERF-004-CAND-0108,PERF-004,PERF-004_SDNG_SNDG_Gangsa_ENSEMBLE04.wav,C:\Users\vonje\Documents\4th Year Acts\Thesis\Latest Requirements\Thesis App\data_pipeline\data\working_audio\ensembles\PERF-004_SDNG_SNDG_Gangsa_ENSEMBLE04.wav,108,64.876553,64.876553,0.29024900000000287,0.019607,PERF-004_event_0108_PERF-004-CAND-0108.wav,C:\Users\vonje\Documents\4th Year Acts\Thesis\Latest Requirements\Thesis App\data_pipeline\data\event_review\candidate_event_clips\PERF-004\PERF-004_event_0108_PERF-004-CAND-0108.wav,yes,SHORT_WEAK,accepted_after_clip_review,Von Jethro E. Landicho,Accepted as usable candidate event; token assigned from IOI and normalized onset strength.,SHORT,WEAK,IOI tertile + onset-strength tertile; first event per recording uses START,yes,ensemble_event_review(3).csv
PERF-004-CAND-0109,PERF-004,PERF-004_SDNG_SNDG_Gangsa_ENSEMBLE04.wav,C:\Users\vonje\Documents\4th Year Acts\Thesis\Latest Requirements\Thesis App\data_pipeline\data\working_audio\ensembles\PERF-004_SDNG_SNDG_Gangsa_ENSEMBLE04.wav,109,65.677642,65.677642,0.8010890000000046,0.026182,PERF-004_event_0109_PERF-004-CAND-0109.wav,C:\Users\vonje\Documents\4th Year Acts\Thesis\Latest Requirements\Thesis App\data_pipeline\data\event_review\candidate_event_clips\PERF-004\PERF-004_event_0109_PERF-004-CAND-0109.wav,yes,MEDIUM_WEAK,accepted_after_clip_review,Von Jethro E. Landicho,Accepted as usable candidate event; token assigned from IOI and normalized onset strength.,MEDIUM,WEAK,IOI tertile + onset-strength tertile; first event per recording uses START,yes,ensemble_event_review(3).csv
PERF-004-CAND-0110,PERF-004,PERF-004_SDNG_SNDG_Gangsa_ENSEMBLE04.wav,C:\Users\vonje\Documents\4th Year Acts\Thesis\Latest Requirements\Thesis App\data_pipeline\data\working_audio\ensembles\PERF-004_SDNG_SNDG_Gangsa_ENSEMBLE04.wav,110,66.258141,66.258141,0.580498999999989,0.031482,PERF-004_event_0110_PERF-004-CAND-0110.wav,C:\Users\vonje\Documents\4th Year Acts\Thesis\Latest Requirements\Thesis App\data_pipeline\data\event_review\candidate_event_clips\PERF-004\PERF-004_event_0110_PERF-004-CAND-0110.wav,yes,MEDIUM_MEDIUM,accepted_after_clip_review,Von Jethro E. Landicho,Accepted as usable candidate event; token assigned from IOI and normalized onset strength.,MEDIUM,MEDIUM,IOI tertile + onset-strength tertile; first event per recording uses START,yes,ensemble_event_review(3).csv
PERF-004-CAND-0111,PERF-004,PERF-004_SDNG_SNDG_Gangsa_ENSEMBLE04.wav,C:\Users\vonje\Documents\4th Year Acts\Thesis\Latest Requirements\Thesis App\data_pipeline\data\working_audio\ensembles\PERF-004_SDNG_SNDG_Gangsa_ENSEMBLE04.wav,111,66.56,66.56,0.3018590000000074,0.056845,PERF-004_event_0111_PERF-004-CAND-0111.wav,C:\Users\vonje\Documents\4th Year Acts\Thesis\Latest Requirements\Thesis App\data_pipeline\data\event_review\candidate_event_clips\PERF-004\PERF-004_event_0111_PERF-004-CAND-0111.wav,yes,SHORT_STRONG,accepted_after_clip_review,Von Jethro E. Landicho,Accepted as usable candidate event; token assigned from IOI and normalized onset strength.,SHORT,STRONG,IOI tertile + onset-strength tertile; first event per recording uses START,yes,ensemble_event_review(3).csv
PERF-004-CAND-0112,PERF-004,PERF-004_SDNG_SNDG_Gangsa_ENSEMBLE04.wav,C:\Users\vonje\Documents\4th Year Acts\Thesis\Latest Requirements\Thesis App\data_pipeline\data\working_audio\ensembles\PERF-004_SDNG_SNDG_Gangsa_ENSEMBLE04.wav,112,66.81542,66.81542,0.25542000000000087,0.018067,PERF-004_event_0112_PERF-004-CAND-0112.wav,C:\Users\vonje\Documents\4th Year Acts\Thesis\Latest Requirements\Thesis App\data_pipeline\data\event_review\candidate_event_clips\PERF-004\PERF-004_event_0112_PERF-004-CAND-0112.wav,yes,SHORT_WEAK,accepted_after_clip_review,Von Jethro E. Landicho,Accepted as usable candidate event; token assigned from IOI and normalized onset strength.,SHORT,WEAK,IOI tertile + onset-strength tertile; first event per recording uses START,yes,ensemble_event_review(3).csv
PERF-004-CAND-0113,PERF-004,PERF-004_SDNG_SNDG_Gangsa_ENSEMBLE04.wav,C:\Users\vonje\Documents\4th Year Acts\Thesis\Latest Requirements\Thesis App\data_pipeline\data\working_audio\ensembles\PERF-004_SDNG_SNDG_Gangsa_ENSEMBLE04.wav,113,67.059229,67.059229,0.24380899999999883,0.026057,PERF-004_event_0113_PERF-004-CAND-0113.wav,C:\Users\vonje\Documents\4th Year Acts\Thesis\Latest Requirements\Thesis App\data_pipeline\data\event_review\candidate_event_clips\PERF-004\PERF-004_event_0113_PERF-004-CAND-0113.wav,yes,SHORT_WEAK,accepted_after_clip_review,Von Jethro E. Landicho,Accepted as usable candidate event; token assigned from IOI and normalized onset strength.,SHORT,WEAK,IOI tertile + onset-strength tertile; first event per recording uses START,yes,ensemble_event_review(3).csv
PERF-004-CAND-0114,PERF-004,PERF-004_SDNG_SNDG_Gangsa_ENSEMBLE04.wav,C:\Users\vonje\Documents\4th Year Acts\Thesis\Latest Requirements\Thesis App\data_pipeline\data\working_audio\ensembles\PERF-004_SDNG_SNDG_Gangsa_ENSEMBLE04.wav,114,67.372698,67.372698,0.3134689999999978,0.031413,PERF-004_event_0114_PERF-004-CAND-0114.wav,C:\Users\vonje\Documents\4th Year Acts\Thesis\Latest Requirements\Thesis App\data_pipeline\data\event_review\candidate_event_clips\PERF-004\PERF-004_event_0114_PERF-004-CAND-0114.wav,yes,SHORT_MEDIUM,accepted_after_clip_review,Von Jethro E. Landicho,Accepted as usable candidate event; token assigned from IOI and normalized onset strength.,SHORT,MEDIUM,IOI tertile + onset-strength tertile; first event per recording uses START,yes,ensemble_event_review(3).csv
PERF-004-CAND-0115,PERF-004,PERF-004_SDNG_SNDG_Gangsa_ENSEMBLE04.wav,C:\Users\vonje\Documents\4th Year Acts\Thesis\Latest Requirements\Thesis App\data_pipeline\data\working_audio\ensembles\PERF-004_SDNG_SNDG_Gangsa_ENSEMBLE04.wav,115,67.918367,67.918367,0.5456690000000037,0.017514,PERF-004_event_0115_PERF-004-CAND-0115.wav,C:\Users\vonje\Documents\4th Year Acts\Thesis\Latest Requirements\Thesis App\data_pipeline\data\event_review\candidate_event_clips\PERF-004\PERF-004_event_0115_PERF-004-CAND-0115.wav,yes,SHORT_WEAK,accepted_after_clip_review,Von Jethro E. Landicho,Accepted as usable candidate event; token assigned from IOI and normalized onset strength.,SHORT,WEAK,IOI tertile + onset-strength tertile; first event per recording uses START,yes,ensemble_event_review(3).csv
PERF-004-CAND-0116,PERF-004,PERF-004_SDNG_SNDG_Gangsa_ENSEMBLE04.wav,C:\Users\vonje\Documents\4th Year Acts\Thesis\Latest Requirements\Thesis App\data_pipeline\data\working_audio\ensembles\PERF-004_SDNG_SNDG_Gangsa_ENSEMBLE04.wav,116,68.452426,68.452426,0.5340589999999992,0.028011,PERF-004_event_0116_PERF-004-CAND-0116.wav,C:\Users\vonje\Documents\4th Year Acts\Thesis\Latest Requirements\Thesis App\data_pipeline\data\event_review\candidate_event_clips\PERF-004\PERF-004_event_0116_PERF-004-CAND-0116.wav,yes,SHORT_MEDIUM,accepted_after_clip_review,Von Jethro E. Landicho,Accepted as usable candidate event; token assigned from IOI and normalized onset strength.,SHORT,MEDIUM,IOI tertile + onset-strength tertile; first event per recording uses START,yes,ensemble_event_review(3).csv
PERF-004-CAND-0117,PERF-004,PERF-004_SDNG_SNDG_Gangsa_ENSEMBLE04.wav,C:\Users\vonje\Documents\4th Year Acts\Thesis\Latest Requirements\Thesis App\data_pipeline\data\working_audio\ensembles\PERF-004_SDNG_SNDG_Gangsa_ENSEMBLE04.wav,117,68.998095,68.998095,0.5456690000000037,0.026895,PERF-004_event_0117_PERF-004-CAND-0117.wav,C:\Users\vonje\Documents\4th Year Acts\Thesis\Latest Requirements\Thesis App\data_pipeline\data\event_review\candidate_event_clips\PERF-004\PERF-004_event_0117_PERF-004-CAND-0117.wav,yes,SHORT_WEAK,accepted_after_clip_review,Von Jethro E. Landicho,Accepted as usable candidate event; token assigned from IOI and normalized onset strength.,SHORT,WEAK,IOI tertile + onset-strength tertile; first event per recording uses START,yes,ensemble_event_review(3).csv
PERF-004-CAND-0118,PERF-004,PERF-004_SDNG_SNDG_Gangsa_ENSEMBLE04.wav,C:\Users\vonje\Documents\4th Year Acts\Thesis\Latest Requirements\Thesis App\data_pipeline\data\working_audio\ensembles\PERF-004_SDNG_SNDG_Gangsa_ENSEMBLE04.wav,118,69.299955,69.299955,0.3018599999999907,0.041448,PERF-004_event_0118_PERF-004-CAND-0118.wav,C:\Users\vonje\Documents\4th Year Acts\Thesis\Latest Requirements\Thesis App\data_pipeline\data\event_review\candidate_event_clips\PERF-004\PERF-004_event_0118_PERF-004-CAND-0118.wav,yes,SHORT_STRONG,accepted_after_clip_review,Von Jethro E. Landicho,Accepted as usable candidate event; token assigned from IOI and normalized onset strength.,SHORT,STRONG,IOI tertile + onset-strength tertile; first event per recording uses START,yes,ensemble_event_review(3).csv
PERF-004-CAND-0119,PERF-004,PERF-004_SDNG_SNDG_Gangsa_ENSEMBLE04.wav,C:\Users\vonje\Documents\4th Year Acts\Thesis\Latest Requirements\Thesis App\data_pipeline\data\working_audio\ensembles\PERF-004_SDNG_SNDG_Gangsa_ENSEMBLE04.wav,119,69.868844,69.868844,0.5688889999999986,0.024517,PERF-004_event_0119_PERF-004-CAND-0119.wav,C:\Users\vonje\Documents\4th Year Acts\Thesis\Latest Requirements\Thesis App\data_pipeline\data\event_review\candidate_event_clips\PERF-004\PERF-004_event_0119_PERF-004-CAND-0119.wav,yes,SHORT_WEAK,accepted_after_clip_review,Von Jethro E. Landicho,Accepted as usable candidate event; token assigned from IOI and normalized onset strength.,SHORT,WEAK,IOI tertile + onset-strength tertile; first event per recording uses START,yes,ensemble_event_review(3).csv
PERF-004-CAND-0120,PERF-004,PERF-004_SDNG_SNDG_Gangsa_ENSEMBLE04.wav,C:\Users\vonje\Documents\4th Year Acts\Thesis\Latest Requirements\Thesis App\data_pipeline\data\working_audio\ensembles\PERF-004_SDNG_SNDG_Gangsa_ENSEMBLE04.wav,120,70.112653,70.112653,0.24380899999999883,0.0206,PERF-004_event_0120_PERF-004-CAND-0120.wav,C:\Users\vonje\Documents\4th Year Acts\Thesis\Latest Requirements\Thesis App\data_pipeline\data\event_review\candidate_event_clips\PERF-004\PERF-004_event_0120_PERF-004-CAND-0120.wav,yes,SHORT_WEAK,accepted_after_clip_review,Von Jethro E. Landicho,Accepted as usable candidate event; token assigned from IOI and normalized onset strength.,SHORT,WEAK,IOI tertile + onset-strength tertile; first event per recording uses START,yes,ensemble_event_review(3).csv
PERF-004-CAND-0121,PERF-004,PERF-004_SDNG_SNDG_Gangsa_ENSEMBLE04.wav,C:\Users\vonje\Documents\4th Year Acts\Thesis\Latest Requirements\Thesis App\data_pipeline\data\working_audio\ensembles\PERF-004_SDNG_SNDG_Gangsa_ENSEMBLE04.wav,121,70.681542,70.681542,0.5688889999999986,0.029679,PERF-004_event_0121_PERF-004-CAND-0121.wav,C:\Users\vonje\Documents\4th Year Acts\Thesis\Latest Requirements\Thesis App\data_pipeline\data\event_review\candidate_event_clips\PERF-004\PERF-004_event_0121_PERF-004-CAND-0121.wav,yes,SHORT_MEDIUM,accepted_after_clip_review,Von Jethro E. Landicho,Accepted as usable candidate event; token assigned from IOI and normalized onset strength.,SHORT,MEDIUM,IOI tertile + onset-strength tertile; first event per recording uses START,yes,ensemble_event_review(3).csv
PERF-004-CAND-0122,PERF-004,PERF-004_SDNG_SNDG_Gangsa_ENSEMBLE04.wav,C:\Users\vonje\Documents\4th Year Acts\Thesis\Latest Requirements\Thesis App\data_pipeline\data\working_audio\ensembles\PERF-004_SDNG_SNDG_Gangsa_ENSEMBLE04.wav,122,70.948571,70.948571,0.26702900000000795,0.028103,PERF-004_event_0122_PERF-004-CAND-0122.wav,C:\Users\vonje\Documents\4th Year Acts\Thesis\Latest Requirements\Thesis App\data_pipeline\data\event_review\candidate_event_clips\PERF-004\PERF-004_event_0122_PERF-004-CAND-0122.wav,yes,SHORT_MEDIUM,accepted_after_clip_review,Von Jethro E. Landicho,Accepted as usable candidate event; token assigned from IOI and normalized onset strength.,SHORT,MEDIUM,IOI tertile + onset-strength tertile; first event per recording uses START,yes,ensemble_event_review(3).csv
PERF-004-CAND-0123,PERF-004,PERF-004_SDNG_SNDG_Gangsa_ENSEMBLE04.wav,C:\Users\vonje\Documents\4th Year Acts\Thesis\Latest Requirements\Thesis App\data_pipeline\data\working_audio\ensembles\PERF-004_SDNG_SNDG_Gangsa_ENSEMBLE04.wav,123,71.55229,71.55229,0.6037189999999981,0.314154,PERF-004_event_0123_PERF-004-CAND-0123.wav,C:\Users\vonje\Documents\4th Year Acts\Thesis\Latest Requirements\Thesis App\data_pipeline\data\event_review\candidate_event_clips\PERF-004\PERF-004_event_0123_PERF-004-CAND-0123.wav,yes,MEDIUM_STRONG,accepted_after_clip_review,Von Jethro E. Landicho,Accepted as usable candidate event; token assigned from IOI and normalized onset strength.,MEDIUM,STRONG,IOI tertile + onset-strength tertile; first event per recording uses START,yes,ensemble_event_review(3).csv
PERF-004-CAND-0124,PERF-004,PERF-004_SDNG_SNDG_Gangsa_ENSEMBLE04.wav,C:\Users\vonje\Documents\4th Year Acts\Thesis\Latest Requirements\Thesis App\data_pipeline\data\working_audio\ensembles\PERF-004_SDNG_SNDG_Gangsa_ENSEMBLE04.wav,124,72.364989,72.364989,0.812698999999995,0.022022,PERF-004_event_0124_PERF-004-CAND-0124.wav,C:\Users\vonje\Documents\4th Year Acts\Thesis\Latest Requirements\Thesis App\data_pipeline\data\event_review\candidate_event_clips\PERF-004\PERF-004_event_0124_PERF-004-CAND-0124.wav,yes,MEDIUM_WEAK,accepted_after_clip_review,Von Jethro E. Landicho,Accepted as usable candidate event; token assigned from IOI and normalized onset strength.,MEDIUM,WEAK,IOI tertile + onset-strength tertile; first event per recording uses START,yes,ensemble_event_review(3).csv
PERF-004-CAND-0125,PERF-004,PERF-004_SDNG_SNDG_Gangsa_ENSEMBLE04.wav,C:\Users\vonje\Documents\4th Year Acts\Thesis\Latest Requirements\Thesis App\data_pipeline\data\working_audio\ensembles\PERF-004_SDNG_SNDG_Gangsa_ENSEMBLE04.wav,125,72.933878,72.933878,0.5688890000000129,0.030227,PERF-004_event_0125_PERF-004-CAND-0125.wav,C:\Users\vonje\Documents\4th Year Acts\Thesis\Latest Requirements\Thesis App\data_pipeline\data\event_review\candidate_event_clips\PERF-004\PERF-004_event_0125_PERF-004-CAND-0125.wav,yes,MEDIUM_MEDIUM,accepted_after_clip_review,Von Jethro E. Landicho,Accepted as usable candidate event; token assigned from IOI and normalized onset strength.,MEDIUM,MEDIUM,IOI tertile + onset-strength tertile; first event per recording uses START,yes,ensemble_event_review(3).csv
PERF-004-CAND-0126,PERF-004,PERF-004_SDNG_SNDG_Gangsa_ENSEMBLE04.wav,C:\Users\vonje\Documents\4th Year Acts\Thesis\Latest Requirements\Thesis App\data_pipeline\data\working_audio\ensembles\PERF-004_SDNG_SNDG_Gangsa_ENSEMBLE04.wav,126,73.479546,73.479546,0.545667999999992,0.017677,PERF-004_event_0126_PERF-004-CAND-0126.wav,C:\Users\vonje\Documents\4th Year Acts\Thesis\Latest Requirements\Thesis App\data_pipeline\data\event_review\candidate_event_clips\PERF-004\PERF-004_event_0126_PERF-004-CAND-0126.wav,yes,SHORT_WEAK,accepted_after_clip_review,Von Jethro E. Landicho,Accepted as usable candidate event; token assigned from IOI and normalized onset strength.,SHORT,WEAK,IOI tertile + onset-strength tertile; first event per recording uses START,yes,ensemble_event_review(3).csv
PERF-004-CAND-0127,PERF-004,PERF-004_SDNG_SNDG_Gangsa_ENSEMBLE04.wav,C:\Users\vonje\Documents\4th Year Acts\Thesis\Latest Requirements\Thesis App\data_pipeline\data\working_audio\ensembles\PERF-004_SDNG_SNDG_Gangsa_ENSEMBLE04.wav,127,74.036825,74.036825,0.5572789999999941,0.021442,PERF-004_event_0127_PERF-004-CAND-0127.wav,C:\Users\vonje\Documents\4th Year Acts\Thesis\Latest Requirements\Thesis App\data_pipeline\data\event_review\candidate_event_clips\PERF-004\PERF-004_event_0127_PERF-004-CAND-0127.wav,yes,SHORT_WEAK,accepted_after_clip_review,Von Jethro E. Landicho,Accepted as usable candidate event; token assigned from IOI and normalized onset strength.,SHORT,WEAK,IOI tertile + onset-strength tertile; first event per recording uses START,yes,ensemble_event_review(3).csv
PERF-004-CAND-0128,PERF-004,PERF-004_SDNG_SNDG_Gangsa_ENSEMBLE04.wav,C:\Users\vonje\Documents\4th Year Acts\Thesis\Latest Requirements\Thesis App\data_pipeline\data\working_audio\ensembles\PERF-004_SDNG_SNDG_Gangsa_ENSEMBLE04.wav,128,74.594104,74.594104,0.5572790000000083,0.038231,PERF-004_event_0128_PERF-004-CAND-0128.wav,C:\Users\vonje\Documents\4th Year Acts\Thesis\Latest Requirements\Thesis App\data_pipeline\data\event_review\candidate_event_clips\PERF-004\PERF-004_event_0128_PERF-004-CAND-0128.wav,yes,SHORT_STRONG,accepted_after_clip_review,Von Jethro E. Landicho,Accepted as usable candidate event; token assigned from IOI and normalized onset strength.,SHORT,STRONG,IOI tertile + onset-strength tertile; first event per recording uses START,yes,ensemble_event_review(3).csv
PERF-004-CAND-0129,PERF-004,PERF-004_SDNG_SNDG_Gangsa_ENSEMBLE04.wav,C:\Users\vonje\Documents\4th Year Acts\Thesis\Latest Requirements\Thesis App\data_pipeline\data\working_audio\ensembles\PERF-004_SDNG_SNDG_Gangsa_ENSEMBLE04.wav,129,74.895964,74.895964,0.3018600000000049,0.029656,PERF-004_event_0129_PERF-004-CAND-0129.wav,C:\Users\vonje\Documents\4th Year Acts\Thesis\Latest Requirements\Thesis App\data_pipeline\data\event_review\candidate_event_clips\PERF-004\PERF-004_event_0129_PERF-004-CAND-0129.wav,yes,SHORT_MEDIUM,accepted_after_clip_review,Von Jethro E. Landicho,Accepted as usable candidate event; token assigned from IOI and normalized onset strength.,SHORT,MEDIUM,IOI tertile + onset-strength tertile; first event per recording uses START,yes,ensemble_event_review(3).csv
PERF-004-CAND-0130,PERF-004,PERF-004_SDNG_SNDG_Gangsa_ENSEMBLE04.wav,C:\Users\vonje\Documents\4th Year Acts\Thesis\Latest Requirements\Thesis App\data_pipeline\data\working_audio\ensembles\PERF-004_SDNG_SNDG_Gangsa_ENSEMBLE04.wav,130,75.174603,75.174603,0.2786389999999983,0.030317,PERF-004_event_0130_PERF-004-CAND-0130.wav,C:\Users\vonje\Documents\4th Year Acts\Thesis\Latest Requirements\Thesis App\data_pipeline\data\event_review\candidate_event_clips\PERF-004\PERF-004_event_0130_PERF-004-CAND-0130.wav,yes,SHORT_MEDIUM,accepted_after_clip_review,Von Jethro E. Landicho,Accepted as usable candidate event; token assigned from IOI and normalized onset strength.,SHORT,MEDIUM,IOI tertile + onset-strength tertile; first event per recording uses START,yes,ensemble_event_review(3).csv
PERF-004-CAND-0131,PERF-004,PERF-004_SDNG_SNDG_Gangsa_ENSEMBLE04.wav,C:\Users\vonje\Documents\4th Year Acts\Thesis\Latest Requirements\Thesis App\data_pipeline\data\working_audio\ensembles\PERF-004_SDNG_SNDG_Gangsa_ENSEMBLE04.wav,131,75.731882,75.731882,0.5572789999999941,0.028356,PERF-004_event_0131_PERF-004-CAND-0131.wav,C:\Users\vonje\Documents\4th Year Acts\Thesis\Latest Requirements\Thesis App\data_pipeline\data\event_review\candidate_event_clips\PERF-004\PERF-004_event_0131_PERF-004-CAND-0131.wav,yes,SHORT_MEDIUM,accepted_after_clip_review,Von Jethro E. Landicho,Accepted as usable candidate event; token assigned from IOI and normalized onset strength.,SHORT,MEDIUM,IOI tertile + onset-strength tertile; first event per recording uses START,yes,ensemble_event_review(3).csv
PERF-004-CAND-0132,PERF-004,PERF-004_SDNG_SNDG_Gangsa_ENSEMBLE04.wav,C:\Users\vonje\Documents\4th Year Acts\Thesis\Latest Requirements\Thesis App\data_pipeline\data\working_audio\ensembles\PERF-004_SDNG_SNDG_Gangsa_ENSEMBLE04.wav,132,77.415329,77.415329,1.683447000000001,0.020529,PERF-004_event_0132_PERF-004-CAND-0132.wav,C:\Users\vonje\Documents\4th Year Acts\Thesis\Latest Requirements\Thesis App\data_pipeline\data\event_review\candidate_event_clips\PERF-004\PERF-004_event_0132_PERF-004-CAND-0132.wav,yes,LONG_WEAK,accepted_after_clip_review,Von Jethro E. Landicho,Accepted as usable candidate event; token assigned from IOI and normalized onset strength.,LONG,WEAK,IOI tertile + onset-strength tertile; first event per recording uses START,yes,ensemble_event_review(3).csv
PERF-004-CAND-0133,PERF-004,PERF-004_SDNG_SNDG_Gangsa_ENSEMBLE04.wav,C:\Users\vonje\Documents\4th Year Acts\Thesis\Latest Requirements\Thesis App\data_pipeline\data\working_audio\ensembles\PERF-004_SDNG_SNDG_Gangsa_ENSEMBLE04.wav,133,79.400635,79.400635,1.9853059999999942,0.047848,PERF-004_event_0133_PERF-004-CAND-0133.wav,C:\Users\vonje\Documents\4th Year Acts\Thesis\Latest Requirements\Thesis App\data_pipeline\data\event_review\candidate_event_clips\PERF-004\PERF-004_event_0133_PERF-004-CAND-0133.wav,yes,LONG_STRONG,accepted_after_clip_review,Von Jethro E. Landicho,Accepted as usable candidate event; token assigned from IOI and normalized onset strength.,LONG,STRONG,IOI tertile + onset-strength tertile; first event per recording uses START,yes,ensemble_event_review(3).csv
PERF-004-CAND-0134,PERF-004,PERF-004_SDNG_SNDG_Gangsa_ENSEMBLE04.wav,C:\Users\vonje\Documents\4th Year Acts\Thesis\Latest Requirements\Thesis App\data_pipeline\data\working_audio\ensembles\PERF-004_SDNG_SNDG_Gangsa_ENSEMBLE04.wav,134,79.911474,79.911474,0.5108390000000043,0.026887,PERF-004_event_0134_PERF-004-CAND-0134.wav,C:\Users\vonje\Documents\4th Year Acts\Thesis\Latest Requirements\Thesis App\data_pipeline\data\event_review\candidate_event_clips\PERF-004\PERF-004_event_0134_PERF-004-CAND-0134.wav,yes,SHORT_WEAK,accepted_after_clip_review,Von Jethro E. Landicho,Accepted as usable candidate event; token assigned from IOI and normalized onset strength.,SHORT,WEAK,IOI tertile + onset-strength tertile; first event per recording uses START,yes,ensemble_event_review(3).csv
PERF-004-CAND-0135,PERF-004,PERF-004_SDNG_SNDG_Gangsa_ENSEMBLE04.wav,C:\Users\vonje\Documents\4th Year Acts\Thesis\Latest Requirements\Thesis App\data_pipeline\data\working_audio\ensembles\PERF-004_SDNG_SNDG_Gangsa_ENSEMBLE04.wav,135,80.224943,80.224943,0.3134689999999978,0.0361,PERF-004_event_0135_PERF-004-CAND-0135.wav,C:\Users\vonje\Documents\4th Year Acts\Thesis\Latest Requirements\Thesis App\data_pipeline\data\event_review\candidate_event_clips\PERF-004\PERF-004_event_0135_PERF-004-CAND-0135.wav,yes,SHORT_MEDIUM,accepted_after_clip_review,Von Jethro E. Landicho,Accepted as usable candidate event; token assigned from IOI and normalized onset strength.,SHORT,MEDIUM,IOI tertile + onset-strength tertile; first event per recording uses START,yes,ensemble_event_review(3).csv
PERF-004-CAND-0136,PERF-004,PERF-004_SDNG_SNDG_Gangsa_ENSEMBLE04.wav,C:\Users\vonje\Documents\4th Year Acts\Thesis\Latest Requirements\Thesis App\data_pipeline\data\working_audio\ensembles\PERF-004_SDNG_SNDG_Gangsa_ENSEMBLE04.wav,136,80.480363,80.480363,0.25542000000000087,0.030172,PERF-004_event_0136_PERF-004-CAND-0136.wav,C:\Users\vonje\Documents\4th Year Acts\Thesis\Latest Requirements\Thesis App\data_pipeline\data\event_review\candidate_event_clips\PERF-004\PERF-004_event_0136_PERF-004-CAND-0136.wav,yes,SHORT_MEDIUM,accepted_after_clip_review,Von Jethro E. Landicho,Accepted as usable candidate event; token assigned from IOI and normalized onset strength.,SHORT,MEDIUM,IOI tertile + onset-strength tertile; first event per recording uses START,yes,ensemble_event_review(3).csv
PERF-004-CAND-0137,PERF-004,PERF-004_SDNG_SNDG_Gangsa_ENSEMBLE04.wav,C:\Users\vonje\Documents\4th Year Acts\Thesis\Latest Requirements\Thesis App\data_pipeline\data\working_audio\ensembles\PERF-004_SDNG_SNDG_Gangsa_ENSEMBLE04.wav,137,80.759002,80.759002,0.2786389999999983,0.018656,PERF-004_event_0137_PERF-004-CAND-0137.wav,C:\Users\vonje\Documents\4th Year Acts\Thesis\Latest Requirements\Thesis App\data_pipeline\data\event_review\candidate_event_clips\PERF-004\PERF-004_event_0137_PERF-004-CAND-0137.wav,yes,SHORT_WEAK,accepted_after_clip_review,Von Jethro E. Landicho,Accepted as usable candidate event; token assigned from IOI and normalized onset strength.,SHORT,WEAK,IOI tertile + onset-strength tertile; first event per recording uses START,yes,ensemble_event_review(3).csv
PERF-004-CAND-0138,PERF-004,PERF-004_SDNG_SNDG_Gangsa_ENSEMBLE04.wav,C:\Users\vonje\Documents\4th Year Acts\Thesis\Latest Requirements\Thesis App\data_pipeline\data\working_audio\ensembles\PERF-004_SDNG_SNDG_Gangsa_ENSEMBLE04.wav,138,81.049252,81.049252,0.29025000000000034,0.027475,PERF-004_event_0138_PERF-004-CAND-0138.wav,C:\Users\vonje\Documents\4th Year Acts\Thesis\Latest Requirements\Thesis App\data_pipeline\data\event_review\candidate_event_clips\PERF-004\PERF-004_event_0138_PERF-004-CAND-0138.wav,yes,SHORT_MEDIUM,accepted_after_clip_review,Von Jethro E. Landicho,Accepted as usable candidate event; token assigned from IOI and normalized onset strength.,SHORT,MEDIUM,IOI tertile + onset-strength tertile; first event per recording uses START,yes,ensemble_event_review(3).csv
PERF-004-CAND-0139,PERF-004,PERF-004_SDNG_SNDG_Gangsa_ENSEMBLE04.wav,C:\Users\vonje\Documents\4th Year Acts\Thesis\Latest Requirements\Thesis App\data_pipeline\data\working_audio\ensembles\PERF-004_SDNG_SNDG_Gangsa_ENSEMBLE04.wav,139,81.89678,81.89678,0.8475280000000112,0.036399,PERF-004_event_0139_PERF-004-CAND-0139.wav,C:\Users\vonje\Documents\4th Year Acts\Thesis\Latest Requirements\Thesis App\data_pipeline\data\event_review\candidate_event_clips\PERF-004\PERF-004_event_0139_PERF-004-CAND-0139.wav,yes,MEDIUM_STRONG,accepted_after_clip_review,Von Jethro E. Landicho,Accepted as usable candidate event; token assigned from IOI and normalized onset strength.,MEDIUM,STRONG,IOI tertile + onset-strength tertile; first event per recording uses START,yes,ensemble_event_review(3).csv
PERF-004-CAND-0140,PERF-004,PERF-004_SDNG_SNDG_Gangsa_ENSEMBLE04.wav,C:\Users\vonje\Documents\4th Year Acts\Thesis\Latest Requirements\Thesis App\data_pipeline\data\working_audio\ensembles\PERF-004_SDNG_SNDG_Gangsa_ENSEMBLE04.wav,140,82.465669,82.465669,0.5688889999999986,0.037822,PERF-004_event_0140_PERF-004-CAND-0140.wav,C:\Users\vonje\Documents\4th Year Acts\Thesis\Latest Requirements\Thesis App\data_pipeline\data\event_review\candidate_event_clips\PERF-004\PERF-004_event_0140_PERF-004-CAND-0140.wav,yes,SHORT_STRONG,accepted_after_clip_review,Von Jethro E. Landicho,Accepted as usable candidate event; token assigned from IOI and normalized onset strength.,SHORT,STRONG,IOI tertile + onset-strength tertile; first event per recording uses START,yes,ensemble_event_review(3).csv
PERF-004-CAND-0141,PERF-004,PERF-004_SDNG_SNDG_Gangsa_ENSEMBLE04.wav,C:\Users\vonje\Documents\4th Year Acts\Thesis\Latest Requirements\Thesis App\data_pipeline\data\working_audio\ensembles\PERF-004_SDNG_SNDG_Gangsa_ENSEMBLE04.wav,141,82.732698,82.732698,0.26702899999999374,0.021227,PERF-004_event_0141_PERF-004-CAND-0141.wav,C:\Users\vonje\Documents\4th Year Acts\Thesis\Latest Requirements\Thesis App\data_pipeline\data\event_review\candidate_event_clips\PERF-004\PERF-004_event_0141_PERF-004-CAND-0141.wav,yes,SHORT_WEAK,accepted_after_clip_review,Von Jethro E. Landicho,Accepted as usable candidate event; token assigned from IOI and normalized onset strength.,SHORT,WEAK,IOI tertile + onset-strength tertile; first event per recording uses START,yes,ensemble_event_review(3).csv
PERF-004-CAND-0142,PERF-004,PERF-004_SDNG_SNDG_Gangsa_ENSEMBLE04.wav,C:\Users\vonje\Documents\4th Year Acts\Thesis\Latest Requirements\Thesis App\data_pipeline\data\working_audio\ensembles\PERF-004_SDNG_SNDG_Gangsa_ENSEMBLE04.wav,142,84.137506,84.137506,1.4048080000000027,0.019075,PERF-004_event_0142_PERF-004-CAND-0142.wav,C:\Users\vonje\Documents\4th Year Acts\Thesis\Latest Requirements\Thesis App\data_pipeline\data\event_review\candidate_event_clips\PERF-004\PERF-004_event_0142_PERF-004-CAND-0142.wav,yes,LONG_WEAK,accepted_after_clip_review,Von Jethro E. Landicho,Accepted as usable candidate event; token assigned from IOI and normalized onset strength.,LONG,WEAK,IOI tertile + onset-strength tertile; first event per recording uses START,yes,ensemble_event_review(3).csv
PERF-004-CAND-0143,PERF-004,PERF-004_SDNG_SNDG_Gangsa_ENSEMBLE04.wav,C:\Users\vonje\Documents\4th Year Acts\Thesis\Latest Requirements\Thesis App\data_pipeline\data\working_audio\ensembles\PERF-004_SDNG_SNDG_Gangsa_ENSEMBLE04.wav,143,84.683175,84.683175,0.5456690000000037,0.026729,PERF-004_event_0143_PERF-004-CAND-0143.wav,C:\Users\vonje\Documents\4th Year Acts\Thesis\Latest Requirements\Thesis App\data_pipeline\data\event_review\candidate_event_clips\PERF-004\PERF-004_event_0143_PERF-004-CAND-0143.wav,yes,SHORT_WEAK,accepted_after_clip_review,Von Jethro E. Landicho,Accepted as usable candidate event; token assigned from IOI and normalized onset strength.,SHORT,WEAK,IOI tertile + onset-strength tertile; first event per recording uses START,yes,ensemble_event_review(3).csv
PERF-004-CAND-0144,PERF-004,PERF-004_SDNG_SNDG_Gangsa_ENSEMBLE04.wav,C:\Users\vonje\Documents\4th Year Acts\Thesis\Latest Requirements\Thesis App\data_pipeline\data\working_audio\ensembles\PERF-004_SDNG_SNDG_Gangsa_ENSEMBLE04.wav,144,85.565533,85.565533,0.8823579999999964,0.020278,PERF-004_event_0144_PERF-004-CAND-0144.wav,C:\Users\vonje\Documents\4th Year Acts\Thesis\Latest Requirements\Thesis App\data_pipeline\data\event_review\candidate_event_clips\PERF-004\PERF-004_event_0144_PERF-004-CAND-0144.wav,yes,MEDIUM_WEAK,accepted_after_clip_review,Von Jethro E. Landicho,Accepted as usable candidate event; token assigned from IOI and normalized onset strength.,MEDIUM,WEAK,IOI tertile + onset-strength tertile; first event per recording uses START,yes,ensemble_event_review(3).csv
PERF-004-CAND-0145,PERF-004,PERF-004_SDNG_SNDG_Gangsa_ENSEMBLE04.wav,C:\Users\vonje\Documents\4th Year Acts\Thesis\Latest Requirements\Thesis App\data_pipeline\data\working_audio\ensembles\PERF-004_SDNG_SNDG_Gangsa_ENSEMBLE04.wav,145,86.111202,86.111202,0.5456690000000037,0.022395,PERF-004_event_0145_PERF-004-CAND-0145.wav,C:\Users\vonje\Documents\4th Year Acts\Thesis\Latest Requirements\Thesis App\data_pipeline\data\event_review\candidate_event_clips\PERF-004\PERF-004_event_0145_PERF-004-CAND-0145.wav,yes,SHORT_WEAK,accepted_after_clip_review,Von Jethro E. Landicho,Accepted as usable candidate event; token assigned from IOI and normalized onset strength.,SHORT,WEAK,IOI tertile + onset-strength tertile; first event per recording uses START,yes,ensemble_event_review(3).csv
PERF-004-CAND-0146,PERF-004,PERF-004_SDNG_SNDG_Gangsa_ENSEMBLE04.wav,C:\Users\vonje\Documents\4th Year Acts\Thesis\Latest Requirements\Thesis App\data_pipeline\data\working_audio\ensembles\PERF-004_SDNG_SNDG_Gangsa_ENSEMBLE04.wav,146,86.378231,86.378231,0.26702899999999374,0.016121,PERF-004_event_0146_PERF-004-CAND-0146.wav,C:\Users\vonje\Documents\4th Year Acts\Thesis\Latest Requirements\Thesis App\data_pipeline\data\event_review\candidate_event_clips\PERF-004\PERF-004_event_0146_PERF-004-CAND-0146.wav,yes,SHORT_WEAK,accepted_after_clip_review,Von Jethro E. Landicho,Accepted as usable candidate event; token assigned from IOI and normalized onset strength.,SHORT,WEAK,IOI tertile + onset-strength tertile; first event per recording uses START,yes,ensemble_event_review(3).csv
PERF-004-CAND-0147,PERF-004,PERF-004_SDNG_SNDG_Gangsa_ENSEMBLE04.wav,C:\Users\vonje\Documents\4th Year Acts\Thesis\Latest Requirements\Thesis App\data_pipeline\data\working_audio\ensembles\PERF-004_SDNG_SNDG_Gangsa_ENSEMBLE04.wav,147,87.817868,87.817868,1.4396370000000047,0.033028,PERF-004_event_0147_PERF-004-CAND-0147.wav,C:\Users\vonje\Documents\4th Year Acts\Thesis\Latest Requirements\Thesis App\data_pipeline\data\event_review\candidate_event_clips\PERF-004\PERF-004_event_0147_PERF-004-CAND-0147.wav,yes,LONG_MEDIUM,accepted_after_clip_review,Von Jethro E. Landicho,Accepted as usable candidate event; token assigned from IOI and normalized onset strength.,LONG,MEDIUM,IOI tertile + onset-strength tertile; first event per recording uses START,yes,ensemble_event_review(3).csv
PERF-004-CAND-0148,PERF-004,PERF-004_SDNG_SNDG_Gangsa_ENSEMBLE04.wav,C:\Users\vonje\Documents\4th Year Acts\Thesis\Latest Requirements\Thesis App\data_pipeline\data\working_audio\ensembles\PERF-004_SDNG_SNDG_Gangsa_ENSEMBLE04.wav,148,88.073288,88.073288,0.25542000000000087,0.032011,PERF-004_event_0148_PERF-004-CAND-0148.wav,C:\Users\vonje\Documents\4th Year Acts\Thesis\Latest Requirements\Thesis App\data_pipeline\data\event_review\candidate_event_clips\PERF-004\PERF-004_event_0148_PERF-004-CAND-0148.wav,yes,SHORT_MEDIUM,accepted_after_clip_review,Von Jethro E. Landicho,Accepted as usable candidate event; token assigned from IOI and normalized onset strength.,SHORT,MEDIUM,IOI tertile + onset-strength tertile; first event per recording uses START,yes,ensemble_event_review(3).csv
PERF-004-CAND-0149,PERF-004,PERF-004_SDNG_SNDG_Gangsa_ENSEMBLE04.wav,C:\Users\vonje\Documents\4th Year Acts\Thesis\Latest Requirements\Thesis App\data_pipeline\data\working_audio\ensembles\PERF-004_SDNG_SNDG_Gangsa_ENSEMBLE04.wav,149,88.618957,88.618957,0.5456689999999895,0.029495,PERF-004_event_0149_PERF-004-CAND-0149.wav,C:\Users\vonje\Documents\4th Year Acts\Thesis\Latest Requirements\Thesis App\data_pipeline\data\event_review\candidate_event_clips\PERF-004\PERF-004_event_0149_PERF-004-CAND-0149.wav,yes,SHORT_MEDIUM,accepted_after_clip_review,Von Jethro E. Landicho,Accepted as usable candidate event; token assigned from IOI and normalized onset strength.,SHORT,MEDIUM,IOI tertile + onset-strength tertile; first event per recording uses START,yes,ensemble_event_review(3).csv
PERF-004-CAND-0150,PERF-004,PERF-004_SDNG_SNDG_Gangsa_ENSEMBLE04.wav,C:\Users\vonje\Documents\4th Year Acts\Thesis\Latest Requirements\Thesis App\data_pipeline\data\working_audio\ensembles\PERF-004_SDNG_SNDG_Gangsa_ENSEMBLE04.wav,150,88.920816,88.920816,0.3018590000000074,0.032024,PERF-004_event_0150_PERF-004-CAND-0150.wav,C:\Users\vonje\Documents\4th Year Acts\Thesis\Latest Requirements\Thesis App\data_pipeline\data\event_review\candidate_event_clips\PERF-004\PERF-004_event_0150_PERF-004-CAND-0150.wav,yes,SHORT_MEDIUM,accepted_after_clip_review,Von Jethro E. Landicho,Accepted as usable candidate event; token assigned from IOI and normalized onset strength.,SHORT,MEDIUM,IOI tertile + onset-strength tertile; first event per recording uses START,yes,ensemble_event_review(3).csv
PERF-004-CAND-0151,PERF-004,PERF-004_SDNG_SNDG_Gangsa_ENSEMBLE04.wav,C:\Users\vonje\Documents\4th Year Acts\Thesis\Latest Requirements\Thesis App\data_pipeline\data\working_audio\ensembles\PERF-004_SDNG_SNDG_Gangsa_ENSEMBLE04.wav,151,89.187846,89.187846,0.2670299999999912,0.030007,PERF-004_event_0151_PERF-004-CAND-0151.wav,C:\Users\vonje\Documents\4th Year Acts\Thesis\Latest Requirements\Thesis App\data_pipeline\data\event_review\candidate_event_clips\PERF-004\PERF-004_event_0151_PERF-004-CAND-0151.wav,yes,SHORT_MEDIUM,accepted_after_clip_review,Von Jethro E. Landicho,Accepted as usable candidate event; token assigned from IOI and normalized onset strength.,SHORT,MEDIUM,IOI tertile + onset-strength tertile; first event per recording uses START,yes,ensemble_event_review(3).csv
PERF-004-CAND-0152,PERF-004,PERF-004_SDNG_SNDG_Gangsa_ENSEMBLE04.wav,C:\Users\vonje\Documents\4th Year Acts\Thesis\Latest Requirements\Thesis App\data_pipeline\data\working_audio\ensembles\PERF-004_SDNG_SNDG_Gangsa_ENSEMBLE04.wav,152,90.046984,90.046984,0.8591380000000015,0.030822,PERF-004_event_0152_PERF-004-CAND-0152.wav,C:\Users\vonje\Documents\4th Year Acts\Thesis\Latest Requirements\Thesis App\data_pipeline\data\event_review\candidate_event_clips\PERF-004\PERF-004_event_0152_PERF-004-CAND-0152.wav,yes,MEDIUM_MEDIUM,accepted_after_clip_review,Von Jethro E. Landicho,Accepted as usable candidate event; token assigned from IOI and normalized onset strength.,MEDIUM,MEDIUM,IOI tertile + onset-strength tertile; first event per recording uses START,yes,ensemble_event_review(3).csv
PERF-004-CAND-0153,PERF-004,PERF-004_SDNG_SNDG_Gangsa_ENSEMBLE04.wav,C:\Users\vonje\Documents\4th Year Acts\Thesis\Latest Requirements\Thesis App\data_pipeline\data\working_audio\ensembles\PERF-004_SDNG_SNDG_Gangsa_ENSEMBLE04.wav,153,90.325624,90.325624,0.27864000000001,0.019901,PERF-004_event_0153_PERF-004-CAND-0153.wav,C:\Users\vonje\Documents\4th Year Acts\Thesis\Latest Requirements\Thesis App\data_pipeline\data\event_review\candidate_event_clips\PERF-004\PERF-004_event_0153_PERF-004-CAND-0153.wav,yes,SHORT_WEAK,accepted_after_clip_review,Von Jethro E. Landicho,Accepted as usable candidate event; token assigned from IOI and normalized onset strength.,SHORT,WEAK,IOI tertile + onset-strength tertile; first event per recording uses START,yes,ensemble_event_review(3).csv
PERF-004-CAND-0154,PERF-004,PERF-004_SDNG_SNDG_Gangsa_ENSEMBLE04.wav,C:\Users\vonje\Documents\4th Year Acts\Thesis\Latest Requirements\Thesis App\data_pipeline\data\working_audio\ensembles\PERF-004_SDNG_SNDG_Gangsa_ENSEMBLE04.wav,154,90.569433,90.569433,0.24380899999999883,0.023655,PERF-004_event_0154_PERF-004-CAND-0154.wav,C:\Users\vonje\Documents\4th Year Acts\Thesis\Latest Requirements\Thesis App\data_pipeline\data\event_review\candidate_event_clips\PERF-004\PERF-004_event_0154_PERF-004-CAND-0154.wav,yes,SHORT_WEAK,accepted_after_clip_review,Von Jethro E. Landicho,Accepted as usable candidate event; token assigned from IOI and normalized onset strength.,SHORT,WEAK,IOI tertile + onset-strength tertile; first event per recording uses START,yes,ensemble_event_review(3).csv
PERF-004-CAND-0155,PERF-004,PERF-004_SDNG_SNDG_Gangsa_ENSEMBLE04.wav,C:\Users\vonje\Documents\4th Year Acts\Thesis\Latest Requirements\Thesis App\data_pipeline\data\working_audio\ensembles\PERF-004_SDNG_SNDG_Gangsa_ENSEMBLE04.wav,155,90.859683,90.859683,0.29025000000000034,0.034494,PERF-004_event_0155_PERF-004-CAND-0155.wav,C:\Users\vonje\Documents\4th Year Acts\Thesis\Latest Requirements\Thesis App\data_pipeline\data\event_review\candidate_event_clips\PERF-004\PERF-004_event_0155_PERF-004-CAND-0155.wav,yes,SHORT_MEDIUM,accepted_after_clip_review,Von Jethro E. Landicho,Accepted as usable candidate event; token assigned from IOI and normalized onset strength.,SHORT,MEDIUM,IOI tertile + onset-strength tertile; first event per recording uses START,yes,ensemble_event_review(3).csv
PERF-004-CAND-0156,PERF-004,PERF-004_SDNG_SNDG_Gangsa_ENSEMBLE04.wav,C:\Users\vonje\Documents\4th Year Acts\Thesis\Latest Requirements\Thesis App\data_pipeline\data\working_audio\ensembles\PERF-004_SDNG_SNDG_Gangsa_ENSEMBLE04.wav,156,91.416961,91.416961,0.5572779999999966,0.01975,PERF-004_event_0156_PERF-004-CAND-0156.wav,C:\Users\vonje\Documents\4th Year Acts\Thesis\Latest Requirements\Thesis App\data_pipeline\data\event_review\candidate_event_clips\PERF-004\PERF-004_event_0156_PERF-004-CAND-0156.wav,yes,SHORT_WEAK,accepted_after_clip_review,Von Jethro E. Landicho,Accepted as usable candidate event; token assigned from IOI and normalized onset strength.,SHORT,WEAK,IOI tertile + onset-strength tertile; first event per recording uses START,yes,ensemble_event_review(3).csv
PERF-004-CAND-0157,PERF-004,PERF-004_SDNG_SNDG_Gangsa_ENSEMBLE04.wav,C:\Users\vonje\Documents\4th Year Acts\Thesis\Latest Requirements\Thesis App\data_pipeline\data\working_audio\ensembles\PERF-004_SDNG_SNDG_Gangsa_ENSEMBLE04.wav,157,91.99746,91.99746,0.5804990000000032,0.03586,PERF-004_event_0157_PERF-004-CAND-0157.wav,C:\Users\vonje\Documents\4th Year Acts\Thesis\Latest Requirements\Thesis App\data_pipeline\data\event_review\candidate_event_clips\PERF-004\PERF-004_event_0157_PERF-004-CAND-0157.wav,yes,MEDIUM_MEDIUM,accepted_after_clip_review,Von Jethro E. Landicho,Accepted as usable candidate event; token assigned from IOI and normalized onset strength.,MEDIUM,MEDIUM,IOI tertile + onset-strength tertile; first event per recording uses START,yes,ensemble_event_review(3).csv
PERF-004-CAND-0158,PERF-004,PERF-004_SDNG_SNDG_Gangsa_ENSEMBLE04.wav,C:\Users\vonje\Documents\4th Year Acts\Thesis\Latest Requirements\Thesis App\data_pipeline\data\working_audio\ensembles\PERF-004_SDNG_SNDG_Gangsa_ENSEMBLE04.wav,158,92.28771,92.28771,0.29025000000000034,0.021635,PERF-004_event_0158_PERF-004-CAND-0158.wav,C:\Users\vonje\Documents\4th Year Acts\Thesis\Latest Requirements\Thesis App\data_pipeline\data\event_review\candidate_event_clips\PERF-004\PERF-004_event_0158_PERF-004-CAND-0158.wav,yes,SHORT_WEAK,accepted_after_clip_review,Von Jethro E. Landicho,Accepted as usable candidate event; token assigned from IOI and normalized onset strength.,SHORT,WEAK,IOI tertile + onset-strength tertile; first event per recording uses START,yes,ensemble_event_review(3).csv
PERF-004-CAND-0159,PERF-004,PERF-004_SDNG_SNDG_Gangsa_ENSEMBLE04.wav,C:\Users\vonje\Documents\4th Year Acts\Thesis\Latest Requirements\Thesis App\data_pipeline\data\working_audio\ensembles\PERF-004_SDNG_SNDG_Gangsa_ENSEMBLE04.wav,159,92.577959,92.577959,0.29024900000000287,0.025828,PERF-004_event_0159_PERF-004-CAND-0159.wav,C:\Users\vonje\Documents\4th Year Acts\Thesis\Latest Requirements\Thesis App\data_pipeline\data\event_review\candidate_event_clips\PERF-004\PERF-004_event_0159_PERF-004-CAND-0159.wav,yes,SHORT_WEAK,accepted_after_clip_review,Von Jethro E. Landicho,Accepted as usable candidate event; token assigned from IOI and normalized onset strength.,SHORT,WEAK,IOI tertile + onset-strength tertile; first event per recording uses START,yes,ensemble_event_review(3).csv
PERF-004-CAND-0160,PERF-004,PERF-004_SDNG_SNDG_Gangsa_ENSEMBLE04.wav,C:\Users\vonje\Documents\4th Year Acts\Thesis\Latest Requirements\Thesis App\data_pipeline\data\working_audio\ensembles\PERF-004_SDNG_SNDG_Gangsa_ENSEMBLE04.wav,160,93.123628,93.123628,0.5456689999999895,0.027267,PERF-004_event_0160_PERF-004-CAND-0160.wav,C:\Users\vonje\Documents\4th Year Acts\Thesis\Latest Requirements\Thesis App\data_pipeline\data\event_review\candidate_event_clips\PERF-004\PERF-004_event_0160_PERF-004-CAND-0160.wav,yes,SHORT_MEDIUM,accepted_after_clip_review,Von Jethro E. Landicho,Accepted as usable candidate event; token assigned from IOI and normalized onset strength.,SHORT,MEDIUM,IOI tertile + onset-strength tertile; first event per recording uses START,yes,ensemble_event_review(3).csv
PERF-004-CAND-0161,PERF-004,PERF-004_SDNG_SNDG_Gangsa_ENSEMBLE04.wav,C:\Users\vonje\Documents\4th Year Acts\Thesis\Latest Requirements\Thesis App\data_pipeline\data\working_audio\ensembles\PERF-004_SDNG_SNDG_Gangsa_ENSEMBLE04.wav,161,93.680907,93.680907,0.5572790000000083,0.031152,PERF-004_event_0161_PERF-004-CAND-0161.wav,C:\Users\vonje\Documents\4th Year Acts\Thesis\Latest Requirements\Thesis App\data_pipeline\data\event_review\candidate_event_clips\PERF-004\PERF-004_event_0161_PERF-004-CAND-0161.wav,yes,SHORT_MEDIUM,accepted_after_clip_review,Von Jethro E. Landicho,Accepted as usable candidate event; token assigned from IOI and normalized onset strength.,SHORT,MEDIUM,IOI tertile + onset-strength tertile; first event per recording uses START,yes,ensemble_event_review(3).csv
PERF-004-CAND-0162,PERF-004,PERF-004_SDNG_SNDG_Gangsa_ENSEMBLE04.wav,C:\Users\vonje\Documents\4th Year Acts\Thesis\Latest Requirements\Thesis App\data_pipeline\data\working_audio\ensembles\PERF-004_SDNG_SNDG_Gangsa_ENSEMBLE04.wav,162,93.994376,93.994376,0.3134689999999978,0.092493,PERF-004_event_0162_PERF-004-CAND-0162.wav,C:\Users\vonje\Documents\4th Year Acts\Thesis\Latest Requirements\Thesis App\data_pipeline\data\event_review\candidate_event_clips\PERF-004\PERF-004_event_0162_PERF-004-CAND-0162.wav,yes,SHORT_STRONG,accepted_after_clip_review,Von Jethro E. Landicho,Accepted as usable candidate event; token assigned from IOI and normalized onset strength.,SHORT,STRONG,IOI tertile + onset-strength tertile; first event per recording uses START,yes,ensemble_event_review(3).csv
PERF-004-CAND-0163,PERF-004,PERF-004_SDNG_SNDG_Gangsa_ENSEMBLE04.wav,C:\Users\vonje\Documents\4th Year Acts\Thesis\Latest Requirements\Thesis App\data_pipeline\data\working_audio\ensembles\PERF-004_SDNG_SNDG_Gangsa_ENSEMBLE04.wav,163,94.505215,94.505215,0.5108390000000043,0.021154,PERF-004_event_0163_PERF-004-CAND-0163.wav,C:\Users\vonje\Documents\4th Year Acts\Thesis\Latest Requirements\Thesis App\data_pipeline\data\event_review\candidate_event_clips\PERF-004\PERF-004_event_0163_PERF-004-CAND-0163.wav,yes,SHORT_WEAK,accepted_after_clip_review,Von Jethro E. Landicho,Accepted as usable candidate event; token assigned from IOI and normalized onset strength.,SHORT,WEAK,IOI tertile + onset-strength tertile; first event per recording uses START,yes,ensemble_event_review(3).csv
PERF-004-CAND-0164,PERF-004,PERF-004_SDNG_SNDG_Gangsa_ENSEMBLE04.wav,C:\Users\vonje\Documents\4th Year Acts\Thesis\Latest Requirements\Thesis App\data_pipeline\data\working_audio\ensembles\PERF-004_SDNG_SNDG_Gangsa_ENSEMBLE04.wav,164,94.795465,94.795465,0.29024999999998613,0.031434,PERF-004_event_0164_PERF-004-CAND-0164.wav,C:\Users\vonje\Documents\4th Year Acts\Thesis\Latest Requirements\Thesis App\data_pipeline\data\event_review\candidate_event_clips\PERF-004\PERF-004_event_0164_PERF-004-CAND-0164.wav,yes,SHORT_MEDIUM,accepted_after_clip_review,Von Jethro E. Landicho,Accepted as usable candidate event; token assigned from IOI and normalized onset strength.,SHORT,MEDIUM,IOI tertile + onset-strength tertile; first event per recording uses START,yes,ensemble_event_review(3).csv
PERF-004-CAND-0165,PERF-004,PERF-004_SDNG_SNDG_Gangsa_ENSEMBLE04.wav,C:\Users\vonje\Documents\4th Year Acts\Thesis\Latest Requirements\Thesis App\data_pipeline\data\working_audio\ensembles\PERF-004_SDNG_SNDG_Gangsa_ENSEMBLE04.wav,165,95.085714,95.085714,0.29024900000000287,0.033639,PERF-004_event_0165_PERF-004-CAND-0165.wav,C:\Users\vonje\Documents\4th Year Acts\Thesis\Latest Requirements\Thesis App\data_pipeline\data\event_review\candidate_event_clips\PERF-004\PERF-004_event_0165_PERF-004-CAND-0165.wav,yes,SHORT_MEDIUM,accepted_after_clip_review,Von Jethro E. Landicho,Accepted as usable candidate event; token assigned from IOI and normalized onset strength.,SHORT,MEDIUM,IOI tertile + onset-strength tertile; first event per recording uses START,yes,ensemble_event_review(3).csv
PERF-004-CAND-0166,PERF-004,PERF-004_SDNG_SNDG_Gangsa_ENSEMBLE04.wav,C:\Users\vonje\Documents\4th Year Acts\Thesis\Latest Requirements\Thesis App\data_pipeline\data\working_audio\ensembles\PERF-004_SDNG_SNDG_Gangsa_ENSEMBLE04.wav,166,95.387574,95.387574,0.3018600000000049,0.06741,PERF-004_event_0166_PERF-004-CAND-0166.wav,C:\Users\vonje\Documents\4th Year Acts\Thesis\Latest Requirements\Thesis App\data_pipeline\data\event_review\candidate_event_clips\PERF-004\PERF-004_event_0166_PERF-004-CAND-0166.wav,yes,SHORT_STRONG,accepted_after_clip_review,Von Jethro E. Landicho,Accepted as usable candidate event; token assigned from IOI and normalized onset strength.,SHORT,STRONG,IOI tertile + onset-strength tertile; first event per recording uses START,yes,ensemble_event_review(3).csv
PERF-004-CAND-0167,PERF-004,PERF-004_SDNG_SNDG_Gangsa_ENSEMBLE04.wav,C:\Users\vonje\Documents\4th Year Acts\Thesis\Latest Requirements\Thesis App\data_pipeline\data\working_audio\ensembles\PERF-004_SDNG_SNDG_Gangsa_ENSEMBLE04.wav,167,95.933243,95.933243,0.5456690000000037,0.018411,PERF-004_event_0167_PERF-004-CAND-0167.wav,C:\Users\vonje\Documents\4th Year Acts\Thesis\Latest Requirements\Thesis App\data_pipeline\data\event_review\candidate_event_clips\PERF-004\PERF-004_event_0167_PERF-004-CAND-0167.wav,yes,SHORT_WEAK,accepted_after_clip_review,Von Jethro E. Landicho,Accepted as usable candidate event; token assigned from IOI and normalized onset strength.,SHORT,WEAK,IOI tertile + onset-strength tertile; first event per recording uses START,yes,ensemble_event_review(3).csv
PERF-004-CAND-0168,PERF-004,PERF-004_SDNG_SNDG_Gangsa_ENSEMBLE04.wav,C:\Users\vonje\Documents\4th Year Acts\Thesis\Latest Requirements\Thesis App\data_pipeline\data\working_audio\ensembles\PERF-004_SDNG_SNDG_Gangsa_ENSEMBLE04.wav,168,96.803991,96.803991,0.8707479999999919,0.277339,PERF-004_event_0168_PERF-004-CAND-0168.wav,C:\Users\vonje\Documents\4th Year Acts\Thesis\Latest Requirements\Thesis App\data_pipeline\data\event_review\candidate_event_clips\PERF-004\PERF-004_event_0168_PERF-004-CAND-0168.wav,yes,MEDIUM_STRONG,accepted_after_clip_review,Von Jethro E. Landicho,Accepted as usable candidate event; token assigned from IOI and normalized onset strength.,MEDIUM,STRONG,IOI tertile + onset-strength tertile; first event per recording uses START,yes,ensemble_event_review(3).csv
PERF-004-CAND-0169,PERF-004,PERF-004_SDNG_SNDG_Gangsa_ENSEMBLE04.wav,C:\Users\vonje\Documents\4th Year Acts\Thesis\Latest Requirements\Thesis App\data_pipeline\data\working_audio\ensembles\PERF-004_SDNG_SNDG_Gangsa_ENSEMBLE04.wav,169,97.593469,97.593469,0.7894780000000026,0.019123,PERF-004_event_0169_PERF-004-CAND-0169.wav,C:\Users\vonje\Documents\4th Year Acts\Thesis\Latest Requirements\Thesis App\data_pipeline\data\event_review\candidate_event_clips\PERF-004\PERF-004_event_0169_PERF-004-CAND-0169.wav,yes,MEDIUM_WEAK,accepted_after_clip_review,Von Jethro E. Landicho,Accepted as usable candidate event; token assigned from IOI and normalized onset strength.,MEDIUM,WEAK,IOI tertile + onset-strength tertile; first event per recording uses START,yes,ensemble_event_review(3).csv
PERF-004-CAND-0170,PERF-004,PERF-004_SDNG_SNDG_Gangsa_ENSEMBLE04.wav,C:\Users\vonje\Documents\4th Year Acts\Thesis\Latest Requirements\Thesis App\data_pipeline\data\working_audio\ensembles\PERF-004_SDNG_SNDG_Gangsa_ENSEMBLE04.wav,170,98.150748,98.150748,0.5572789999999941,0.028289,PERF-004_event_0170_PERF-004-CAND-0170.wav,C:\Users\vonje\Documents\4th Year Acts\Thesis\Latest Requirements\Thesis App\data_pipeline\data\event_review\candidate_event_clips\PERF-004\PERF-004_event_0170_PERF-004-CAND-0170.wav,yes,SHORT_MEDIUM,accepted_after_clip_review,Von Jethro E. Landicho,Accepted as usable candidate event; token assigned from IOI and normalized onset strength.,SHORT,MEDIUM,IOI tertile + onset-strength tertile; first event per recording uses START,yes,ensemble_event_review(3).csv
PERF-004-CAND-0171,PERF-004,PERF-004_SDNG_SNDG_Gangsa_ENSEMBLE04.wav,C:\Users\vonje\Documents\4th Year Acts\Thesis\Latest Requirements\Thesis App\data_pipeline\data\working_audio\ensembles\PERF-004_SDNG_SNDG_Gangsa_ENSEMBLE04.wav,171,98.731247,98.731247,0.5804990000000032,0.028634,PERF-004_event_0171_PERF-004-CAND-0171.wav,C:\Users\vonje\Documents\4th Year Acts\Thesis\Latest Requirements\Thesis App\data_pipeline\data\event_review\candidate_event_clips\PERF-004\PERF-004_event_0171_PERF-004-CAND-0171.wav,yes,MEDIUM_MEDIUM,accepted_after_clip_review,Von Jethro E. Landicho,Accepted as usable candidate event; token assigned from IOI and normalized onset strength.,MEDIUM,MEDIUM,IOI tertile + onset-strength tertile; first event per recording uses START,yes,ensemble_event_review(3).csv
PERF-004-CAND-0172,PERF-004,PERF-004_SDNG_SNDG_Gangsa_ENSEMBLE04.wav,C:\Users\vonje\Documents\4th Year Acts\Thesis\Latest Requirements\Thesis App\data_pipeline\data\working_audio\ensembles\PERF-004_SDNG_SNDG_Gangsa_ENSEMBLE04.wav,172,99.009887,99.009887,0.27864000000001,0.033233,PERF-004_event_0172_PERF-004-CAND-0172.wav,C:\Users\vonje\Documents\4th Year Acts\Thesis\Latest Requirements\Thesis App\data_pipeline\data\event_review\candidate_event_clips\PERF-004\PERF-004_event_0172_PERF-004-CAND-0172.wav,yes,SHORT_MEDIUM,accepted_after_clip_review,Von Jethro E. Landicho,Accepted as usable candidate event; token assigned from IOI and normalized onset strength.,SHORT,MEDIUM,IOI tertile + onset-strength tertile; first event per recording uses START,yes,ensemble_event_review(3).csv
PERF-004-CAND-0173,PERF-004,PERF-004_SDNG_SNDG_Gangsa_ENSEMBLE04.wav,C:\Users\vonje\Documents\4th Year Acts\Thesis\Latest Requirements\Thesis App\data_pipeline\data\working_audio\ensembles\PERF-004_SDNG_SNDG_Gangsa_ENSEMBLE04.wav,173,100.136054,100.136054,1.1261669999999953,0.023168,PERF-004_event_0173_PERF-004-CAND-0173.wav,C:\Users\vonje\Documents\4th Year Acts\Thesis\Latest Requirements\Thesis App\data_pipeline\data\event_review\candidate_event_clips\PERF-004\PERF-004_event_0173_PERF-004-CAND-0173.wav,yes,MEDIUM_WEAK,accepted_after_clip_review,Von Jethro E. Landicho,Accepted as usable candidate event; token assigned from IOI and normalized onset strength.,MEDIUM,WEAK,IOI tertile + onset-strength tertile; first event per recording uses START,yes,ensemble_event_review(3).csv
PERF-004-CAND-0174,PERF-004,PERF-004_SDNG_SNDG_Gangsa_ENSEMBLE04.wav,C:\Users\vonje\Documents\4th Year Acts\Thesis\Latest Requirements\Thesis App\data_pipeline\data\working_audio\ensembles\PERF-004_SDNG_SNDG_Gangsa_ENSEMBLE04.wav,174,100.681723,100.681723,0.5456690000000037,0.026847,PERF-004_event_0174_PERF-004-CAND-0174.wav,C:\Users\vonje\Documents\4th Year Acts\Thesis\Latest Requirements\Thesis App\data_pipeline\data\event_review\candidate_event_clips\PERF-004\PERF-004_event_0174_PERF-004-CAND-0174.wav,yes,SHORT_WEAK,accepted_after_clip_review,Von Jethro E. Landicho,Accepted as usable candidate event; token assigned from IOI and normalized onset strength.,SHORT,WEAK,IOI tertile + onset-strength tertile; first event per recording uses START,yes,ensemble_event_review(3).csv
PERF-004-CAND-0175,PERF-004,PERF-004_SDNG_SNDG_Gangsa_ENSEMBLE04.wav,C:\Users\vonje\Documents\4th Year Acts\Thesis\Latest Requirements\Thesis App\data_pipeline\data\working_audio\ensembles\PERF-004_SDNG_SNDG_Gangsa_ENSEMBLE04.wav,175,101.227392,101.227392,0.5456689999999895,0.020913,PERF-004_event_0175_PERF-004-CAND-0175.wav,C:\Users\vonje\Documents\4th Year Acts\Thesis\Latest Requirements\Thesis App\data_pipeline\data\event_review\candidate_event_clips\PERF-004\PERF-004_event_0175_PERF-004-CAND-0175.wav,yes,SHORT_WEAK,accepted_after_clip_review,Von Jethro E. Landicho,Accepted as usable candidate event; token assigned from IOI and normalized onset strength.,SHORT,WEAK,IOI tertile + onset-strength tertile; first event per recording uses START,yes,ensemble_event_review(3).csv
PERF-004-CAND-0176,PERF-004,PERF-004_SDNG_SNDG_Gangsa_ENSEMBLE04.wav,C:\Users\vonje\Documents\4th Year Acts\Thesis\Latest Requirements\Thesis App\data_pipeline\data\working_audio\ensembles\PERF-004_SDNG_SNDG_Gangsa_ENSEMBLE04.wav,176,101.540862,101.540862,0.31347000000000946,0.032834,PERF-004_event_0176_PERF-004-CAND-0176.wav,C:\Users\vonje\Documents\4th Year Acts\Thesis\Latest Requirements\Thesis App\data_pipeline\data\event_review\candidate_event_clips\PERF-004\PERF-004_event_0176_PERF-004-CAND-0176.wav,yes,SHORT_MEDIUM,accepted_after_clip_review,Von Jethro E. Landicho,Accepted as usable candidate event; token assigned from IOI and normalized onset strength.,SHORT,MEDIUM,IOI tertile + onset-strength tertile; first event per recording uses START,yes,ensemble_event_review(3).csv
PERF-004-CAND-0177,PERF-004,PERF-004_SDNG_SNDG_Gangsa_ENSEMBLE04.wav,C:\Users\vonje\Documents\4th Year Acts\Thesis\Latest Requirements\Thesis App\data_pipeline\data\working_audio\ensembles\PERF-004_SDNG_SNDG_Gangsa_ENSEMBLE04.wav,177,101.807891,101.807891,0.26702899999999374,0.028503,PERF-004_event_0177_PERF-004-CAND-0177.wav,C:\Users\vonje\Documents\4th Year Acts\Thesis\Latest Requirements\Thesis App\data_pipeline\data\event_review\candidate_event_clips\PERF-004\PERF-004_event_0177_PERF-004-CAND-0177.wav,yes,SHORT_MEDIUM,accepted_after_clip_review,Von Jethro E. Landicho,Accepted as usable candidate event; token assigned from IOI and normalized onset strength.,SHORT,MEDIUM,IOI tertile + onset-strength tertile; first event per recording uses START,yes,ensemble_event_review(3).csv
PERF-004-CAND-0178,PERF-004,PERF-004_SDNG_SNDG_Gangsa_ENSEMBLE04.wav,C:\Users\vonje\Documents\4th Year Acts\Thesis\Latest Requirements\Thesis App\data_pipeline\data\working_audio\ensembles\PERF-004_SDNG_SNDG_Gangsa_ENSEMBLE04.wav,178,102.109751,102.109751,0.3018600000000049,0.052343,PERF-004_event_0178_PERF-004-CAND-0178.wav,C:\Users\vonje\Documents\4th Year Acts\Thesis\Latest Requirements\Thesis App\data_pipeline\data\event_review\candidate_event_clips\PERF-004\PERF-004_event_0178_PERF-004-CAND-0178.wav,yes,SHORT_STRONG,accepted_after_clip_review,Von Jethro E. Landicho,Accepted as usable candidate event; token assigned from IOI and normalized onset strength.,SHORT,STRONG,IOI tertile + onset-strength tertile; first event per recording uses START,yes,ensemble_event_review(3).csv
PERF-004-CAND-0179,PERF-004,PERF-004_SDNG_SNDG_Gangsa_ENSEMBLE04.wav,C:\Users\vonje\Documents\4th Year Acts\Thesis\Latest Requirements\Thesis App\data_pipeline\data\working_audio\ensembles\PERF-004_SDNG_SNDG_Gangsa_ENSEMBLE04.wav,179,102.4,102.4,0.29024900000000287,0.110134,PERF-004_event_0179_PERF-004-CAND-0179.wav,C:\Users\vonje\Documents\4th Year Acts\Thesis\Latest Requirements\Thesis App\data_pipeline\data\event_review\candidate_event_clips\PERF-004\PERF-004_event_0179_PERF-004-CAND-0179.wav,yes,SHORT_STRONG,accepted_after_clip_review,Von Jethro E. Landicho,Accepted as usable candidate event; token assigned from IOI and normalized onset strength.,SHORT,STRONG,IOI tertile + onset-strength tertile; first event per recording uses START,yes,ensemble_event_review(3).csv
PERF-004-CAND-0180,PERF-004,PERF-004_SDNG_SNDG_Gangsa_ENSEMBLE04.wav,C:\Users\vonje\Documents\4th Year Acts\Thesis\Latest Requirements\Thesis App\data_pipeline\data\working_audio\ensembles\PERF-004_SDNG_SNDG_Gangsa_ENSEMBLE04.wav,180,102.945669,102.945669,0.5456689999999895,0.036934,PERF-004_event_0180_PERF-004-CAND-0180.wav,C:\Users\vonje\Documents\4th Year Acts\Thesis\Latest Requirements\Thesis App\data_pipeline\data\event_review\candidate_event_clips\PERF-004\PERF-004_event_0180_PERF-004-CAND-0180.wav,yes,SHORT_STRONG,accepted_after_clip_review,Von Jethro E. Landicho,Accepted as usable candidate event; token assigned from IOI and normalized onset strength.,SHORT,STRONG,IOI tertile + onset-strength tertile; first event per recording uses START,yes,ensemble_event_review(3).csv
PERF-004-CAND-0181,PERF-004,PERF-004_SDNG_SNDG_Gangsa_ENSEMBLE04.wav,C:\Users\vonje\Documents\4th Year Acts\Thesis\Latest Requirements\Thesis App\data_pipeline\data\working_audio\ensembles\PERF-004_SDNG_SNDG_Gangsa_ENSEMBLE04.wav,181,103.177868,103.177868,0.23219900000000848,0.024546,PERF-004_event_0181_PERF-004-CAND-0181.wav,C:\Users\vonje\Documents\4th Year Acts\Thesis\Latest Requirements\Thesis App\data_pipeline\data\event_review\candidate_event_clips\PERF-004\PERF-004_event_0181_PERF-004-CAND-0181.wav,yes,SHORT_WEAK,accepted_after_clip_review,Von Jethro E. Landicho,Accepted as usable candidate event; token assigned from IOI and normalized onset strength.,SHORT,WEAK,IOI tertile + onset-strength tertile; first event per recording uses START,yes,ensemble_event_review(3).csv
PERF-004-CAND-0182,PERF-004,PERF-004_SDNG_SNDG_Gangsa_ENSEMBLE04.wav,C:\Users\vonje\Documents\4th Year Acts\Thesis\Latest Requirements\Thesis App\data_pipeline\data\working_audio\ensembles\PERF-004_SDNG_SNDG_Gangsa_ENSEMBLE04.wav,182,103.468118,103.468118,0.29025000000000034,0.026841,PERF-004_event_0182_PERF-004-CAND-0182.wav,C:\Users\vonje\Documents\4th Year Acts\Thesis\Latest Requirements\Thesis App\data_pipeline\data\event_review\candidate_event_clips\PERF-004\PERF-004_event_0182_PERF-004-CAND-0182.wav,yes,SHORT_WEAK,accepted_after_clip_review,Von Jethro E. Landicho,Accepted as usable candidate event; token assigned from IOI and normalized onset strength.,SHORT,WEAK,IOI tertile + onset-strength tertile; first event per recording uses START,yes,ensemble_event_review(3).csv
PERF-004-CAND-0183,PERF-004,PERF-004_SDNG_SNDG_Gangsa_ENSEMBLE04.wav,C:\Users\vonje\Documents\4th Year Acts\Thesis\Latest Requirements\Thesis App\data_pipeline\data\working_audio\ensembles\PERF-004_SDNG_SNDG_Gangsa_ENSEMBLE04.wav,183,104.037007,104.037007,0.5688889999999986,0.029048,PERF-004_event_0183_PERF-004-CAND-0183.wav,C:\Users\vonje\Documents\4th Year Acts\Thesis\Latest Requirements\Thesis App\data_pipeline\data\event_review\candidate_event_clips\PERF-004\PERF-004_event_0183_PERF-004-CAND-0183.wav,yes,SHORT_MEDIUM,accepted_after_clip_review,Von Jethro E. Landicho,Accepted as usable candidate event; token assigned from IOI and normalized onset strength.,SHORT,MEDIUM,IOI tertile + onset-strength tertile; first event per recording uses START,yes,ensemble_event_review(3).csv
PERF-004-CAND-0184,PERF-004,PERF-004_SDNG_SNDG_Gangsa_ENSEMBLE04.wav,C:\Users\vonje\Documents\4th Year Acts\Thesis\Latest Requirements\Thesis App\data_pipeline\data\working_audio\ensembles\PERF-004_SDNG_SNDG_Gangsa_ENSEMBLE04.wav,184,104.350476,104.350476,0.3134689999999978,0.147014,PERF-004_event_0184_PERF-004-CAND-0184.wav,C:\Users\vonje\Documents\4th Year Acts\Thesis\Latest Requirements\Thesis App\data_pipeline\data\event_review\candidate_event_clips\PERF-004\PERF-004_event_0184_PERF-004-CAND-0184.wav,yes,SHORT_STRONG,accepted_after_clip_review,Von Jethro E. Landicho,Accepted as usable candidate event; token assigned from IOI and normalized onset strength.,SHORT,STRONG,IOI tertile + onset-strength tertile; first event per recording uses START,yes,ensemble_event_review(3).csv
PERF-004-CAND-0185,PERF-004,PERF-004_SDNG_SNDG_Gangsa_ENSEMBLE04.wav,C:\Users\vonje\Documents\4th Year Acts\Thesis\Latest Requirements\Thesis App\data_pipeline\data\working_audio\ensembles\PERF-004_SDNG_SNDG_Gangsa_ENSEMBLE04.wav,185,104.629116,104.629116,0.2786399999999958,0.035769,PERF-004_event_0185_PERF-004-CAND-0185.wav,C:\Users\vonje\Documents\4th Year Acts\Thesis\Latest Requirements\Thesis App\data_pipeline\data\event_review\candidate_event_clips\PERF-004\PERF-004_event_0185_PERF-004-CAND-0185.wav,yes,SHORT_MEDIUM,accepted_after_clip_review,Von Jethro E. Landicho,Accepted as usable candidate event; token assigned from IOI and normalized onset strength.,SHORT,MEDIUM,IOI tertile + onset-strength tertile; first event per recording uses START,yes,ensemble_event_review(3).csv
PERF-004-CAND-0186,PERF-004,PERF-004_SDNG_SNDG_Gangsa_ENSEMBLE04.wav,C:\Users\vonje\Documents\4th Year Acts\Thesis\Latest Requirements\Thesis App\data_pipeline\data\working_audio\ensembles\PERF-004_SDNG_SNDG_Gangsa_ENSEMBLE04.wav,186,104.896145,104.896145,0.26702900000000795,0.034218,PERF-004_event_0186_PERF-004-CAND-0186.wav,C:\Users\vonje\Documents\4th Year Acts\Thesis\Latest Requirements\Thesis App\data_pipeline\data\event_review\candidate_event_clips\PERF-004\PERF-004_event_0186_PERF-004-CAND-0186.wav,yes,SHORT_MEDIUM,accepted_after_clip_review,Von Jethro E. Landicho,Accepted as usable candidate event; token assigned from IOI and normalized onset strength.,SHORT,MEDIUM,IOI tertile + onset-strength tertile; first event per recording uses START,yes,ensemble_event_review(3).csv
PERF-004-CAND-0187,PERF-004,PERF-004_SDNG_SNDG_Gangsa_ENSEMBLE04.wav,C:\Users\vonje\Documents\4th Year Acts\Thesis\Latest Requirements\Thesis App\data_pipeline\data\working_audio\ensembles\PERF-004_SDNG_SNDG_Gangsa_ENSEMBLE04.wav,187,105.186395,105.186395,0.29025000000000034,0.043438,PERF-004_event_0187_PERF-004-CAND-0187.wav,C:\Users\vonje\Documents\4th Year Acts\Thesis\Latest Requirements\Thesis App\data_pipeline\data\event_review\candidate_event_clips\PERF-004\PERF-004_event_0187_PERF-004-CAND-0187.wav,yes,SHORT_STRONG,accepted_after_clip_review,Von Jethro E. Landicho,Accepted as usable candidate event; token assigned from IOI and normalized onset strength.,SHORT,STRONG,IOI tertile + onset-strength tertile; first event per recording uses START,yes,ensemble_event_review(3).csv
PERF-004-CAND-0188,PERF-004,PERF-004_SDNG_SNDG_Gangsa_ENSEMBLE04.wav,C:\Users\vonje\Documents\4th Year Acts\Thesis\Latest Requirements\Thesis App\data_pipeline\data\working_audio\ensembles\PERF-004_SDNG_SNDG_Gangsa_ENSEMBLE04.wav,188,105.720454,105.720454,0.5340589999999992,0.030093,PERF-004_event_0188_PERF-004-CAND-0188.wav,C:\Users\vonje\Documents\4th Year Acts\Thesis\Latest Requirements\Thesis App\data_pipeline\data\event_review\candidate_event_clips\PERF-004\PERF-004_event_0188_PERF-004-CAND-0188.wav,yes,SHORT_MEDIUM,accepted_after_clip_review,Von Jethro E. Landicho,Accepted as usable candidate event; token assigned from IOI and normalized onset strength.,SHORT,MEDIUM,IOI tertile + onset-strength tertile; first event per recording uses START,yes,ensemble_event_review(3).csv
PERF-004-CAND-0189,PERF-004,PERF-004_SDNG_SNDG_Gangsa_ENSEMBLE04.wav,C:\Users\vonje\Documents\4th Year Acts\Thesis\Latest Requirements\Thesis App\data_pipeline\data\working_audio\ensembles\PERF-004_SDNG_SNDG_Gangsa_ENSEMBLE04.wav,189,106.300952,106.300952,0.5804979999999915,0.025604,PERF-004_event_0189_PERF-004-CAND-0189.wav,C:\Users\vonje\Documents\4th Year Acts\Thesis\Latest Requirements\Thesis App\data_pipeline\data\event_review\candidate_event_clips\PERF-004\PERF-004_event_0189_PERF-004-CAND-0189.wav,yes,MEDIUM_WEAK,accepted_after_clip_review,Von Jethro E. Landicho,Accepted as usable candidate event; token assigned from IOI and normalized onset strength.,MEDIUM,WEAK,IOI tertile + onset-strength tertile; first event per recording uses START,yes,ensemble_event_review(3).csv
PERF-004-CAND-0190,PERF-004,PERF-004_SDNG_SNDG_Gangsa_ENSEMBLE04.wav,C:\Users\vonje\Documents\4th Year Acts\Thesis\Latest Requirements\Thesis App\data_pipeline\data\working_audio\ensembles\PERF-004_SDNG_SNDG_Gangsa_ENSEMBLE04.wav,190,106.579592,106.579592,0.27864000000001,0.022897,PERF-004_event_0190_PERF-004-CAND-0190.wav,C:\Users\vonje\Documents\4th Year Acts\Thesis\Latest Requirements\Thesis App\data_pipeline\data\event_review\candidate_event_clips\PERF-004\PERF-004_event_0190_PERF-004-CAND-0190.wav,yes,SHORT_WEAK,accepted_after_clip_review,Von Jethro E. Landicho,Accepted as usable candidate event; token assigned from IOI and normalized onset strength.,SHORT,WEAK,IOI tertile + onset-strength tertile; first event per recording uses START,yes,ensemble_event_review(3).csv
PERF-004-CAND-0191,PERF-004,PERF-004_SDNG_SNDG_Gangsa_ENSEMBLE04.wav,C:\Users\vonje\Documents\4th Year Acts\Thesis\Latest Requirements\Thesis App\data_pipeline\data\working_audio\ensembles\PERF-004_SDNG_SNDG_Gangsa_ENSEMBLE04.wav,191,106.869841,106.869841,0.29024899999998865,0.030829,PERF-004_event_0191_PERF-004-CAND-0191.wav,C:\Users\vonje\Documents\4th Year Acts\Thesis\Latest Requirements\Thesis App\data_pipeline\data\event_review\candidate_event_clips\PERF-004\PERF-004_event_0191_PERF-004-CAND-0191.wav,yes,SHORT_MEDIUM,accepted_after_clip_review,Von Jethro E. Landicho,Accepted as usable candidate event; token assigned from IOI and normalized onset strength.,SHORT,MEDIUM,IOI tertile + onset-strength tertile; first event per recording uses START,yes,ensemble_event_review(3).csv
PERF-004-CAND-0192,PERF-004,PERF-004_SDNG_SNDG_Gangsa_ENSEMBLE04.wav,C:\Users\vonje\Documents\4th Year Acts\Thesis\Latest Requirements\Thesis App\data_pipeline\data\working_audio\ensembles\PERF-004_SDNG_SNDG_Gangsa_ENSEMBLE04.wav,192,107.70576,107.70576,0.8359190000000041,0.031583,PERF-004_event_0192_PERF-004-CAND-0192.wav,C:\Users\vonje\Documents\4th Year Acts\Thesis\Latest Requirements\Thesis App\data_pipeline\data\event_review\candidate_event_clips\PERF-004\PERF-004_event_0192_PERF-004-CAND-0192.wav,yes,MEDIUM_MEDIUM,accepted_after_clip_review,Von Jethro E. Landicho,Accepted as usable candidate event; token assigned from IOI and normalized onset strength.,MEDIUM,MEDIUM,IOI tertile + onset-strength tertile; first event per recording uses START,yes,ensemble_event_review(3).csv
PERF-004-CAND-0193,PERF-004,PERF-004_SDNG_SNDG_Gangsa_ENSEMBLE04.wav,C:\Users\vonje\Documents\4th Year Acts\Thesis\Latest Requirements\Thesis App\data_pipeline\data\working_audio\ensembles\PERF-004_SDNG_SNDG_Gangsa_ENSEMBLE04.wav,193,107.984399,107.984399,0.2786389999999983,0.044782,PERF-004_event_0193_PERF-004-CAND-0193.wav,C:\Users\vonje\Documents\4th Year Acts\Thesis\Latest Requirements\Thesis App\data_pipeline\data\event_review\candidate_event_clips\PERF-004\PERF-004_event_0193_PERF-004-CAND-0193.wav,yes,SHORT_STRONG,accepted_after_clip_review,Von Jethro E. Landicho,Accepted as usable candidate event; token assigned from IOI and normalized onset strength.,SHORT,STRONG,IOI tertile + onset-strength tertile; first event per recording uses START,yes,ensemble_event_review(3).csv
PERF-004-CAND-0194,PERF-004,PERF-004_SDNG_SNDG_Gangsa_ENSEMBLE04.wav,C:\Users\vonje\Documents\4th Year Acts\Thesis\Latest Requirements\Thesis App\data_pipeline\data\working_audio\ensembles\PERF-004_SDNG_SNDG_Gangsa_ENSEMBLE04.wav,194,108.251429,108.251429,0.26703000000000543,0.020933,PERF-004_event_0194_PERF-004-CAND-0194.wav,C:\Users\vonje\Documents\4th Year Acts\Thesis\Latest Requirements\Thesis App\data_pipeline\data\event_review\candidate_event_clips\PERF-004\PERF-004_event_0194_PERF-004-CAND-0194.wav,yes,SHORT_WEAK,accepted_after_clip_review,Von Jethro E. Landicho,Accepted as usable candidate event; token assigned from IOI and normalized onset strength.,SHORT,WEAK,IOI tertile + onset-strength tertile; first event per recording uses START,yes,ensemble_event_review(3).csv
PERF-004-CAND-0195,PERF-004,PERF-004_SDNG_SNDG_Gangsa_ENSEMBLE04.wav,C:\Users\vonje\Documents\4th Year Acts\Thesis\Latest Requirements\Thesis App\data_pipeline\data\working_audio\ensembles\PERF-004_SDNG_SNDG_Gangsa_ENSEMBLE04.wav,195,108.820317,108.820317,0.5688880000000012,0.027833,PERF-004_event_0195_PERF-004-CAND-0195.wav,C:\Users\vonje\Documents\4th Year Acts\Thesis\Latest Requirements\Thesis App\data_pipeline\data\event_review\candidate_event_clips\PERF-004\PERF-004_event_0195_PERF-004-CAND-0195.wav,yes,SHORT_MEDIUM,accepted_after_clip_review,Von Jethro E. Landicho,Accepted as usable candidate event; token assigned from IOI and normalized onset strength.,SHORT,MEDIUM,IOI tertile + onset-strength tertile; first event per recording uses START,yes,ensemble_event_review(3).csv
PERF-004-CAND-0196,PERF-004,PERF-004_SDNG_SNDG_Gangsa_ENSEMBLE04.wav,C:\Users\vonje\Documents\4th Year Acts\Thesis\Latest Requirements\Thesis App\data_pipeline\data\working_audio\ensembles\PERF-004_SDNG_SNDG_Gangsa_ENSEMBLE04.wav,196,109.958095,109.958095,1.1377779999999973,0.035156,PERF-004_event_0196_PERF-004-CAND-0196.wav,C:\Users\vonje\Documents\4th Year Acts\Thesis\Latest Requirements\Thesis App\data_pipeline\data\event_review\candidate_event_clips\PERF-004\PERF-004_event_0196_PERF-004-CAND-0196.wav,yes,MEDIUM_MEDIUM,accepted_after_clip_review,Von Jethro E. Landicho,Accepted as usable candidate event; token assigned from IOI and normalized onset strength.,MEDIUM,MEDIUM,IOI tertile + onset-strength tertile; first event per recording uses START,yes,ensemble_event_review(3).csv
PERF-004-CAND-0197,PERF-004,PERF-004_SDNG_SNDG_Gangsa_ENSEMBLE04.wav,C:\Users\vonje\Documents\4th Year Acts\Thesis\Latest Requirements\Thesis App\data_pipeline\data\working_audio\ensembles\PERF-004_SDNG_SNDG_Gangsa_ENSEMBLE04.wav,197,110.225125,110.225125,0.26703000000000543,0.018797,PERF-004_event_0197_PERF-004-CAND-0197.wav,C:\Users\vonje\Documents\4th Year Acts\Thesis\Latest Requirements\Thesis App\data_pipeline\data\event_review\candidate_event_clips\PERF-004\PERF-004_event_0197_PERF-004-CAND-0197.wav,yes,SHORT_WEAK,accepted_after_clip_review,Von Jethro E. Landicho,Accepted as usable candidate event; token assigned from IOI and normalized onset strength.,SHORT,WEAK,IOI tertile + onset-strength tertile; first event per recording uses START,yes,ensemble_event_review(3).csv
PERF-004-CAND-0198,PERF-004,PERF-004_SDNG_SNDG_Gangsa_ENSEMBLE04.wav,C:\Users\vonje\Documents\4th Year Acts\Thesis\Latest Requirements\Thesis App\data_pipeline\data\working_audio\ensembles\PERF-004_SDNG_SNDG_Gangsa_ENSEMBLE04.wav,198,111.061043,111.061043,0.8359179999999924,0.034331,PERF-004_event_0198_PERF-004-CAND-0198.wav,C:\Users\vonje\Documents\4th Year Acts\Thesis\Latest Requirements\Thesis App\data_pipeline\data\event_review\candidate_event_clips\PERF-004\PERF-004_event_0198_PERF-004-CAND-0198.wav,yes,MEDIUM_MEDIUM,accepted_after_clip_review,Von Jethro E. Landicho,Accepted as usable candidate event; token assigned from IOI and normalized onset strength.,MEDIUM,MEDIUM,IOI tertile + onset-strength tertile; first event per recording uses START,yes,ensemble_event_review(3).csv
PERF-004-CAND-0199,PERF-004,PERF-004_SDNG_SNDG_Gangsa_ENSEMBLE04.wav,C:\Users\vonje\Documents\4th Year Acts\Thesis\Latest Requirements\Thesis App\data_pipeline\data\working_audio\ensembles\PERF-004_SDNG_SNDG_Gangsa_ENSEMBLE04.wav,199,111.583492,111.583492,0.5224490000000088,0.028834,PERF-004_event_0199_PERF-004-CAND-0199.wav,C:\Users\vonje\Documents\4th Year Acts\Thesis\Latest Requirements\Thesis App\data_pipeline\data\event_review\candidate_event_clips\PERF-004\PERF-004_event_0199_PERF-004-CAND-0199.wav,yes,SHORT_MEDIUM,accepted_after_clip_review,Von Jethro E. Landicho,Accepted as usable candidate event; token assigned from IOI and normalized onset strength.,SHORT,MEDIUM,IOI tertile + onset-strength tertile; first event per recording uses START,yes,ensemble_event_review(3).csv
PERF-004-CAND-0200,PERF-004,PERF-004_SDNG_SNDG_Gangsa_ENSEMBLE04.wav,C:\Users\vonje\Documents\4th Year Acts\Thesis\Latest Requirements\Thesis App\data_pipeline\data\working_audio\ensembles\PERF-004_SDNG_SNDG_Gangsa_ENSEMBLE04.wav,200,112.187211,112.187211,0.6037189999999981,0.028077,PERF-004_event_0200_PERF-004-CAND-0200.wav,C:\Users\vonje\Documents\4th Year Acts\Thesis\Latest Requirements\Thesis App\data_pipeline\data\event_review\candidate_event_clips\PERF-004\PERF-004_event_0200_PERF-004-CAND-0200.wav,yes,MEDIUM_MEDIUM,accepted_after_clip_review,Von Jethro E. Landicho,Accepted as usable candidate event; token assigned from IOI and normalized onset strength.,MEDIUM,MEDIUM,IOI tertile + onset-strength tertile; first event per recording uses START,yes,ensemble_event_review(3).csv
PERF-004-CAND-0201,PERF-004,PERF-004_SDNG_SNDG_Gangsa_ENSEMBLE04.wav,C:\Users\vonje\Documents\4th Year Acts\Thesis\Latest Requirements\Thesis App\data_pipeline\data\working_audio\ensembles\PERF-004_SDNG_SNDG_Gangsa_ENSEMBLE04.wav,201,112.41941,112.41941,0.23219899999999427,0.020603,PERF-004_event_0201_PERF-004-CAND-0201.wav,C:\Users\vonje\Documents\4th Year Acts\Thesis\Latest Requirements\Thesis App\data_pipeline\data\event_review\candidate_event_clips\PERF-004\PERF-004_event_0201_PERF-004-CAND-0201.wav,yes,SHORT_WEAK,accepted_after_clip_review,Von Jethro E. Landicho,Accepted as usable candidate event; token assigned from IOI and normalized onset strength.,SHORT,WEAK,IOI tertile + onset-strength tertile; first event per recording uses START,yes,ensemble_event_review(3).csv
PERF-004-CAND-0202,PERF-004,PERF-004_SDNG_SNDG_Gangsa_ENSEMBLE04.wav,C:\Users\vonje\Documents\4th Year Acts\Thesis\Latest Requirements\Thesis App\data_pipeline\data\working_audio\ensembles\PERF-004_SDNG_SNDG_Gangsa_ENSEMBLE04.wav,202,113.011519,113.011519,0.5921090000000078,0.028173,PERF-004_event_0202_PERF-004-CAND-0202.wav,C:\Users\vonje\Documents\4th Year Acts\Thesis\Latest Requirements\Thesis App\data_pipeline\data\event_review\candidate_event_clips\PERF-004\PERF-004_event_0202_PERF-004-CAND-0202.wav,yes,MEDIUM_MEDIUM,accepted_after_clip_review,Von Jethro E. Landicho,Accepted as usable candidate event; token assigned from IOI and normalized onset strength.,MEDIUM,MEDIUM,IOI tertile + onset-strength tertile; first event per recording uses START,yes,ensemble_event_review(3).csv
PERF-004-CAND-0203,PERF-004,PERF-004_SDNG_SNDG_Gangsa_ENSEMBLE04.wav,C:\Users\vonje\Documents\4th Year Acts\Thesis\Latest Requirements\Thesis App\data_pipeline\data\working_audio\ensembles\PERF-004_SDNG_SNDG_Gangsa_ENSEMBLE04.wav,203,113.290159,113.290159,0.2786399999999958,0.017784,PERF-004_event_0203_PERF-004-CAND-0203.wav,C:\Users\vonje\Documents\4th Year Acts\Thesis\Latest Requirements\Thesis App\data_pipeline\data\event_review\candidate_event_clips\PERF-004\PERF-004_event_0203_PERF-004-CAND-0203.wav,yes,SHORT_WEAK,accepted_after_clip_review,Von Jethro E. Landicho,Accepted as usable candidate event; token assigned from IOI and normalized onset strength.,SHORT,WEAK,IOI tertile + onset-strength tertile; first event per recording uses START,yes,ensemble_event_review(3).csv
PERF-004-CAND-0204,PERF-004,PERF-004_SDNG_SNDG_Gangsa_ENSEMBLE04.wav,C:\Users\vonje\Documents\4th Year Acts\Thesis\Latest Requirements\Thesis App\data_pipeline\data\working_audio\ensembles\PERF-004_SDNG_SNDG_Gangsa_ENSEMBLE04.wav,204,113.568798,113.568798,0.2786389999999983,0.014285,PERF-004_event_0204_PERF-004-CAND-0204.wav,C:\Users\vonje\Documents\4th Year Acts\Thesis\Latest Requirements\Thesis App\data_pipeline\data\event_review\candidate_event_clips\PERF-004\PERF-004_event_0204_PERF-004-CAND-0204.wav,yes,SHORT_WEAK,accepted_after_clip_review,Von Jethro E. Landicho,Accepted as usable candidate event; token assigned from IOI and normalized onset strength.,SHORT,WEAK,IOI tertile + onset-strength tertile; first event per recording uses START,yes,ensemble_event_review(3).csv
PERF-004-CAND-0205,PERF-004,PERF-004_SDNG_SNDG_Gangsa_ENSEMBLE04.wav,C:\Users\vonje\Documents\4th Year Acts\Thesis\Latest Requirements\Thesis App\data_pipeline\data\working_audio\ensembles\PERF-004_SDNG_SNDG_Gangsa_ENSEMBLE04.wav,205,115.542494,115.542494,1.973696000000004,0.0206,PERF-004_event_0205_PERF-004-CAND-0205.wav,C:\Users\vonje\Documents\4th Year Acts\Thesis\Latest Requirements\Thesis App\data_pipeline\data\event_review\candidate_event_clips\PERF-004\PERF-004_event_0205_PERF-004-CAND-0205.wav,yes,LONG_WEAK,accepted_after_clip_review,Von Jethro E. Landicho,Accepted as usable candidate event; token assigned from IOI and normalized onset strength.,LONG,WEAK,IOI tertile + onset-strength tertile; first event per recording uses START,yes,ensemble_event_review(3).csv
PERF-004-CAND-0206,PERF-004,PERF-004_SDNG_SNDG_Gangsa_ENSEMBLE04.wav,C:\Users\vonje\Documents\4th Year Acts\Thesis\Latest Requirements\Thesis App\data_pipeline\data\working_audio\ensembles\PERF-004_SDNG_SNDG_Gangsa_ENSEMBLE04.wav,206,116.378413,116.378413,0.8359189999999899,0.018483,PERF-004_event_0206_PERF-004-CAND-0206.wav,C:\Users\vonje\Documents\4th Year Acts\Thesis\Latest Requirements\Thesis App\data_pipeline\data\event_review\candidate_event_clips\PERF-004\PERF-004_event_0206_PERF-004-CAND-0206.wav,yes,MEDIUM_WEAK,accepted_after_clip_review,Von Jethro E. Landicho,Accepted as usable candidate event; token assigned from IOI and normalized onset strength.,MEDIUM,WEAK,IOI tertile + onset-strength tertile; first event per recording uses START,yes,ensemble_event_review(3).csv
PERF-004-CAND-0207,PERF-004,PERF-004_SDNG_SNDG_Gangsa_ENSEMBLE04.wav,C:\Users\vonje\Documents\4th Year Acts\Thesis\Latest Requirements\Thesis App\data_pipeline\data\working_audio\ensembles\PERF-004_SDNG_SNDG_Gangsa_ENSEMBLE04.wav,207,116.958912,116.958912,0.5804990000000032,0.036739,PERF-004_event_0207_PERF-004-CAND-0207.wav,C:\Users\vonje\Documents\4th Year Acts\Thesis\Latest Requirements\Thesis App\data_pipeline\data\event_review\candidate_event_clips\PERF-004\PERF-004_event_0207_PERF-004-CAND-0207.wav,yes,MEDIUM_STRONG,accepted_after_clip_review,Von Jethro E. Landicho,Accepted as usable candidate event; token assigned from IOI and normalized onset strength.,MEDIUM,STRONG,IOI tertile + onset-strength tertile; first event per recording uses START,yes,ensemble_event_review(3).csv
PERF-004-CAND-0208,PERF-004,PERF-004_SDNG_SNDG_Gangsa_ENSEMBLE04.wav,C:\Users\vonje\Documents\4th Year Acts\Thesis\Latest Requirements\Thesis App\data_pipeline\data\working_audio\ensembles\PERF-004_SDNG_SNDG_Gangsa_ENSEMBLE04.wav,208,117.78322,117.78322,0.824308000000002,0.025684,PERF-004_event_0208_PERF-004-CAND-0208.wav,C:\Users\vonje\Documents\4th Year Acts\Thesis\Latest Requirements\Thesis App\data_pipeline\data\event_review\candidate_event_clips\PERF-004\PERF-004_event_0208_PERF-004-CAND-0208.wav,yes,MEDIUM_WEAK,accepted_after_clip_review,Von Jethro E. Landicho,Accepted as usable candidate event; token assigned from IOI and normalized onset strength.,MEDIUM,WEAK,IOI tertile + onset-strength tertile; first event per recording uses START,yes,ensemble_event_review(3).csv
PERF-004-CAND-0209,PERF-004,PERF-004_SDNG_SNDG_Gangsa_ENSEMBLE04.wav,C:\Users\vonje\Documents\4th Year Acts\Thesis\Latest Requirements\Thesis App\data_pipeline\data\working_audio\ensembles\PERF-004_SDNG_SNDG_Gangsa_ENSEMBLE04.wav,209,118.352109,118.352109,0.5688889999999986,0.034982,PERF-004_event_0209_PERF-004-CAND-0209.wav,C:\Users\vonje\Documents\4th Year Acts\Thesis\Latest Requirements\Thesis App\data_pipeline\data\event_review\candidate_event_clips\PERF-004\PERF-004_event_0209_PERF-004-CAND-0209.wav,yes,SHORT_MEDIUM,accepted_after_clip_review,Von Jethro E. Landicho,Accepted as usable candidate event; token assigned from IOI and normalized onset strength.,SHORT,MEDIUM,IOI tertile + onset-strength tertile; first event per recording uses START,yes,ensemble_event_review(3).csv
PERF-004-CAND-0210,PERF-004,PERF-004_SDNG_SNDG_Gangsa_ENSEMBLE04.wav,C:\Users\vonje\Documents\4th Year Acts\Thesis\Latest Requirements\Thesis App\data_pipeline\data\working_audio\ensembles\PERF-004_SDNG_SNDG_Gangsa_ENSEMBLE04.wav,210,118.920998,118.920998,0.5688889999999986,0.024046,PERF-004_event_0210_PERF-004-CAND-0210.wav,C:\Users\vonje\Documents\4th Year Acts\Thesis\Latest Requirements\Thesis App\data_pipeline\data\event_review\candidate_event_clips\PERF-004\PERF-004_event_0210_PERF-004-CAND-0210.wav,yes,SHORT_WEAK,accepted_after_clip_review,Von Jethro E. Landicho,Accepted as usable candidate event; token assigned from IOI and normalized onset strength.,SHORT,WEAK,IOI tertile + onset-strength tertile; first event per recording uses START,yes,ensemble_event_review(3).csv
PERF-004-CAND-0211,PERF-004,PERF-004_SDNG_SNDG_Gangsa_ENSEMBLE04.wav,C:\Users\vonje\Documents\4th Year Acts\Thesis\Latest Requirements\Thesis App\data_pipeline\data\working_audio\ensembles\PERF-004_SDNG_SNDG_Gangsa_ENSEMBLE04.wav,211,119.199637,119.199637,0.2786389999999983,0.020922,PERF-004_event_0211_PERF-004-CAND-0211.wav,C:\Users\vonje\Documents\4th Year Acts\Thesis\Latest Requirements\Thesis App\data_pipeline\data\event_review\candidate_event_clips\PERF-004\PERF-004_event_0211_PERF-004-CAND-0211.wav,yes,SHORT_WEAK,accepted_after_clip_review,Von Jethro E. Landicho,Accepted as usable candidate event; token assigned from IOI and normalized onset strength.,SHORT,WEAK,IOI tertile + onset-strength tertile; first event per recording uses START,yes,ensemble_event_review(3).csv
PERF-004-CAND-0212,PERF-004,PERF-004_SDNG_SNDG_Gangsa_ENSEMBLE04.wav,C:\Users\vonje\Documents\4th Year Acts\Thesis\Latest Requirements\Thesis App\data_pipeline\data\working_audio\ensembles\PERF-004_SDNG_SNDG_Gangsa_ENSEMBLE04.wav,212,120.337415,120.337415,1.1377779999999973,0.027993,PERF-004_event_0212_PERF-004-CAND-0212.wav,C:\Users\vonje\Documents\4th Year Acts\Thesis\Latest Requirements\Thesis App\data_pipeline\data\event_review\candidate_event_clips\PERF-004\PERF-004_event_0212_PERF-004-CAND-0212.wav,yes,MEDIUM_MEDIUM,accepted_after_clip_review,Von Jethro E. Landicho,Accepted as usable candidate event; token assigned from IOI and normalized onset strength.,MEDIUM,MEDIUM,IOI tertile + onset-strength tertile; first event per recording uses START,yes,ensemble_event_review(3).csv
PERF-004-CAND-0213,PERF-004,PERF-004_SDNG_SNDG_Gangsa_ENSEMBLE04.wav,C:\Users\vonje\Documents\4th Year Acts\Thesis\Latest Requirements\Thesis App\data_pipeline\data\working_audio\ensembles\PERF-004_SDNG_SNDG_Gangsa_ENSEMBLE04.wav,213,120.883084,120.883084,0.5456690000000037,0.034894,PERF-004_event_0213_PERF-004-CAND-0213.wav,C:\Users\vonje\Documents\4th Year Acts\Thesis\Latest Requirements\Thesis App\data_pipeline\data\event_review\candidate_event_clips\PERF-004\PERF-004_event_0213_PERF-004-CAND-0213.wav,yes,SHORT_MEDIUM,accepted_after_clip_review,Von Jethro E. Landicho,Accepted as usable candidate event; token assigned from IOI and normalized onset strength.,SHORT,MEDIUM,IOI tertile + onset-strength tertile; first event per recording uses START,yes,ensemble_event_review(3).csv
PERF-004-CAND-0214,PERF-004,PERF-004_SDNG_SNDG_Gangsa_ENSEMBLE04.wav,C:\Users\vonje\Documents\4th Year Acts\Thesis\Latest Requirements\Thesis App\data_pipeline\data\working_audio\ensembles\PERF-004_SDNG_SNDG_Gangsa_ENSEMBLE04.wav,214,122.055692,122.055692,1.1726079999999968,0.018134,PERF-004_event_0214_PERF-004-CAND-0214.wav,C:\Users\vonje\Documents\4th Year Acts\Thesis\Latest Requirements\Thesis App\data_pipeline\data\event_review\candidate_event_clips\PERF-004\PERF-004_event_0214_PERF-004-CAND-0214.wav,yes,LONG_WEAK,accepted_after_clip_review,Von Jethro E. Landicho,Accepted as usable candidate event; token assigned from IOI and normalized onset strength.,LONG,WEAK,IOI tertile + onset-strength tertile; first event per recording uses START,yes,ensemble_event_review(3).csv
PERF-005-CAND-0001,PERF-005,PERF-005_SDNG_SNDG_Gangsa_ENSEMBLE05.wav,C:\Users\vonje\Documents\4th Year Acts\Thesis\Latest Requirements\Thesis App\data_pipeline\data\working_audio\ensembles\PERF-005_SDNG_SNDG_Gangsa_ENSEMBLE05.wav,1,0.464399,0.464399,,0.024838,PERF-005_event_0001_PERF-005-CAND-0001.wav,C:\Users\vonje\Documents\4th Year Acts\Thesis\Latest Requirements\Thesis App\data_pipeline\data\event_review\candidate_event_clips\PERF-005\PERF-005_event_0001_PERF-005-CAND-0001.wav,yes,START_WEAK,accepted_after_clip_review,Von Jethro E. Landicho,Accepted as usable candidate event; token assigned from IOI and normalized onset strength.,START,WEAK,IOI tertile + onset-strength tertile; first event per recording uses START,yes,ensemble_event_review(3).csv
PERF-005-CAND-0002,PERF-005,PERF-005_SDNG_SNDG_Gangsa_ENSEMBLE05.wav,C:\Users\vonje\Documents\4th Year Acts\Thesis\Latest Requirements\Thesis App\data_pipeline\data\working_audio\ensembles\PERF-005_SDNG_SNDG_Gangsa_ENSEMBLE05.wav,2,0.847528,0.847528,0.38312899999999994,0.043447,PERF-005_event_0002_PERF-005-CAND-0002.wav,C:\Users\vonje\Documents\4th Year Acts\Thesis\Latest Requirements\Thesis App\data_pipeline\data\event_review\candidate_event_clips\PERF-005\PERF-005_event_0002_PERF-005-CAND-0002.wav,yes,SHORT_STRONG,accepted_after_clip_review,Von Jethro E. Landicho,Accepted as usable candidate event; token assigned from IOI and normalized onset strength.,SHORT,STRONG,IOI tertile + onset-strength tertile; first event per recording uses START,yes,ensemble_event_review(3).csv
PERF-005-CAND-0003,PERF-005,PERF-005_SDNG_SNDG_Gangsa_ENSEMBLE05.wav,C:\Users\vonje\Documents\4th Year Acts\Thesis\Latest Requirements\Thesis App\data_pipeline\data\working_audio\ensembles\PERF-005_SDNG_SNDG_Gangsa_ENSEMBLE05.wav,3,1.555737,1.555737,0.708209,0.020978,PERF-005_event_0003_PERF-005-CAND-0003.wav,C:\Users\vonje\Documents\4th Year Acts\Thesis\Latest Requirements\Thesis App\data_pipeline\data\event_review\candidate_event_clips\PERF-005\PERF-005_event_0003_PERF-005-CAND-0003.wav,yes,MEDIUM_WEAK,accepted_after_clip_review,Von Jethro E. Landicho,Accepted as usable candidate event; token assigned from IOI and normalized onset strength.,MEDIUM,WEAK,IOI tertile + onset-strength tertile; first event per recording uses START,yes,ensemble_event_review(3).csv
PERF-005-CAND-0004,PERF-005,PERF-005_SDNG_SNDG_Gangsa_ENSEMBLE05.wav,C:\Users\vonje\Documents\4th Year Acts\Thesis\Latest Requirements\Thesis App\data_pipeline\data\working_audio\ensembles\PERF-005_SDNG_SNDG_Gangsa_ENSEMBLE05.wav,4,2.124626,2.124626,0.5688890000000002,0.027308,PERF-005_event_0004_PERF-005-CAND-0004.wav,C:\Users\vonje\Documents\4th Year Acts\Thesis\Latest Requirements\Thesis App\data_pipeline\data\event_review\candidate_event_clips\PERF-005\PERF-005_event_0004_PERF-005-CAND-0004.wav,yes,MEDIUM_MEDIUM,accepted_after_clip_review,Von Jethro E. Landicho,Accepted as usable candidate event; token assigned from IOI and normalized onset strength.,MEDIUM,MEDIUM,IOI tertile + onset-strength tertile; first event per recording uses START,yes,ensemble_event_review(3).csv
PERF-005-CAND-0005,PERF-005,PERF-005_SDNG_SNDG_Gangsa_ENSEMBLE05.wav,C:\Users\vonje\Documents\4th Year Acts\Thesis\Latest Requirements\Thesis App\data_pipeline\data\working_audio\ensembles\PERF-005_SDNG_SNDG_Gangsa_ENSEMBLE05.wav,5,2.728345,2.728345,0.6037189999999999,0.044066,PERF-005_event_0005_PERF-005-CAND-0005.wav,C:\Users\vonje\Documents\4th Year Acts\Thesis\Latest Requirements\Thesis App\data_pipeline\data\event_review\candidate_event_clips\PERF-005\PERF-005_event_0005_PERF-005-CAND-0005.wav,yes,MEDIUM_STRONG,accepted_after_clip_review,Von Jethro E. Landicho,Accepted as usable candidate event; token assigned from IOI and normalized onset strength.,MEDIUM,STRONG,IOI tertile + onset-strength tertile; first event per recording uses START,yes,ensemble_event_review(3).csv
PERF-005-CAND-0006,PERF-005,PERF-005_SDNG_SNDG_Gangsa_ENSEMBLE05.wav,C:\Users\vonje\Documents\4th Year Acts\Thesis\Latest Requirements\Thesis App\data_pipeline\data\working_audio\ensembles\PERF-005_SDNG_SNDG_Gangsa_ENSEMBLE05.wav,6,3.935782,3.935782,1.207437,0.013022,PERF-005_event_0006_PERF-005-CAND-0006.wav,C:\Users\vonje\Documents\4th Year Acts\Thesis\Latest Requirements\Thesis App\data_pipeline\data\event_review\candidate_event_clips\PERF-005\PERF-005_event_0006_PERF-005-CAND-0006.wav,yes,LONG_WEAK,accepted_after_clip_review,Von Jethro E. Landicho,Accepted as usable candidate event; token assigned from IOI and normalized onset strength.,LONG,WEAK,IOI tertile + onset-strength tertile; first event per recording uses START,yes,ensemble_event_review(3).csv
PERF-005-CAND-0007,PERF-005,PERF-005_SDNG_SNDG_Gangsa_ENSEMBLE05.wav,C:\Users\vonje\Documents\4th Year Acts\Thesis\Latest Requirements\Thesis App\data_pipeline\data\working_audio\ensembles\PERF-005_SDNG_SNDG_Gangsa_ENSEMBLE05.wav,7,4.527891,4.527891,0.5921090000000002,0.020989,PERF-005_event_0007_PERF-005-CAND-0007.wav,C:\Users\vonje\Documents\4th Year Acts\Thesis\Latest Requirements\Thesis App\data_pipeline\data\event_review\candidate_event_clips\PERF-005\PERF-005_event_0007_PERF-005-CAND-0007.wav,yes,MEDIUM_WEAK,accepted_after_clip_review,Von Jethro E. Landicho,Accepted as usable candidate event; token assigned from IOI and normalized onset strength.,MEDIUM,WEAK,IOI tertile + onset-strength tertile; first event per recording uses START,yes,ensemble_event_review(3).csv
PERF-005-CAND-0008,PERF-005,PERF-005_SDNG_SNDG_Gangsa_ENSEMBLE05.wav,C:\Users\vonje\Documents\4th Year Acts\Thesis\Latest Requirements\Thesis App\data_pipeline\data\working_audio\ensembles\PERF-005_SDNG_SNDG_Gangsa_ENSEMBLE05.wav,8,5.12,5.12,0.5921089999999998,0.022395,PERF-005_event_0008_PERF-005-CAND-0008.wav,C:\Users\vonje\Documents\4th Year Acts\Thesis\Latest Requirements\Thesis App\data_pipeline\data\event_review\candidate_event_clips\PERF-005\PERF-005_event_0008_PERF-005-CAND-0008.wav,yes,MEDIUM_WEAK,accepted_after_clip_review,Von Jethro E. Landicho,Accepted as usable candidate event; token assigned from IOI and normalized onset strength.,MEDIUM,WEAK,IOI tertile + onset-strength tertile; first event per recording uses START,yes,ensemble_event_review(3).csv
PERF-005-CAND-0009,PERF-005,PERF-005_SDNG_SNDG_Gangsa_ENSEMBLE05.wav,C:\Users\vonje\Documents\4th Year Acts\Thesis\Latest Requirements\Thesis App\data_pipeline\data\working_audio\ensembles\PERF-005_SDNG_SNDG_Gangsa_ENSEMBLE05.wav,9,5.735329,5.735329,0.615329,0.025239,PERF-005_event_0009_PERF-005-CAND-0009.wav,C:\Users\vonje\Documents\4th Year Acts\Thesis\Latest Requirements\Thesis App\data_pipeline\data\event_review\candidate_event_clips\PERF-005\PERF-005_event_0009_PERF-005-CAND-0009.wav,yes,MEDIUM_WEAK,accepted_after_clip_review,Von Jethro E. Landicho,Accepted as usable candidate event; token assigned from IOI and normalized onset strength.,MEDIUM,WEAK,IOI tertile + onset-strength tertile; first event per recording uses START,yes,ensemble_event_review(3).csv
PERF-005-CAND-0010,PERF-005,PERF-005_SDNG_SNDG_Gangsa_ENSEMBLE05.wav,C:\Users\vonje\Documents\4th Year Acts\Thesis\Latest Requirements\Thesis App\data_pipeline\data\working_audio\ensembles\PERF-005_SDNG_SNDG_Gangsa_ENSEMBLE05.wav,10,6.362268,6.362268,0.6269390000000001,0.018532,PERF-005_event_0010_PERF-005-CAND-0010.wav,C:\Users\vonje\Documents\4th Year Acts\Thesis\Latest Requirements\Thesis App\data_pipeline\data\event_review\candidate_event_clips\PERF-005\PERF-005_event_0010_PERF-005-CAND-0010.wav,yes,MEDIUM_WEAK,accepted_after_clip_review,Von Jethro E. Landicho,Accepted as usable candidate event; token assigned from IOI and normalized onset strength.,MEDIUM,WEAK,IOI tertile + onset-strength tertile; first event per recording uses START,yes,ensemble_event_review(3).csv
PERF-005-CAND-0011,PERF-005,PERF-005_SDNG_SNDG_Gangsa_ENSEMBLE05.wav,C:\Users\vonje\Documents\4th Year Acts\Thesis\Latest Requirements\Thesis App\data_pipeline\data\working_audio\ensembles\PERF-005_SDNG_SNDG_Gangsa_ENSEMBLE05.wav,11,6.954376,6.954376,0.5921079999999996,0.024261,PERF-005_event_0011_PERF-005-CAND-0011.wav,C:\Users\vonje\Documents\4th Year Acts\Thesis\Latest Requirements\Thesis App\data_pipeline\data\event_review\candidate_event_clips\PERF-005\PERF-005_event_0011_PERF-005-CAND-0011.wav,yes,MEDIUM_WEAK,accepted_after_clip_review,Von Jethro E. Landicho,Accepted as usable candidate event; token assigned from IOI and normalized onset strength.,MEDIUM,WEAK,IOI tertile + onset-strength tertile; first event per recording uses START,yes,ensemble_event_review(3).csv
PERF-005-CAND-0012,PERF-005,PERF-005_SDNG_SNDG_Gangsa_ENSEMBLE05.wav,C:\Users\vonje\Documents\4th Year Acts\Thesis\Latest Requirements\Thesis App\data_pipeline\data\working_audio\ensembles\PERF-005_SDNG_SNDG_Gangsa_ENSEMBLE05.wav,12,7.511655,7.511655,0.5572790000000003,0.013564,PERF-005_event_0012_PERF-005-CAND-0012.wav,C:\Users\vonje\Documents\4th Year Acts\Thesis\Latest Requirements\Thesis App\data_pipeline\data\event_review\candidate_event_clips\PERF-005\PERF-005_event_0012_PERF-005-CAND-0012.wav,yes,SHORT_WEAK,accepted_after_clip_review,Von Jethro E. Landicho,Accepted as usable candidate event; token assigned from IOI and normalized onset strength.,SHORT,WEAK,IOI tertile + onset-strength tertile; first event per recording uses START,yes,ensemble_event_review(3).csv
PERF-005-CAND-0013,PERF-005,PERF-005_SDNG_SNDG_Gangsa_ENSEMBLE05.wav,C:\Users\vonje\Documents\4th Year Acts\Thesis\Latest Requirements\Thesis App\data_pipeline\data\working_audio\ensembles\PERF-005_SDNG_SNDG_Gangsa_ENSEMBLE05.wav,13,9.253152,9.253152,1.7414969999999999,0.020659,PERF-005_event_0013_PERF-005-CAND-0013.wav,C:\Users\vonje\Documents\4th Year Acts\Thesis\Latest Requirements\Thesis App\data_pipeline\data\event_review\candidate_event_clips\PERF-005\PERF-005_event_0013_PERF-005-CAND-0013.wav,yes,LONG_WEAK,accepted_after_clip_review,Von Jethro E. Landicho,Accepted as usable candidate event; token assigned from IOI and normalized onset strength.,LONG,WEAK,IOI tertile + onset-strength tertile; first event per recording uses START,yes,ensemble_event_review(3).csv
PERF-005-CAND-0014,PERF-005,PERF-005_SDNG_SNDG_Gangsa_ENSEMBLE05.wav,C:\Users\vonje\Documents\4th Year Acts\Thesis\Latest Requirements\Thesis App\data_pipeline\data\working_audio\ensembles\PERF-005_SDNG_SNDG_Gangsa_ENSEMBLE05.wav,14,10.774059,10.774059,1.5209069999999993,0.02777,PERF-005_event_0014_PERF-005-CAND-0014.wav,C:\Users\vonje\Documents\4th Year Acts\Thesis\Latest Requirements\Thesis App\data_pipeline\data\event_review\candidate_event_clips\PERF-005\PERF-005_event_0014_PERF-005-CAND-0014.wav,yes,LONG_MEDIUM,accepted_after_clip_review,Von Jethro E. Landicho,Accepted as usable candidate event; token assigned from IOI and normalized onset strength.,LONG,MEDIUM,IOI tertile + onset-strength tertile; first event per recording uses START,yes,ensemble_event_review(3).csv
PERF-005-CAND-0015,PERF-005,PERF-005_SDNG_SNDG_Gangsa_ENSEMBLE05.wav,C:\Users\vonje\Documents\4th Year Acts\Thesis\Latest Requirements\Thesis App\data_pipeline\data\working_audio\ensembles\PERF-005_SDNG_SNDG_Gangsa_ENSEMBLE05.wav,15,11.644807,11.644807,0.8707480000000007,0.022254,PERF-005_event_0015_PERF-005-CAND-0015.wav,C:\Users\vonje\Documents\4th Year Acts\Thesis\Latest Requirements\Thesis App\data_pipeline\data\event_review\candidate_event_clips\PERF-005\PERF-005_event_0015_PERF-005-CAND-0015.wav,yes,MEDIUM_WEAK,accepted_after_clip_review,Von Jethro E. Landicho,Accepted as usable candidate event; token assigned from IOI and normalized onset strength.,MEDIUM,WEAK,IOI tertile + onset-strength tertile; first event per recording uses START,yes,ensemble_event_review(3).csv
PERF-005-CAND-0016,PERF-005,PERF-005_SDNG_SNDG_Gangsa_ENSEMBLE05.wav,C:\Users\vonje\Documents\4th Year Acts\Thesis\Latest Requirements\Thesis App\data_pipeline\data\working_audio\ensembles\PERF-005_SDNG_SNDG_Gangsa_ENSEMBLE05.wav,16,13.409524,13.409524,1.7647169999999992,0.020623,PERF-005_event_0016_PERF-005-CAND-0016.wav,C:\Users\vonje\Documents\4th Year Acts\Thesis\Latest Requirements\Thesis App\data_pipeline\data\event_review\candidate_event_clips\PERF-005\PERF-005_event_0016_PERF-005-CAND-0016.wav,yes,LONG_WEAK,accepted_after_clip_review,Von Jethro E. Landicho,Accepted as usable candidate event; token assigned from IOI and normalized onset strength.,LONG,WEAK,IOI tertile + onset-strength tertile; first event per recording uses START,yes,ensemble_event_review(3).csv
PERF-005-CAND-0017,PERF-005,PERF-005_SDNG_SNDG_Gangsa_ENSEMBLE05.wav,C:\Users\vonje\Documents\4th Year Acts\Thesis\Latest Requirements\Thesis App\data_pipeline\data\working_audio\ensembles\PERF-005_SDNG_SNDG_Gangsa_ENSEMBLE05.wav,17,13.978413,13.978413,0.5688890000000004,0.017621,PERF-005_event_0017_PERF-005-CAND-0017.wav,C:\Users\vonje\Documents\4th Year Acts\Thesis\Latest Requirements\Thesis App\data_pipeline\data\event_review\candidate_event_clips\PERF-005\PERF-005_event_0017_PERF-005-CAND-0017.wav,yes,MEDIUM_WEAK,accepted_after_clip_review,Von Jethro E. Landicho,Accepted as usable candidate event; token assigned from IOI and normalized onset strength.,MEDIUM,WEAK,IOI tertile + onset-strength tertile; first event per recording uses START,yes,ensemble_event_review(3).csv
PERF-005-CAND-0018,PERF-005,PERF-005_SDNG_SNDG_Gangsa_ENSEMBLE05.wav,C:\Users\vonje\Documents\4th Year Acts\Thesis\Latest Requirements\Thesis App\data_pipeline\data\working_audio\ensembles\PERF-005_SDNG_SNDG_Gangsa_ENSEMBLE05.wav,18,15.13941,15.13941,1.160997,0.012881,PERF-005_event_0018_PERF-005-CAND-0018.wav,C:\Users\vonje\Documents\4th Year Acts\Thesis\Latest Requirements\Thesis App\data_pipeline\data\event_review\candidate_event_clips\PERF-005\PERF-005_event_0018_PERF-005-CAND-0018.wav,yes,LONG_WEAK,accepted_after_clip_review,Von Jethro E. Landicho,Accepted as usable candidate event; token assigned from IOI and normalized onset strength.,LONG,WEAK,IOI tertile + onset-strength tertile; first event per recording uses START,yes,ensemble_event_review(3).csv
PERF-005-CAND-0019,PERF-005,PERF-005_SDNG_SNDG_Gangsa_ENSEMBLE05.wav,C:\Users\vonje\Documents\4th Year Acts\Thesis\Latest Requirements\Thesis App\data_pipeline\data\working_audio\ensembles\PERF-005_SDNG_SNDG_Gangsa_ENSEMBLE05.wav,19,16.335238,16.335238,1.1958280000000006,0.011844,PERF-005_event_0019_PERF-005-CAND-0019.wav,C:\Users\vonje\Documents\4th Year Acts\Thesis\Latest Requirements\Thesis App\data_pipeline\data\event_review\candidate_event_clips\PERF-005\PERF-005_event_0019_PERF-005-CAND-0019.wav,yes,LONG_WEAK,accepted_after_clip_review,Von Jethro E. Landicho,Accepted as usable candidate event; token assigned from IOI and normalized onset strength.,LONG,WEAK,IOI tertile + onset-strength tertile; first event per recording uses START,yes,ensemble_event_review(3).csv
PERF-005-CAND-0020,PERF-005,PERF-005_SDNG_SNDG_Gangsa_ENSEMBLE05.wav,C:\Users\vonje\Documents\4th Year Acts\Thesis\Latest Requirements\Thesis App\data_pipeline\data\working_audio\ensembles\PERF-005_SDNG_SNDG_Gangsa_ENSEMBLE05.wav,20,17.205986,17.205986,0.870747999999999,0.026998,PERF-005_event_0020_PERF-005-CAND-0020.wav,C:\Users\vonje\Documents\4th Year Acts\Thesis\Latest Requirements\Thesis App\data_pipeline\data\event_review\candidate_event_clips\PERF-005\PERF-005_event_0020_PERF-005-CAND-0020.wav,yes,MEDIUM_WEAK,accepted_after_clip_review,Von Jethro E. Landicho,Accepted as usable candidate event; token assigned from IOI and normalized onset strength.,MEDIUM,WEAK,IOI tertile + onset-strength tertile; first event per recording uses START,yes,ensemble_event_review(3).csv
PERF-005-CAND-0021,PERF-005,PERF-005_SDNG_SNDG_Gangsa_ENSEMBLE05.wav,C:\Users\vonje\Documents\4th Year Acts\Thesis\Latest Requirements\Thesis App\data_pipeline\data\working_audio\ensembles\PERF-005_SDNG_SNDG_Gangsa_ENSEMBLE05.wav,21,17.798095,17.798095,0.5921090000000007,0.019198,PERF-005_event_0021_PERF-005-CAND-0021.wav,C:\Users\vonje\Documents\4th Year Acts\Thesis\Latest Requirements\Thesis App\data_pipeline\data\event_review\candidate_event_clips\PERF-005\PERF-005_event_0021_PERF-005-CAND-0021.wav,yes,MEDIUM_WEAK,accepted_after_clip_review,Von Jethro E. Landicho,Accepted as usable candidate event; token assigned from IOI and normalized onset strength.,MEDIUM,WEAK,IOI tertile + onset-strength tertile; first event per recording uses START,yes,ensemble_event_review(3).csv
PERF-005-CAND-0022,PERF-005,PERF-005_SDNG_SNDG_Gangsa_ENSEMBLE05.wav,C:\Users\vonje\Documents\4th Year Acts\Thesis\Latest Requirements\Thesis App\data_pipeline\data\working_audio\ensembles\PERF-005_SDNG_SNDG_Gangsa_ENSEMBLE05.wav,22,18.680454,18.680454,0.882359000000001,0.02523,PERF-005_event_0022_PERF-005-CAND-0022.wav,C:\Users\vonje\Documents\4th Year Acts\Thesis\Latest Requirements\Thesis App\data_pipeline\data\event_review\candidate_event_clips\PERF-005\PERF-005_event_0022_PERF-005-CAND-0022.wav,yes,MEDIUM_WEAK,accepted_after_clip_review,Von Jethro E. Landicho,Accepted as usable candidate event; token assigned from IOI and normalized onset strength.,MEDIUM,WEAK,IOI tertile + onset-strength tertile; first event per recording uses START,yes,ensemble_event_review(3).csv
PERF-005-CAND-0023,PERF-005,PERF-005_SDNG_SNDG_Gangsa_ENSEMBLE05.wav,C:\Users\vonje\Documents\4th Year Acts\Thesis\Latest Requirements\Thesis App\data_pipeline\data\working_audio\ensembles\PERF-005_SDNG_SNDG_Gangsa_ENSEMBLE05.wav,23,21.014059,21.014059,2.3336049999999986,0.020267,PERF-005_event_0023_PERF-005-CAND-0023.wav,C:\Users\vonje\Documents\4th Year Acts\Thesis\Latest Requirements\Thesis App\data_pipeline\data\event_review\candidate_event_clips\PERF-005\PERF-005_event_0023_PERF-005-CAND-0023.wav,yes,LONG_WEAK,accepted_after_clip_review,Von Jethro E. Landicho,Accepted as usable candidate event; token assigned from IOI and normalized onset strength.,LONG,WEAK,IOI tertile + onset-strength tertile; first event per recording uses START,yes,ensemble_event_review(3).csv
PERF-005-CAND-0024,PERF-005,PERF-005_SDNG_SNDG_Gangsa_ENSEMBLE05.wav,C:\Users\vonje\Documents\4th Year Acts\Thesis\Latest Requirements\Thesis App\data_pipeline\data\working_audio\ensembles\PERF-005_SDNG_SNDG_Gangsa_ENSEMBLE05.wav,24,21.606168,21.606168,0.5921090000000007,0.019337,PERF-005_event_0024_PERF-005-CAND-0024.wav,C:\Users\vonje\Documents\4th Year Acts\Thesis\Latest Requirements\Thesis App\data_pipeline\data\event_review\candidate_event_clips\PERF-005\PERF-005_event_0024_PERF-005-CAND-0024.wav,yes,MEDIUM_WEAK,accepted_after_clip_review,Von Jethro E. Landicho,Accepted as usable candidate event; token assigned from IOI and normalized onset strength.,MEDIUM,WEAK,IOI tertile + onset-strength tertile; first event per recording uses START,yes,ensemble_event_review(3).csv
PERF-005-CAND-0025,PERF-005,PERF-005_SDNG_SNDG_Gangsa_ENSEMBLE05.wav,C:\Users\vonje\Documents\4th Year Acts\Thesis\Latest Requirements\Thesis App\data_pipeline\data\working_audio\ensembles\PERF-005_SDNG_SNDG_Gangsa_ENSEMBLE05.wav,25,22.175057,22.175057,0.5688889999999986,0.02785,PERF-005_event_0025_PERF-005-CAND-0025.wav,C:\Users\vonje\Documents\4th Year Acts\Thesis\Latest Requirements\Thesis App\data_pipeline\data\event_review\candidate_event_clips\PERF-005\PERF-005_event_0025_PERF-005-CAND-0025.wav,yes,SHORT_MEDIUM,accepted_after_clip_review,Von Jethro E. Landicho,Accepted as usable candidate event; token assigned from IOI and normalized onset strength.,SHORT,MEDIUM,IOI tertile + onset-strength tertile; first event per recording uses START,yes,ensemble_event_review(3).csv
PERF-005-CAND-0026,PERF-005,PERF-005_SDNG_SNDG_Gangsa_ENSEMBLE05.wav,C:\Users\vonje\Documents\4th Year Acts\Thesis\Latest Requirements\Thesis App\data_pipeline\data\working_audio\ensembles\PERF-005_SDNG_SNDG_Gangsa_ENSEMBLE05.wav,26,22.778776,22.778776,0.6037190000000017,0.021791,PERF-005_event_0026_PERF-005-CAND-0026.wav,C:\Users\vonje\Documents\4th Year Acts\Thesis\Latest Requirements\Thesis App\data_pipeline\data\event_review\candidate_event_clips\PERF-005\PERF-005_event_0026_PERF-005-CAND-0026.wav,yes,MEDIUM_WEAK,accepted_after_clip_review,Von Jethro E. Landicho,Accepted as usable candidate event; token assigned from IOI and normalized onset strength.,MEDIUM,WEAK,IOI tertile + onset-strength tertile; first event per recording uses START,yes,ensemble_event_review(3).csv
PERF-005-CAND-0027,PERF-005,PERF-005_SDNG_SNDG_Gangsa_ENSEMBLE05.wav,C:\Users\vonje\Documents\4th Year Acts\Thesis\Latest Requirements\Thesis App\data_pipeline\data\working_audio\ensembles\PERF-005_SDNG_SNDG_Gangsa_ENSEMBLE05.wav,27,23.359274,23.359274,0.5804979999999986,0.02926,PERF-005_event_0027_PERF-005-CAND-0027.wav,C:\Users\vonje\Documents\4th Year Acts\Thesis\Latest Requirements\Thesis App\data_pipeline\data\event_review\candidate_event_clips\PERF-005\PERF-005_event_0027_PERF-005-CAND-0027.wav,yes,MEDIUM_MEDIUM,accepted_after_clip_review,Von Jethro E. Landicho,Accepted as usable candidate event; token assigned from IOI and normalized onset strength.,MEDIUM,MEDIUM,IOI tertile + onset-strength tertile; first event per recording uses START,yes,ensemble_event_review(3).csv
PERF-005-CAND-0028,PERF-005,PERF-005_SDNG_SNDG_Gangsa_ENSEMBLE05.wav,C:\Users\vonje\Documents\4th Year Acts\Thesis\Latest Requirements\Thesis App\data_pipeline\data\working_audio\ensembles\PERF-005_SDNG_SNDG_Gangsa_ENSEMBLE05.wav,28,25.65805,25.65805,2.298776,0.020405,PERF-005_event_0028_PERF-005-CAND-0028.wav,C:\Users\vonje\Documents\4th Year Acts\Thesis\Latest Requirements\Thesis App\data_pipeline\data\event_review\candidate_event_clips\PERF-005\PERF-005_event_0028_PERF-005-CAND-0028.wav,yes,LONG_WEAK,accepted_after_clip_review,Von Jethro E. Landicho,Accepted as usable candidate event; token assigned from IOI and normalized onset strength.,LONG,WEAK,IOI tertile + onset-strength tertile; first event per recording uses START,yes,ensemble_event_review(3).csv
PERF-005-CAND-0029,PERF-005,PERF-005_SDNG_SNDG_Gangsa_ENSEMBLE05.wav,C:\Users\vonje\Documents\4th Year Acts\Thesis\Latest Requirements\Thesis App\data_pipeline\data\working_audio\ensembles\PERF-005_SDNG_SNDG_Gangsa_ENSEMBLE05.wav,29,27.968435,27.968435,2.310385,0.024019,PERF-005_event_0029_PERF-005-CAND-0029.wav,C:\Users\vonje\Documents\4th Year Acts\Thesis\Latest Requirements\Thesis App\data_pipeline\data\event_review\candidate_event_clips\PERF-005\PERF-005_event_0029_PERF-005-CAND-0029.wav,yes,LONG_WEAK,accepted_after_clip_review,Von Jethro E. Landicho,Accepted as usable candidate event; token assigned from IOI and normalized onset strength.,LONG,WEAK,IOI tertile + onset-strength tertile; first event per recording uses START,yes,ensemble_event_review(3).csv
PERF-005-CAND-0030,PERF-005,PERF-005_SDNG_SNDG_Gangsa_ENSEMBLE05.wav,C:\Users\vonje\Documents\4th Year Acts\Thesis\Latest Requirements\Thesis App\data_pipeline\data\working_audio\ensembles\PERF-005_SDNG_SNDG_Gangsa_ENSEMBLE05.wav,30,29.141043,29.141043,1.1726080000000003,0.018501,PERF-005_event_0030_PERF-005-CAND-0030.wav,C:\Users\vonje\Documents\4th Year Acts\Thesis\Latest Requirements\Thesis App\data_pipeline\data\event_review\candidate_event_clips\PERF-005\PERF-005_event_0030_PERF-005-CAND-0030.wav,yes,LONG_WEAK,accepted_after_clip_review,Von Jethro E. Landicho,Accepted as usable candidate event; token assigned from IOI and normalized onset strength.,LONG,WEAK,IOI tertile + onset-strength tertile; first event per recording uses START,yes,ensemble_event_review(3).csv
PERF-005-CAND-0031,PERF-005,PERF-005_SDNG_SNDG_Gangsa_ENSEMBLE05.wav,C:\Users\vonje\Documents\4th Year Acts\Thesis\Latest Requirements\Thesis App\data_pipeline\data\working_audio\ensembles\PERF-005_SDNG_SNDG_Gangsa_ENSEMBLE05.wav,31,29.721542,29.721542,0.5804989999999997,0.018181,PERF-005_event_0031_PERF-005-CAND-0031.wav,C:\Users\vonje\Documents\4th Year Acts\Thesis\Latest Requirements\Thesis App\data_pipeline\data\event_review\candidate_event_clips\PERF-005\PERF-005_event_0031_PERF-005-CAND-0031.wav,yes,MEDIUM_WEAK,accepted_after_clip_review,Von Jethro E. Landicho,Accepted as usable candidate event; token assigned from IOI and normalized onset strength.,MEDIUM,WEAK,IOI tertile + onset-strength tertile; first event per recording uses START,yes,ensemble_event_review(3).csv
PERF-005-CAND-0032,PERF-005,PERF-005_SDNG_SNDG_Gangsa_ENSEMBLE05.wav,C:\Users\vonje\Documents\4th Year Acts\Thesis\Latest Requirements\Thesis App\data_pipeline\data\working_audio\ensembles\PERF-005_SDNG_SNDG_Gangsa_ENSEMBLE05.wav,32,30.313651,30.313651,0.5921090000000007,0.032466,PERF-005_event_0032_PERF-005-CAND-0032.wav,C:\Users\vonje\Documents\4th Year Acts\Thesis\Latest Requirements\Thesis App\data_pipeline\data\event_review\candidate_event_clips\PERF-005\PERF-005_event_0032_PERF-005-CAND-0032.wav,yes,MEDIUM_MEDIUM,accepted_after_clip_review,Von Jethro E. Landicho,Accepted as usable candidate event; token assigned from IOI and normalized onset strength.,MEDIUM,MEDIUM,IOI tertile + onset-strength tertile; first event per recording uses START,yes,ensemble_event_review(3).csv
PERF-005-CAND-0033,PERF-005,PERF-005_SDNG_SNDG_Gangsa_ENSEMBLE05.wav,C:\Users\vonje\Documents\4th Year Acts\Thesis\Latest Requirements\Thesis App\data_pipeline\data\working_audio\ensembles\PERF-005_SDNG_SNDG_Gangsa_ENSEMBLE05.wav,33,32.020317,32.020317,1.7066659999999985,0.020543,PERF-005_event_0033_PERF-005-CAND-0033.wav,C:\Users\vonje\Documents\4th Year Acts\Thesis\Latest Requirements\Thesis App\data_pipeline\data\event_review\candidate_event_clips\PERF-005\PERF-005_event_0033_PERF-005-CAND-0033.wav,yes,LONG_WEAK,accepted_after_clip_review,Von Jethro E. Landicho,Accepted as usable candidate event; token assigned from IOI and normalized onset strength.,LONG,WEAK,IOI tertile + onset-strength tertile; first event per recording uses START,yes,ensemble_event_review(3).csv
PERF-005-CAND-0034,PERF-005,PERF-005_SDNG_SNDG_Gangsa_ENSEMBLE05.wav,C:\Users\vonje\Documents\4th Year Acts\Thesis\Latest Requirements\Thesis App\data_pipeline\data\working_audio\ensembles\PERF-005_SDNG_SNDG_Gangsa_ENSEMBLE05.wav,34,32.600816,32.600816,0.5804990000000032,0.026624,PERF-005_event_0034_PERF-005-CAND-0034.wav,C:\Users\vonje\Documents\4th Year Acts\Thesis\Latest Requirements\Thesis App\data_pipeline\data\event_review\candidate_event_clips\PERF-005\PERF-005_event_0034_PERF-005-CAND-0034.wav,yes,MEDIUM_WEAK,accepted_after_clip_review,Von Jethro E. Landicho,Accepted as usable candidate event; token assigned from IOI and normalized onset strength.,MEDIUM,WEAK,IOI tertile + onset-strength tertile; first event per recording uses START,yes,ensemble_event_review(3).csv
PERF-005-CAND-0035,PERF-005,PERF-005_SDNG_SNDG_Gangsa_ENSEMBLE05.wav,C:\Users\vonje\Documents\4th Year Acts\Thesis\Latest Requirements\Thesis App\data_pipeline\data\working_audio\ensembles\PERF-005_SDNG_SNDG_Gangsa_ENSEMBLE05.wav,35,33.738594,33.738594,1.1377779999999973,0.016254,PERF-005_event_0035_PERF-005-CAND-0035.wav,C:\Users\vonje\Documents\4th Year Acts\Thesis\Latest Requirements\Thesis App\data_pipeline\data\event_review\candidate_event_clips\PERF-005\PERF-005_event_0035_PERF-005-CAND-0035.wav,yes,MEDIUM_WEAK,accepted_after_clip_review,Von Jethro E. Landicho,Accepted as usable candidate event; token assigned from IOI and normalized onset strength.,MEDIUM,WEAK,IOI tertile + onset-strength tertile; first event per recording uses START,yes,ensemble_event_review(3).csv
PERF-005-CAND-0036,PERF-005,PERF-005_SDNG_SNDG_Gangsa_ENSEMBLE05.wav,C:\Users\vonje\Documents\4th Year Acts\Thesis\Latest Requirements\Thesis App\data_pipeline\data\working_audio\ensembles\PERF-005_SDNG_SNDG_Gangsa_ENSEMBLE05.wav,36,34.319093,34.319093,0.5804990000000032,0.017081,PERF-005_event_0036_PERF-005-CAND-0036.wav,C:\Users\vonje\Documents\4th Year Acts\Thesis\Latest Requirements\Thesis App\data_pipeline\data\event_review\candidate_event_clips\PERF-005\PERF-005_event_0036_PERF-005-CAND-0036.wav,yes,MEDIUM_WEAK,accepted_after_clip_review,Von Jethro E. Landicho,Accepted as usable candidate event; token assigned from IOI and normalized onset strength.,MEDIUM,WEAK,IOI tertile + onset-strength tertile; first event per recording uses START,yes,ensemble_event_review(3).csv
PERF-005-CAND-0037,PERF-005,PERF-005_SDNG_SNDG_Gangsa_ENSEMBLE05.wav,C:\Users\vonje\Documents\4th Year Acts\Thesis\Latest Requirements\Thesis App\data_pipeline\data\working_audio\ensembles\PERF-005_SDNG_SNDG_Gangsa_ENSEMBLE05.wav,37,34.911202,34.911202,0.5921090000000007,0.026826,PERF-005_event_0037_PERF-005-CAND-0037.wav,C:\Users\vonje\Documents\4th Year Acts\Thesis\Latest Requirements\Thesis App\data_pipeline\data\event_review\candidate_event_clips\PERF-005\PERF-005_event_0037_PERF-005-CAND-0037.wav,yes,MEDIUM_WEAK,accepted_after_clip_review,Von Jethro E. Landicho,Accepted as usable candidate event; token assigned from IOI and normalized onset strength.,MEDIUM,WEAK,IOI tertile + onset-strength tertile; first event per recording uses START,yes,ensemble_event_review(3).csv
PERF-005-CAND-0038,PERF-005,PERF-005_SDNG_SNDG_Gangsa_ENSEMBLE05.wav,C:\Users\vonje\Documents\4th Year Acts\Thesis\Latest Requirements\Thesis App\data_pipeline\data\working_audio\ensembles\PERF-005_SDNG_SNDG_Gangsa_ENSEMBLE05.wav,38,36.629478,36.629478,1.718275999999996,0.015462,PERF-005_event_0038_PERF-005-CAND-0038.wav,C:\Users\vonje\Documents\4th Year Acts\Thesis\Latest Requirements\Thesis App\data_pipeline\data\event_review\candidate_event_clips\PERF-005\PERF-005_event_0038_PERF-005-CAND-0038.wav,yes,LONG_WEAK,accepted_after_clip_review,Von Jethro E. Landicho,Accepted as usable candidate event; token assigned from IOI and normalized onset strength.,LONG,WEAK,IOI tertile + onset-strength tertile; first event per recording uses START,yes,ensemble_event_review(3).csv
PERF-005-CAND-0039,PERF-005,PERF-005_SDNG_SNDG_Gangsa_ENSEMBLE05.wav,C:\Users\vonje\Documents\4th Year Acts\Thesis\Latest Requirements\Thesis App\data_pipeline\data\working_audio\ensembles\PERF-005_SDNG_SNDG_Gangsa_ENSEMBLE05.wav,39,37.198367,37.198367,0.5688889999999986,0.016462,PERF-005_event_0039_PERF-005-CAND-0039.wav,C:\Users\vonje\Documents\4th Year Acts\Thesis\Latest Requirements\Thesis App\data_pipeline\data\event_review\candidate_event_clips\PERF-005\PERF-005_event_0039_PERF-005-CAND-0039.wav,yes,SHORT_WEAK,accepted_after_clip_review,Von Jethro E. Landicho,Accepted as usable candidate event; token assigned from IOI and normalized onset strength.,SHORT,WEAK,IOI tertile + onset-strength tertile; first event per recording uses START,yes,ensemble_event_review(3).csv
PERF-005-CAND-0040,PERF-005,PERF-005_SDNG_SNDG_Gangsa_ENSEMBLE05.wav,C:\Users\vonje\Documents\4th Year Acts\Thesis\Latest Requirements\Thesis App\data_pipeline\data\working_audio\ensembles\PERF-005_SDNG_SNDG_Gangsa_ENSEMBLE05.wav,40,38.336145,38.336145,1.1377780000000044,0.013406,PERF-005_event_0040_PERF-005-CAND-0040.wav,C:\Users\vonje\Documents\4th Year Acts\Thesis\Latest Requirements\Thesis App\data_pipeline\data\event_review\candidate_event_clips\PERF-005\PERF-005_event_0040_PERF-005-CAND-0040.wav,yes,MEDIUM_WEAK,accepted_after_clip_review,Von Jethro E. Landicho,Accepted as usable candidate event; token assigned from IOI and normalized onset strength.,MEDIUM,WEAK,IOI tertile + onset-strength tertile; first event per recording uses START,yes,ensemble_event_review(3).csv
PERF-005-CAND-0041,PERF-005,PERF-005_SDNG_SNDG_Gangsa_ENSEMBLE05.wav,C:\Users\vonje\Documents\4th Year Acts\Thesis\Latest Requirements\Thesis App\data_pipeline\data\working_audio\ensembles\PERF-005_SDNG_SNDG_Gangsa_ENSEMBLE05.wav,41,39.531973,39.531973,1.1958279999999988,0.02042,PERF-005_event_0041_PERF-005-CAND-0041.wav,C:\Users\vonje\Documents\4th Year Acts\Thesis\Latest Requirements\Thesis App\data_pipeline\data\event_review\candidate_event_clips\PERF-005\PERF-005_event_0041_PERF-005-CAND-0041.wav,yes,LONG_WEAK,accepted_after_clip_review,Von Jethro E. Landicho,Accepted as usable candidate event; token assigned from IOI and normalized onset strength.,LONG,WEAK,IOI tertile + onset-strength tertile; first event per recording uses START,yes,ensemble_event_review(3).csv
PERF-005-CAND-0042,PERF-005,PERF-005_SDNG_SNDG_Gangsa_ENSEMBLE05.wav,C:\Users\vonje\Documents\4th Year Acts\Thesis\Latest Requirements\Thesis App\data_pipeline\data\working_audio\ensembles\PERF-005_SDNG_SNDG_Gangsa_ENSEMBLE05.wav,42,40.414331,40.414331,0.8823579999999964,0.026256,PERF-005_event_0042_PERF-005-CAND-0042.wav,C:\Users\vonje\Documents\4th Year Acts\Thesis\Latest Requirements\Thesis App\data_pipeline\data\event_review\candidate_event_clips\PERF-005\PERF-005_event_0042_PERF-005-CAND-0042.wav,yes,MEDIUM_WEAK,accepted_after_clip_review,Von Jethro E. Landicho,Accepted as usable candidate event; token assigned from IOI and normalized onset strength.,MEDIUM,WEAK,IOI tertile + onset-strength tertile; first event per recording uses START,yes,ensemble_event_review(3).csv
PERF-005-CAND-0043,PERF-005,PERF-005_SDNG_SNDG_Gangsa_ENSEMBLE05.wav,C:\Users\vonje\Documents\4th Year Acts\Thesis\Latest Requirements\Thesis App\data_pipeline\data\working_audio\ensembles\PERF-005_SDNG_SNDG_Gangsa_ENSEMBLE05.wav,43,41.842358,41.842358,1.4280270000000002,0.015707,PERF-005_event_0043_PERF-005-CAND-0043.wav,C:\Users\vonje\Documents\4th Year Acts\Thesis\Latest Requirements\Thesis App\data_pipeline\data\event_review\candidate_event_clips\PERF-005\PERF-005_event_0043_PERF-005-CAND-0043.wav,yes,LONG_WEAK,accepted_after_clip_review,Von Jethro E. Landicho,Accepted as usable candidate event; token assigned from IOI and normalized onset strength.,LONG,WEAK,IOI tertile + onset-strength tertile; first event per recording uses START,yes,ensemble_event_review(3).csv
PERF-005-CAND-0044,PERF-005,PERF-005_SDNG_SNDG_Gangsa_ENSEMBLE05.wav,C:\Users\vonje\Documents\4th Year Acts\Thesis\Latest Requirements\Thesis App\data_pipeline\data\working_audio\ensembles\PERF-005_SDNG_SNDG_Gangsa_ENSEMBLE05.wav,44,43.572245,43.572245,1.729887000000005,0.017745,PERF-005_event_0044_PERF-005-CAND-0044.wav,C:\Users\vonje\Documents\4th Year Acts\Thesis\Latest Requirements\Thesis App\data_pipeline\data\event_review\candidate_event_clips\PERF-005\PERF-005_event_0044_PERF-005-CAND-0044.wav,yes,LONG_WEAK,accepted_after_clip_review,Von Jethro E. Landicho,Accepted as usable candidate event; token assigned from IOI and normalized onset strength.,LONG,WEAK,IOI tertile + onset-strength tertile; first event per recording uses START,yes,ensemble_event_review(3).csv
PERF-005-CAND-0045,PERF-005,PERF-005_SDNG_SNDG_Gangsa_ENSEMBLE05.wav,C:\Users\vonje\Documents\4th Year Acts\Thesis\Latest Requirements\Thesis App\data_pipeline\data\working_audio\ensembles\PERF-005_SDNG_SNDG_Gangsa_ENSEMBLE05.wav,45,44.129524,44.129524,0.5572790000000012,0.022782,PERF-005_event_0045_PERF-005-CAND-0045.wav,C:\Users\vonje\Documents\4th Year Acts\Thesis\Latest Requirements\Thesis App\data_pipeline\data\event_review\candidate_event_clips\PERF-005\PERF-005_event_0045_PERF-005-CAND-0045.wav,yes,SHORT_WEAK,accepted_after_clip_review,Von Jethro E. Landicho,Accepted as usable candidate event; token assigned from IOI and normalized onset strength.,SHORT,WEAK,IOI tertile + onset-strength tertile; first event per recording uses START,yes,ensemble_event_review(3).csv
PERF-005-CAND-0046,PERF-005,PERF-005_SDNG_SNDG_Gangsa_ENSEMBLE05.wav,C:\Users\vonje\Documents\4th Year Acts\Thesis\Latest Requirements\Thesis App\data_pipeline\data\working_audio\ensembles\PERF-005_SDNG_SNDG_Gangsa_ENSEMBLE05.wav,46,45.302132,45.302132,1.1726079999999968,0.023992,PERF-005_event_0046_PERF-005-CAND-0046.wav,C:\Users\vonje\Documents\4th Year Acts\Thesis\Latest Requirements\Thesis App\data_pipeline\data\event_review\candidate_event_clips\PERF-005\PERF-005_event_0046_PERF-005-CAND-0046.wav,yes,LONG_WEAK,accepted_after_clip_review,Von Jethro E. Landicho,Accepted as usable candidate event; token assigned from IOI and normalized onset strength.,LONG,WEAK,IOI tertile + onset-strength tertile; first event per recording uses START,yes,ensemble_event_review(3).csv
PERF-005-CAND-0047,PERF-005,PERF-005_SDNG_SNDG_Gangsa_ENSEMBLE05.wav,C:\Users\vonje\Documents\4th Year Acts\Thesis\Latest Requirements\Thesis App\data_pipeline\data\working_audio\ensembles\PERF-005_SDNG_SNDG_Gangsa_ENSEMBLE05.wav,47,45.87102,45.87102,0.5688880000000012,0.016251,PERF-005_event_0047_PERF-005-CAND-0047.wav,C:\Users\vonje\Documents\4th Year Acts\Thesis\Latest Requirements\Thesis App\data_pipeline\data\event_review\candidate_event_clips\PERF-005\PERF-005_event_0047_PERF-005-CAND-0047.wav,yes,SHORT_WEAK,accepted_after_clip_review,Von Jethro E. Landicho,Accepted as usable candidate event; token assigned from IOI and normalized onset strength.,SHORT,WEAK,IOI tertile + onset-strength tertile; first event per recording uses START,yes,ensemble_event_review(3).csv
PERF-005-CAND-0048,PERF-005,PERF-005_SDNG_SNDG_Gangsa_ENSEMBLE05.wav,C:\Users\vonje\Documents\4th Year Acts\Thesis\Latest Requirements\Thesis App\data_pipeline\data\working_audio\ensembles\PERF-005_SDNG_SNDG_Gangsa_ENSEMBLE05.wav,48,46.439909,46.439909,0.5688889999999986,0.015501,PERF-005_event_0048_PERF-005-CAND-0048.wav,C:\Users\vonje\Documents\4th Year Acts\Thesis\Latest Requirements\Thesis App\data_pipeline\data\event_review\candidate_event_clips\PERF-005\PERF-005_event_0048_PERF-005-CAND-0048.wav,yes,SHORT_WEAK,accepted_after_clip_review,Von Jethro E. Landicho,Accepted as usable candidate event; token assigned from IOI and normalized onset strength.,SHORT,WEAK,IOI tertile + onset-strength tertile; first event per recording uses START,yes,ensemble_event_review(3).csv
PERF-005-CAND-0049,PERF-005,PERF-005_SDNG_SNDG_Gangsa_ENSEMBLE05.wav,C:\Users\vonje\Documents\4th Year Acts\Thesis\Latest Requirements\Thesis App\data_pipeline\data\working_audio\ensembles\PERF-005_SDNG_SNDG_Gangsa_ENSEMBLE05.wav,49,48.738685,48.738685,2.2987759999999966,0.017762,PERF-005_event_0049_PERF-005-CAND-0049.wav,C:\Users\vonje\Documents\4th Year Acts\Thesis\Latest Requirements\Thesis App\data_pipeline\data\event_review\candidate_event_clips\PERF-005\PERF-005_event_0049_PERF-005-CAND-0049.wav,yes,LONG_WEAK,accepted_after_clip_review,Von Jethro E. Landicho,Accepted as usable candidate event; token assigned from IOI and normalized onset strength.,LONG,WEAK,IOI tertile + onset-strength tertile; first event per recording uses START,yes,ensemble_event_review(3).csv
PERF-005-CAND-0050,PERF-005,PERF-005_SDNG_SNDG_Gangsa_ENSEMBLE05.wav,C:\Users\vonje\Documents\4th Year Acts\Thesis\Latest Requirements\Thesis App\data_pipeline\data\working_audio\ensembles\PERF-005_SDNG_SNDG_Gangsa_ENSEMBLE05.wav,50,49.899683,49.899683,1.1609980000000064,0.018168,PERF-005_event_0050_PERF-005-CAND-0050.wav,C:\Users\vonje\Documents\4th Year Acts\Thesis\Latest Requirements\Thesis App\data_pipeline\data\event_review\candidate_event_clips\PERF-005\PERF-005_event_0050_PERF-005-CAND-0050.wav,yes,LONG_WEAK,accepted_after_clip_review,Von Jethro E. Landicho,Accepted as usable candidate event; token assigned from IOI and normalized onset strength.,LONG,WEAK,IOI tertile + onset-strength tertile; first event per recording uses START,yes,ensemble_event_review(3).csv
PERF-005-CAND-0051,PERF-005,PERF-005_SDNG_SNDG_Gangsa_ENSEMBLE05.wav,C:\Users\vonje\Documents\4th Year Acts\Thesis\Latest Requirements\Thesis App\data_pipeline\data\working_audio\ensembles\PERF-005_SDNG_SNDG_Gangsa_ENSEMBLE05.wav,51,50.480181,50.480181,0.5804979999999986,0.019752,PERF-005_event_0051_PERF-005-CAND-0051.wav,C:\Users\vonje\Documents\4th Year Acts\Thesis\Latest Requirements\Thesis App\data_pipeline\data\event_review\candidate_event_clips\PERF-005\PERF-005_event_0051_PERF-005-CAND-0051.wav,yes,MEDIUM_WEAK,accepted_after_clip_review,Von Jethro E. Landicho,Accepted as usable candidate event; token assigned from IOI and normalized onset strength.,MEDIUM,WEAK,IOI tertile + onset-strength tertile; first event per recording uses START,yes,ensemble_event_review(3).csv
PERF-005-CAND-0052,PERF-005,PERF-005_SDNG_SNDG_Gangsa_ENSEMBLE05.wav,C:\Users\vonje\Documents\4th Year Acts\Thesis\Latest Requirements\Thesis App\data_pipeline\data\working_audio\ensembles\PERF-005_SDNG_SNDG_Gangsa_ENSEMBLE05.wav,52,51.06068,51.06068,0.5804989999999961,0.01954,PERF-005_event_0052_PERF-005-CAND-0052.wav,C:\Users\vonje\Documents\4th Year Acts\Thesis\Latest Requirements\Thesis App\data_pipeline\data\event_review\candidate_event_clips\PERF-005\PERF-005_event_0052_PERF-005-CAND-0052.wav,yes,MEDIUM_WEAK,accepted_after_clip_review,Von Jethro E. Landicho,Accepted as usable candidate event; token assigned from IOI and normalized onset strength.,MEDIUM,WEAK,IOI tertile + onset-strength tertile; first event per recording uses START,yes,ensemble_event_review(3).csv
PERF-005-CAND-0053,PERF-005,PERF-005_SDNG_SNDG_Gangsa_ENSEMBLE05.wav,C:\Users\vonje\Documents\4th Year Acts\Thesis\Latest Requirements\Thesis App\data_pipeline\data\working_audio\ensembles\PERF-005_SDNG_SNDG_Gangsa_ENSEMBLE05.wav,53,57.980227,57.980227,6.9195470000000014,0.018631,PERF-005_event_0053_PERF-005-CAND-0053.wav,C:\Users\vonje\Documents\4th Year Acts\Thesis\Latest Requirements\Thesis App\data_pipeline\data\event_review\candidate_event_clips\PERF-005\PERF-005_event_0053_PERF-005-CAND-0053.wav,yes,LONG_WEAK,accepted_after_clip_review,Von Jethro E. Landicho,Accepted as usable candidate event; token assigned from IOI and normalized onset strength.,LONG,WEAK,IOI tertile + onset-strength tertile; first event per recording uses START,yes,ensemble_event_review(3).csv
PERF-005-CAND-0054,PERF-005,PERF-005_SDNG_SNDG_Gangsa_ENSEMBLE05.wav,C:\Users\vonje\Documents\4th Year Acts\Thesis\Latest Requirements\Thesis App\data_pipeline\data\working_audio\ensembles\PERF-005_SDNG_SNDG_Gangsa_ENSEMBLE05.wav,54,58.595556,58.595556,0.6153290000000027,0.025543,PERF-005_event_0054_PERF-005-CAND-0054.wav,C:\Users\vonje\Documents\4th Year Acts\Thesis\Latest Requirements\Thesis App\data_pipeline\data\event_review\candidate_event_clips\PERF-005\PERF-005_event_0054_PERF-005-CAND-0054.wav,yes,MEDIUM_WEAK,accepted_after_clip_review,Von Jethro E. Landicho,Accepted as usable candidate event; token assigned from IOI and normalized onset strength.,MEDIUM,WEAK,IOI tertile + onset-strength tertile; first event per recording uses START,yes,ensemble_event_review(3).csv
PERF-005-CAND-0055,PERF-005,PERF-005_SDNG_SNDG_Gangsa_ENSEMBLE05.wav,C:\Users\vonje\Documents\4th Year Acts\Thesis\Latest Requirements\Thesis App\data_pipeline\data\working_audio\ensembles\PERF-005_SDNG_SNDG_Gangsa_ENSEMBLE05.wav,55,59.164444,59.164444,0.5688880000000012,0.01742,PERF-005_event_0055_PERF-005-CAND-0055.wav,C:\Users\vonje\Documents\4th Year Acts\Thesis\Latest Requirements\Thesis App\data_pipeline\data\event_review\candidate_event_clips\PERF-005\PERF-005_event_0055_PERF-005-CAND-0055.wav,yes,SHORT_WEAK,accepted_after_clip_review,Von Jethro E. Landicho,Accepted as usable candidate event; token assigned from IOI and normalized onset strength.,SHORT,WEAK,IOI tertile + onset-strength tertile; first event per recording uses START,yes,ensemble_event_review(3).csv
PERF-005-CAND-0056,PERF-005,PERF-005_SDNG_SNDG_Gangsa_ENSEMBLE05.wav,C:\Users\vonje\Documents\4th Year Acts\Thesis\Latest Requirements\Thesis App\data_pipeline\data\working_audio\ensembles\PERF-005_SDNG_SNDG_Gangsa_ENSEMBLE05.wav,56,62.090159,62.090159,2.9257149999999967,0.016795,PERF-005_event_0056_PERF-005-CAND-0056.wav,C:\Users\vonje\Documents\4th Year Acts\Thesis\Latest Requirements\Thesis App\data_pipeline\data\event_review\candidate_event_clips\PERF-005\PERF-005_event_0056_PERF-005-CAND-0056.wav,yes,LONG_WEAK,accepted_after_clip_review,Von Jethro E. Landicho,Accepted as usable candidate event; token assigned from IOI and normalized onset strength.,LONG,WEAK,IOI tertile + onset-strength tertile; first event per recording uses START,yes,ensemble_event_review(3).csv
PERF-005-CAND-0057,PERF-005,PERF-005_SDNG_SNDG_Gangsa_ENSEMBLE05.wav,C:\Users\vonje\Documents\4th Year Acts\Thesis\Latest Requirements\Thesis App\data_pipeline\data\working_audio\ensembles\PERF-005_SDNG_SNDG_Gangsa_ENSEMBLE05.wav,57,62.659048,62.659048,0.5688889999999986,0.011982,PERF-005_event_0057_PERF-005-CAND-0057.wav,C:\Users\vonje\Documents\4th Year Acts\Thesis\Latest Requirements\Thesis App\data_pipeline\data\event_review\candidate_event_clips\PERF-005\PERF-005_event_0057_PERF-005-CAND-0057.wav,yes,SHORT_WEAK,accepted_after_clip_review,Von Jethro E. Landicho,Accepted as usable candidate event; token assigned from IOI and normalized onset strength.,SHORT,WEAK,IOI tertile + onset-strength tertile; first event per recording uses START,yes,ensemble_event_review(3).csv
PERF-005-CAND-0058,PERF-005,PERF-005_SDNG_SNDG_Gangsa_ENSEMBLE05.wav,C:\Users\vonje\Documents\4th Year Acts\Thesis\Latest Requirements\Thesis App\data_pipeline\data\working_audio\ensembles\PERF-005_SDNG_SNDG_Gangsa_ENSEMBLE05.wav,58,63.541406,63.541406,0.8823580000000035,0.020328,PERF-005_event_0058_PERF-005-CAND-0058.wav,C:\Users\vonje\Documents\4th Year Acts\Thesis\Latest Requirements\Thesis App\data_pipeline\data\event_review\candidate_event_clips\PERF-005\PERF-005_event_0058_PERF-005-CAND-0058.wav,yes,MEDIUM_WEAK,accepted_after_clip_review,Von Jethro E. Landicho,Accepted as usable candidate event; token assigned from IOI and normalized onset strength.,MEDIUM,WEAK,IOI tertile + onset-strength tertile; first event per recording uses START,yes,ensemble_event_review(3).csv
PERF-005-CAND-0059,PERF-005,PERF-005_SDNG_SNDG_Gangsa_ENSEMBLE05.wav,C:\Users\vonje\Documents\4th Year Acts\Thesis\Latest Requirements\Thesis App\data_pipeline\data\working_audio\ensembles\PERF-005_SDNG_SNDG_Gangsa_ENSEMBLE05.wav,59,64.412154,64.412154,0.870747999999999,0.022833,PERF-005_event_0059_PERF-005-CAND-0059.wav,C:\Users\vonje\Documents\4th Year Acts\Thesis\Latest Requirements\Thesis App\data_pipeline\data\event_review\candidate_event_clips\PERF-005\PERF-005_event_0059_PERF-005-CAND-0059.wav,yes,MEDIUM_WEAK,accepted_after_clip_review,Von Jethro E. Landicho,Accepted as usable candidate event; token assigned from IOI and normalized onset strength.,MEDIUM,WEAK,IOI tertile + onset-strength tertile; first event per recording uses START,yes,ensemble_event_review(3).csv
PERF-005-CAND-0060,PERF-005,PERF-005_SDNG_SNDG_Gangsa_ENSEMBLE05.wav,C:\Users\vonje\Documents\4th Year Acts\Thesis\Latest Requirements\Thesis App\data_pipeline\data\working_audio\ensembles\PERF-005_SDNG_SNDG_Gangsa_ENSEMBLE05.wav,60,65.294512,65.294512,0.8823579999999964,0.018641,PERF-005_event_0060_PERF-005-CAND-0060.wav,C:\Users\vonje\Documents\4th Year Acts\Thesis\Latest Requirements\Thesis App\data_pipeline\data\event_review\candidate_event_clips\PERF-005\PERF-005_event_0060_PERF-005-CAND-0060.wav,yes,MEDIUM_WEAK,accepted_after_clip_review,Von Jethro E. Landicho,Accepted as usable candidate event; token assigned from IOI and normalized onset strength.,MEDIUM,WEAK,IOI tertile + onset-strength tertile; first event per recording uses START,yes,ensemble_event_review(3).csv
PERF-005-CAND-0061,PERF-005,PERF-005_SDNG_SNDG_Gangsa_ENSEMBLE05.wav,C:\Users\vonje\Documents\4th Year Acts\Thesis\Latest Requirements\Thesis App\data_pipeline\data\working_audio\ensembles\PERF-005_SDNG_SNDG_Gangsa_ENSEMBLE05.wav,61,66.74576,66.74576,1.4512480000000068,0.026131,PERF-005_event_0061_PERF-005-CAND-0061.wav,C:\Users\vonje\Documents\4th Year Acts\Thesis\Latest Requirements\Thesis App\data_pipeline\data\event_review\candidate_event_clips\PERF-005\PERF-005_event_0061_PERF-005-CAND-0061.wav,yes,LONG_WEAK,accepted_after_clip_review,Von Jethro E. Landicho,Accepted as usable candidate event; token assigned from IOI and normalized onset strength.,LONG,WEAK,IOI tertile + onset-strength tertile; first event per recording uses START,yes,ensemble_event_review(3).csv
PERF-005-CAND-0062,PERF-005,PERF-005_SDNG_SNDG_Gangsa_ENSEMBLE05.wav,C:\Users\vonje\Documents\4th Year Acts\Thesis\Latest Requirements\Thesis App\data_pipeline\data\working_audio\ensembles\PERF-005_SDNG_SNDG_Gangsa_ENSEMBLE05.wav,62,69.032925,69.032925,2.2871650000000017,0.021817,PERF-005_event_0062_PERF-005-CAND-0062.wav,C:\Users\vonje\Documents\4th Year Acts\Thesis\Latest Requirements\Thesis App\data_pipeline\data\event_review\candidate_event_clips\PERF-005\PERF-005_event_0062_PERF-005-CAND-0062.wav,yes,LONG_WEAK,accepted_after_clip_review,Von Jethro E. Landicho,Accepted as usable candidate event; token assigned from IOI and normalized onset strength.,LONG,WEAK,IOI tertile + onset-strength tertile; first event per recording uses START,yes,ensemble_event_review(3).csv
PERF-005-CAND-0063,PERF-005,PERF-005_SDNG_SNDG_Gangsa_ENSEMBLE05.wav,C:\Users\vonje\Documents\4th Year Acts\Thesis\Latest Requirements\Thesis App\data_pipeline\data\working_audio\ensembles\PERF-005_SDNG_SNDG_Gangsa_ENSEMBLE05.wav,63,73.653696,73.653696,4.620770999999991,0.014154,PERF-005_event_0063_PERF-005-CAND-0063.wav,C:\Users\vonje\Documents\4th Year Acts\Thesis\Latest Requirements\Thesis App\data_pipeline\data\event_review\candidate_event_clips\PERF-005\PERF-005_event_0063_PERF-005-CAND-0063.wav,yes,LONG_WEAK,accepted_after_clip_review,Von Jethro E. Landicho,Accepted as usable candidate event; token assigned from IOI and normalized onset strength.,LONG,WEAK,IOI tertile + onset-strength tertile; first event per recording uses START,yes,ensemble_event_review(3).csv
PERF-005-CAND-0064,PERF-005,PERF-005_SDNG_SNDG_Gangsa_ENSEMBLE05.wav,C:\Users\vonje\Documents\4th Year Acts\Thesis\Latest Requirements\Thesis App\data_pipeline\data\working_audio\ensembles\PERF-005_SDNG_SNDG_Gangsa_ENSEMBLE05.wav,64,74.559274,74.559274,0.9055780000000055,0.031041,PERF-005_event_0064_PERF-005-CAND-0064.wav,C:\Users\vonje\Documents\4th Year Acts\Thesis\Latest Requirements\Thesis App\data_pipeline\data\event_review\candidate_event_clips\PERF-005\PERF-005_event_0064_PERF-005-CAND-0064.wav,yes,MEDIUM_MEDIUM,accepted_after_clip_review,Von Jethro E. Landicho,Accepted as usable candidate event; token assigned from IOI and normalized onset strength.,MEDIUM,MEDIUM,IOI tertile + onset-strength tertile; first event per recording uses START,yes,ensemble_event_review(3).csv
